DOAJ_ID,Title,Authors,Year,Journal,Country_Journal,DOI,URL,Abstract,Keywords,Database
0290d1d5f66349b689c0974f28694ae4,Trends and opportunities of using local sustainable building materials in the Middle East and North Africa region,Mohammed Sonebi; Ahmed Abdalqader; Sofiane Amziane; Leonid Dvorkin; Elhem Ghorbel; Said Kenai; Jamal  Khatib; Natalia Lushnikova; Arnaud Perrot,2022,RILEM Technical Letters,FR,10.21809/rilemtechlett.2022.169,http://letters.rilem.net/index.php/rilem/article/view/169,"
In recent decades, most of construction activities have been taking place in developing countries such as the Middle East and North Africa region. The expansion in infrastructure has great impact in the technological, social, economic and environmental transformation of this region. Construction sector contribution to Gross Domestic Product (GDP) varies throughout the region and ranges between 2-10%. Currently, sustainable construction requires integrated and comprehensive sustainable design including careful choice of materials and methods. Materials that are locally available and require less energy to produce and transport would pave the way to more sustainable practices. Many countries in the region have realised the benefits of using local building materials on the economy, society and environment. This paper outlines the key trends and opportunities of using sustainable and affordable local building materials in the region to respond to the global climate change crisis and to promote more sustainable and environmentally friendly practices. The current practice of using various building materials such as bio-based materials, treated municipal solid waste incineration bottom ash (MSWI-BA), construction and demolition waste, gypsum-containing by-products (phosphorgypsum, FGD gypsum, borogypsum and others) and rammed earth will be reviewed. It is concluded that the use of these local building materials in construction activities would foster the development of the society. However, some of these materials are already developed and reached the implementation stage while most of them are still at R&D stage. Therefore, there is an urgent need for a comprehensive local and regional strategies to enhance the utilization of these materials.
",Bio-based Construction; Gypsum; Construction and Demolition Waste; 3D Earth Printing; Rammed Earth; Solid Waste Incineration Ash ,DOAJ
078bbb7c13a740b7b5762fcfc8d2d26f,"دراسة تحليلية لنظام تصنيف الهرم الأخضر المصرى وفقا لعناصر الاستدامة البيئية والاقتصادية والاجتماعية الثقافية ANALYTICAL STUDY OF THE EGYPTIAN GREEN PYRAMID CLASSIFICATION SYSTEM ACCORDING TO THE ELEMENTS OF ENVIRONMENTAL, ECONOMIC AND SOCIAL CULTURAL SUSTAINABILITY",,2019,Assiut University Bulletin for Environmental Researches,EG,10.21608/auber.2019.99886,https://auber.journals.ekb.eg/article_99886_97f2ea62826f5fc0341a2caa1ec8ef14.pdf,"ملخص البحث:  تمثل استراتيجية التنمية المستد​​امة رؤية مصر 2030 محطة أساسية في مسيرة التنمية الشاملة في مصر تربط الحاضر بالمستقبل، وقد تبنت الاستراتيجية مفهوم التنمية المستدامة کإطارعام يقصد به تحسين جودة الحياة في الوقت الحاضر بما لا يخل بحقوق الأجيال القادمة في حياة أفضل، ومن ثم يرتکز مفهوم التنمية الذي تتبناه الاستراتيجية على ثلاثة أبعاد رئيسية تشمل البعد الاقتصادي والبعد الاجتماعي والبعد البيئي(1). ونتيجة لذلک وعلى مدى العقدين الماضيين، عملت الحکومة المصرية بشکل غير مسبوق لتحسين کفاءة الطاقة ومعالجة انبعاثات غازات الدفيئة، وکان الدافع وراء هذا الجهد هو إدراک أن الزخم السکاني سيضع طلبات هائلة في نهاية المطاف على جميع قطاعات الدولة المصرية، وأن هذه المطالب من شأنها أن تحد بشکل کبير من النمو طويل الأجل للاقتصاد المصري، في ذلک الوقت، وقد أظهرت الدراسات التفصيلية العلاقة الوثيقة بين النمو السکاني والطاقة ، ولهذا السبب، بحث أصحاب المصلحة والمسئولون الحکوميون المصريون عن طرق للحد من استهلاک الطاقة وانبعاثات غازات الاحتباس الحراري، وبهذا المعنى کان تطوير قوانين بناء کفاءة الطاقة خطوة أولى حاسمة في تلک العملية، وکان تحديد المسارات البديلة نحو کفاءة الطاقة هو الخطوة الثانية(2). وفي يناير 2009 اتخذت خطوة کبيرة نحو الحد من استهلاک الطاقة من خلال إنشاء المجلس المصري للعمارة الخضراء Egyptian Green Building Council (EGBC), سعى المجلس إلى تحقيق عدة أهداف، أهمها تشجيع المستثمرين على اعتماد کود تحسين کفاءة استخدام الطاقة في المباني Building Energy Efficiency Certificates   BEECs، بالإضافة إلى بنود أخرى من الکودات التي تم إقرارها والمتعلقة بکفاءة استخدام الطاقة والمحافظة على البيئة، وفى ضوء ذلک أصبح البناء الأخضر الهدف المنشود لجميع مشاريع البناء الجديدة وستکون کودات کفاءة استخدام الطاقة فى المبانى هى المواد والأدوات وخارطة الطريق لتحقيق الهدف المنشود، وهو: تحسين حياة الشعب المصري والمساهمة في الحرکة العالمية نحو بيئة أکثر نظافة وتوفير الطاقة المتجددة من خلال تطبيق نهج البناء الأخضر(2)، وقد کانت الموافقة على وضع نظام تصنيف وطنى لتصنيف البناء الأخضر تحت مسمى "" الهرم الأخضر green pyramid rating system (GPRS) "" إجراء فورى لتفعيل دور هذا المجلس (3). لذلک تهدف الدراسة إلى  التحقق من مدى تحقيق نظام الهرم الأخضر المصرى لعناصر الاستدامة الأساسية البيئية والاقتصادية والاجتماعية الثقافية، والتى لا يمکن للاستدامة الحقيقية أن تتحقق إلا من خلال تحقيق التوازن بين هذه العناصر، حيث أن التقييم الجيد للاستدامة هو الذى يلبى العناصر الرئيسية للاستدامة سواء کانت (بيئية – اقتصادية – اجتماعية ثقافية)، أى يجب عدم تحقيق أى عنصر من العناصر على حساب الآخر، وذلک بهدف تطويره للوصول إلى أداة متعددة المعايير لتقييم استدامة المبانى بصفة عامة، والمبانى السکنية بصفة خاصة. ABSTRACT: The sustainable development strategy representing Egypt's vision 2030 is a critical milestone in the comprehensive development process in Egypt linking the present to the future. The strategy has adopted the concept of sustainable development as a framework intended to improve the quality of life at the present time without detriment to the rights of future generations for a better life. The concept of development adopted by this strategy is based on three main dimensions, including the economic, social, and environmental dimensions. As a result, in January 2009, a major step was taken towards reducing energy consumption through the establishment of the Egyptian Green Building Council (EGBC). The Council sought to achieve several goals, the most important of which was to encourage investors to adopt a code to improve energy efficiency in buildings ‘Building Energy Efficiency Certificates’ (BEECs), in addition to other items of approved codes related to energy efficiency and environmental conservation. In that light, green construction has become the desired goal for all new construction projects. Energy efficiency codes in buildings will be materials, tools and a roadmap to achieve the desired goal, which is: improving the life of the Egyptian people, contributing to the global movement towards a cleaner environment, and the provision of renewable energy through the application of the green building approach. The approval to establish a national classification system to classify the green building under the name ""Green Pyramid Rating System (GPRS)"" was an immediate action to activate the role of this council Accordingly, this study aims to verify the extent to which the Egyptian Green Pyramid System achieved the basic environmental, economic, and social cultural sustainability elements. Real sustainability can only be achieved through achieving a balance between these elements, as good assessment of sustainability addresses the requirements of the main elements of sustainability, whether they are (environmental, economic, or socio-cultural). None of these elements should be achieved at the expense of the other, with the aim of developing it to reach a multi-criteria tool for assessing the sustainability of buildings in general and residential buildings in particular.",الاستدامة; عناصر الاستدامة - نظام الهرم الأخضر المصرى. Sustainability - Elements of Sustainability - The Egyptian Green Pyramid System,DOAJ
1124f0d9e6c9445bb36cdf6644c90071,Fracture and Toughening of Mycelium-based Biocomposites,Precious O. Etinosa; Ali A. Salifu; Sarah Osafo; Stanley C. Eluu; John D. Obayemi; Winston O. Soboyejo,2024,Materials & Design,GB,10.1016/j.matdes.2023.112592,http://www.sciencedirect.com/science/article/pii/S0264127523010080,"This study presents a combined experimental and analytical study of the fracture behavior and toughening mechanisms of bioprocessed mycelium-based biocomposites. The composites comprise hemicellulose hemp ducts (as nutritional and reinforcing components) intertwined with increasing weight percentages of laterite particles. Single-edge notched fracture experiments and in-situ observations of crack growth were used to explore the effects of varying proportions of laterite on the composite resistance-curve behavior. The toughening mechanisms, fracture modes, and crack-microstructure interactions were also elucidated. Since crack-bridging and crack-deflection were observed to be the dominant toughening mechanisms, they were modeled using fracture mechanics approaches. Crack-bridging was shown to dominate the toughening at lower weight fractions of laterite (0–20 wt%). However, as the laterite content increases (20–40 wt%), a combination of crack-bridging and crack-deflection was observed. Finally, at higher laterite weight fractions (>40 wt%), crack-tip shielding occurred primarily via crack deflection. The fracture mechanics predictions of resistance-curve behavior are shown to be consistent with the experimental measurements. The results suggest that mycelium-based and mycelium-laterite composites can be engineered with tunable fracture toughness. The implications of the results are also discussed for the development of sustainable building materials.",Crack-microstructure interactions; Fracture mechanics; Fracture modes; Mycelium-based biocomposites; Resistance-curve behavior; Toughening mechanisms,DOAJ
1b5beeb4253c437894b80c3e2fc67103,A BIM-Based Tool for Assessing Sustainability in Buildings Using the Green Pyramid Rating System,Mohamed Marzouk; Reham Thabet,2023,Buildings,CH,10.3390/buildings13051274,https://www.mdpi.com/2075-5309/13/5/1274,"Green construction management is an approach that aims to promote sustainable solutions in building design and construction. However, the complexity and variability in design scenarios often pose challenges to implementing these practices effectively. This study proposes a collaborative framework for green construction management that leverages automated and semi-automated simulations to facilitate performance-based decision making. The framework utilizes the green pyramid rating system (GPRS) as a third-party certification assessment provider. It employs various BIM analysis software tools, including Dynamo codes in Autodesk Revit and add-in plug-ins using Revit API, to extract information and parameters from the BIM model. The data are used to perform quantitative calculations and comprehensive analysis that aid decision makers in investigating, analyzing, improving, and assessing sustainability aspects throughout the project. The proposed framework enables a structured approach to green construction management that incorporates the building variable consecutive level of details/development (LOD) and life cycle phases. A case study of an office building in the new administrative capital in Egypt demonstrates the effectiveness of the framework in promoting sustainable solutions. The collaborative framework for interoperability design decisions proposed in this study provides a valuable tool for implementing green construction management practices. The use of automated and semi-automated simulations, following the GPRS, helps to ensure that sustainable solutions are advocated, interrogated, and refined throughout the project. The framework’s structured approach enables decision makers to investigate, analyze, improve, and assess sustainability aspects effectively.",sustainability; construction projects assessment; design phase; building information modeling; green pyramids rating system,DOAJ
2368dc842046494c8e454092dfad7b71,A comprehensive review on coal fly ash and its application in the construction industry,S. E. Kelechi; Musa Adamu; O. A. U. Uche; I. P. Okokpujie; Yasser E. Ibrahim; I. I. Obianyo,2022,Cogent Engineering,GB,10.1080/23311916.2022.2114201,https://www.tandfonline.com/doi/10.1080/23311916.2022.2114201,"Coal fly ash (CFA) is a coal ignition buildup at thermal power plants, which has been viewed as a hazardous waste globally. The major problems with CFA are the large volume of land needed for its disposal and poisonous weighty metal sifted to groundwater. CFA has been considered a waste and water pollutant until recently; however, CFA is a helpful material and has shown its useful value, especially in the construction industry. This review paper aims to evaluate CFA properties and validate its utilization in the construction industry to save the planet from damages associated with its disposal. The current paper surveys the potential uses of CFA as a crude material in the construction industry in catalysis, soil stabilization and replacement, brick production, cement replacement highway embankment, bricks construction, material for soil replacement and stabilization, and dams, asphalt pavement, and road construction. This review was conducted through systematic consultation of mostly recent relevant literature with a few old publications to evaluate the efficiency of CFA utilization in the construction industry. Moreover, all the literature rated CFA as a suitable material for use in the construction industry. A major drawback of CFA usage in concrete is the slow early strength development. However, this can be taken care of by accelerating the admixtures in the concrete mix. Future research tends towards production of CFA with more improved features suitable for advanced construction technology as in 3D printing construction. Conclusively, CFA is recommended for use in the construction industry based on its performance success recorded from the research findings reviewed in this paper.",coal fly ash; construction industry; waste utilization; supplementary green construction materials,DOAJ
23e8ce35c1424f9cb5399ff94a6116ab,"Scaling Up Green Building Practices in Tanzania: Integrating Materials, Energy Efficient Technologies, and Policy Pathways",Andrew Ikingura; Anna M. Grabiec; Bartosz Radomski; Artur Bugała,2025,Energies,CH,10.3390/en18236205,https://www.mdpi.com/1996-1073/18/23/6205,"This review explores the current state and future potential of green building technologies (GBTs) in Tanzania. Using a desk-based literature review and thematic synthesis, the study analyzes peer-reviewed articles, policy documents, and case studies to assess the application of material solutions, energy efficiency strategies, and water management practices in diverse country settings. The findings indicate that the most significant obstacles to the widespread adoption of green building technologies in Tanzania are the absence of mandatory regulatory frameworks, insufficient technical capacity, limited public awareness coupled with financial constraints, and weak institutional coordination. Technically, the most feasible pathway involves integrating locally sourced low-carbon materials and the adoption of climate responsive passive design strategies that are tailored to the country’s diverse climatic zones and socio-economic conditions. In order to address the identified setbacks, this paper proposes several strategic interventions including the formulation of context-specific green building standards, enhanced support mechanisms for local material innovation within the construction sector, targeted capacity-building programs, and the establishment of inclusive green financing schemes to support small-scale developers.",green buildings; smart building technologies; material solutions; energy efficiency; climate resilience; Tanzania,DOAJ
2555606a87934908b2c5f951e5c7beec,Hybrid fibre reinforcement of limestone calcined clay cement (LC3) mortar: An approach to optimised strength and fire resistance performance,Asmaa A. Selim; H. Shoukry; Mohamed S. Saif; Gamal E. Abdelaziz,2025,Next Materials,GB,10.1016/j.nxmate.2025.100925,http://www.sciencedirect.com/science/article/pii/S2949822825004435,"Green construction materials with enhanced fire resistance are a promising approach to improve fire safety and sustainability in the construction sector. Limestone Calcined Clay Cement (LC3) is a unique, innovative binder that incorporates calcined clay and limestone to replace clinker, reducing CO₂ emissions by up to 40 %. The LC3 has demonstrated mechanical and durability properties comparable to those of typical Portland Cement (OPC), thereby promoting sustainable infrastructure development. The fire resistance of LC3 composites is still a critical issue, especially when they are employed in constructions susceptible to high temperatures that could weaken them or cause them to explode. To address this issue, this study investigated the mechanical and fire-resistant performances of LC3-based mortars incorporating polypropylene (PP) fibre, basalt (BS) fibre, and their hybrid combinations (PP-BS). By replacing 60 wt% of OPC with a blend of metakaolin (MK) and limestone (LS) with MK:LS of 2:1, an eco-economic LC3 alternative binder has been prepared. PP and BS fibres have been added at various wt% percentages to LC3-based sand mortars. The compressive strength, flexural strength, and post-fire residual strength have been determined for LC3 mortars reinforced with PP, BS, and PP-BS fibres. After an hour of exposure to the ASTM E119 cellulosic fire curve, the LC3-plain mortar without fibre experienced complete failure, i.e., 0 % residual strength. However, the 0.3 % PP-reinforced LC3 mortar exhibited the best residual results, retaining 66.46 % and 18.78 % of its original compressive and flexural strength. Hybrid LC3 composites have also been prepared by adding BS fibres at different levels, ranging from 0.25 to 1.25 wt% to the 0.3 % PP-reinforced LC3 optimum mortar. While the BS-reinforced LC3 mortar experienced explosive failures under the rapid-fire exposure, the hybrid fibre-reinforced mortars demonstrated superior performance. The results suggest that hybrid fibre reinforcement offers a balanced solution, improving the overall mechanical properties and fire resistance compared to single-fibre and fibre-free systems.",Green binder; Polypropylene fibre; Basalt fibre; Fire resistance; Sustainability; Microstructure,DOAJ
25fb4a3f605e44c187cc3cc38f6c4c6c,Gene Expression Programming (GEP) Modelling of Sustainable Building Materials including Mineral Admixtures for Novel Solutions,Denise-Penelope N. Kontoni; Kennedy C. Onyelowe; Ahmed M. Ebid; Hashem Jahangir; Danial Rezazadeh Eidgahee; Atefeh Soleymani; Chidozie Ikpa,2022,Mining,CH,10.3390/mining2040034,https://www.mdpi.com/2673-6489/2/4/34,"In this study, the employment of the gene expression programming (GEP) technique in forecasting models on sustainable construction materials including mineral admixtures and civil engineering quantities (e.g., compressive strength), was investigated. Compared to the artificial neural networks (ANN) based formulations, which are often too complicated to be used, GEP-based derived models provide estimation equations that are reasonably simple and may be used for practical design purposes and even for hand calculations. Many popular models, such as best-fitted curves based on regression analyses, multi-linear regression (MLR), multinomial logistic regression (MNLR), and multinomial variate regression (MNVR), can also be used for construction materials properties modeling. However, due to the nonlinearity and complexity of the target properties, the models established using linear regression analyses may not reveal the precise behavior. Additionally, regression models lack generality, and this comes from the fact that some functions are defined for regression in classical regression techniques; while in the GEP approach, there is no predefined function to be considered, and it reproduces or omits various combinations of parameters to provide the formulation that fits the experimental outcomes. If the input parameters can be evaluated through simple laboratory or rapid measurements, and also a comprehensive experimental database is made available, the models can be constructed with optimal flexibility. Flexibility in choosing the complexity and fitness functions, such as RMSE, MAE, and MSE, might lead to better performance of the approach and well-capturing the governing pattern behind the material’s characteristics. There may be minor inaccuracies with this technique; however, the explicit mathematical expressions, which can be easily implemented in the design and analysis process, may cover the minor inaccuracies compared to ANN, support vector machine (SVM), and other intelligent approaches. Based on the presented study, sometimes it would be better to provide more than one GEP model and consider different combinations of input contributing variables to afford the possible initial feed for a more settled and comprehensive model. Mostly, GEP’s strengths as a superior machine learning technique in modeling the behavior of construction materials including mineral admixtures, leading to innovative solutions in civil engineering, have been presented.",gene expression programming (GEP); construction materials; mineral admixtures; concrete; soil; green admixtures,DOAJ
2bfdc54c9e3e43949375c434bfb6c2d2,Morphology and mineralogy of rice husk ash treated soil for green and sustainable landfill liner construction,Kennedy C. Onyelowe; Ifeyinwa I. Obianyo; Azikiwe P. Onwualu; Michael E. Onyia; Chima Moses,2021,Cleaner Materials,GB,10.1016/j.clema.2021.100007,http://www.sciencedirect.com/science/article/pii/S2772397621000071,"The morphology and mineralogy of the soil treated with rice husk ash (RHA) under different molding moisture conditions. Leachate condition in landfills built with compacted clay soil is damaging the underground water flow with the hazards released from disposed and decomposing waste materials. This makes landfills dangerous infrastructure. The leakage can be dealt with through the deployment of green materials developed from agricultural waste. One of such wastes is rice husk combusted to derive ash. The test soil used in this exercise has been classified as highly plastic and poorly graded. The treated soil was examined by scanning electron microscopy and x-ray diffractometer methods. From the test results, the presence of goethite alongside quartz and kaolinite were observed in the XRD (X-ray Diffraction) spectra of 6% and 10 % RHA treated soil. The Goethite possessing an inner needle-like structure with a closed packed striated structure makes the composite a promising material for constructing landfill liners. This is because the closed packed striated structure of the goethite present in the composite will slow down the vertical seepage of leachate to allow its collection and removal by the leachate collection system. The composite will form a barrier between groundwater, soil, and substrata, and waste. From the SEM (Scanning Electron Microscopy), the uniformly distributed grain boundaries and smaller grain size of the composite (lateritic soil and RHA) will serve as a barrier to the movement of contaminants and other leachates to the groundwater and thus, making the composite a viable material for landfill liner system.",Green Construction; Rice Husk Ash; Landfill Liner; Waste Containment; Microstructure; Morphological Arrangement,DOAJ
2ef631d326294993b7da00d68b4ca4ee,Appraisal of students' perceptions on green building concepts in a technical university,Divine Tuinese Novieto; Frank Kulor; Michael Wellington Apprey; Elom Ayeke,2023,Frontiers in Engineering and Built Environment,GB,10.1108/FEBE-08-2022-0034,https://www.emerald.com/insight/content/doi/10.1108/FEBE-08-2022-0034/full/pdf,"Purpose – The main goal of this study was to determine how students at Ho Technical University (HTU) viewed green construction approaches and the benefits green buildings may provide to Ghana's tertiary institutions to enhance quality of life. Design/methodology/approach – The institution's 350 participants were chosen using a random selection method. A standardised questionnaire was used to gather data, which was analysed using SPSS v.20 and presented in tables using descriptive statistics such as Likert scale analysis, weighted mean and relative importance index (RII). Findings – The study revealed that awareness of the green building principle is comparatively low amongst the survey participants. Participants agree that the University's green building adoption is high. Students cited decreased utility expenses, improved occupant productivity and cheaper operational costs as important benefits of green construction. Students' thoughts on hurdles to implementing green construction ideas at the University were the enormous price tag of green building technology (RII = 0.89), ignorance of demonstration projects and ignorance of information on green building principles (RII = 0.81). Originality/value – This is one of the first papers to study Ghanaian students' views on green buildings. This study adds to our understanding of students' thoughts on green building ideas. In addition, it sheds insight into their present awareness, which can help the university administration in Ghana design new paths for green building implementation.",Green building; Ho Technical University; Students; Adoption; Benefits and barriers,DOAJ
3008b1341dd246e89f7ca1cbf9a91b2a,Influence of Ventilation Openings on the Energy Efficiency of Metal Frame Modular Constructions in Brazil Using BIM,Mohammad K. Najjar; Luis Otávio Cocito De Araujo; Olubimbola Oladimeji; Mohammad Khalas; Karoline V. Figueiredo; Dieter Boer; Carlos A. P. Soares; Assed Haddad,2023,Eng,CH,10.3390/eng4020093,https://www.mdpi.com/2673-4117/4/2/93,"Construction projects demand a higher amount of energy predominantly for heating, ventilation, and illumination purposes. Modular construction has come into the limelight in recent years as a construction method that uses sustainable building materials and optimizes energy efficiency. Ventilation openings in buildings are designed to facilitate air circulation by naturally driven ventilation and could aid in reducing energy consumption in construction projects. However, a knowledge gap makes it difficult to propose the best dimensions of ventilation openings in buildings. Hence, the aim of this work is to empower the decision-making process in terms of proposing the best ventilation opening dimensions toward sustainable energy use and management in buildings. A novel framework is presented herein to evaluate the impact and propose the best dimensions of ventilation openings for metal frame modular construction in Brazil, using building information modeling. The ventilation openings were constructed and their dimensions evaluated in eight Brazilian cities, based on the bioclimatic zone (BioZ) classification indicated in ABNT NBR 15220: Curitiba (1st BioZ); Rio Negro (2nd BioZ); São Paulo (3rd BioZ); Brasília (4th BioZ); Campos (5th BioZ); Paranaíbe (6th BioZ); Goiás (7th BioZ); and Rio de Janeiro (8th BioZ). The study results show that the energy consumption of the same building model would vary based on the dimensions of ventilation openings for each BioZ in Brazil. For instance, modeling the same modular construction unit in the city of Rio Negro could consume around 50% of the energy compared to the same unit constructed in the city of Rio de Janeiro, using the small opening sizes based on the smallest dimensions of the ventilation openings. Similarly, modeling the construction unit in Curitiba, São Paulo, Brasília, Campos, Paranaíba, and Goiás could reduce energy consumption by around 40%, 34%, 36%, 18%, 20%, and 16%, respectively, compared to constructing the same building in the city of Rio de Janeiro, using the small opening sizes based on the smallest dimensions of the ventilation openings. This work could help practitioners and professionals in modular construction projects to design the best dimensions of the ventilation openings based on each BioZ towards increasing energy efficiency and sustainability.",modular construction; building information modeling; ventilation openings; energy efficiency,DOAJ
392320ff6557403f9e5ca1b615728b3d,Optimization and modeling of the insulating and mechanical properties of fired ceramics for sustainable construction,Abiola Oluwasogo Oyediran; Oluwatosin Abiodun Balogun; Ronke Boluwatife Balogun; Seun Ganiyu Mosuru; Abayomi Adewale Akinwande; Opeoluwa Israel Akinradewo,2024,Hybrid Advances,NL,10.1016/j.hybadv.2024.100310,http://www.sciencedirect.com/science/article/pii/S2773207X24001714,"The increasing demand for insulating bricks, driven by climate change and the rising costs of construction, has led to the exploration of alternative building materials. Clay, which is readily available in our environments, emerged as a viable option. When fired, it achieves sufficient stability to provide effective insulation. While numerous studies have experimented with various types of fired bricks, little attention has been given to modeling their results. This study evaluates the experimental outcomes obtained from the use of locally sourced bulk clay for building construction. Wood sawdust (WSD) was added as a pore former in proportions of 0, 1, 2, 3, 4, and 5 wt%, and firing was performed at 1200 °C and 1400 °C. The influence of these input variations on the properties of the clay bricks was assessed and analyzed using the response surface method. The results revealed that the input variables (WSD and firing temperature) significantly influenced the responses with p-values below 5 %. However, interactions between the input factors had a marginal effect on the outcomes. Optimal performance was achieved with 1.6 wt% WSD and a firing temperature of 1200 °C, demonstrating that the developed fired bricks are suitable for insulation in building construction under these optimal conditions.",Fired bricks; Insulating bricks; Low-cost housing; Sustainable building materials; Models; Pore former,DOAJ
3bb22af2faf9442295dc0db50c66d7d5,Analyzing sustainability behavior of building materials using system dynamics and decision-making techniques,Omnia Osama; Shimaa Azab; Mohamed Marzouk,2025,Case Studies in Construction Materials,GB,10.1016/j.cscm.2025.e05545,http://www.sciencedirect.com/science/article/pii/S2214509525013439,"The construction industry is a major contributor to environmental degradation, primarily through greenhouse gas emissions and resource consumption. To address these challenges, this research develops a comprehensive framework for selecting sustainable building materials that minimize environmental impact and support climate change mitigation. The proposed methodology is structured into three key stages: (1) identification of sustainability criteria, (2) simulation of sustainability behavior, and (3) selection of sustainable strategies. In the first stage, 27 sustainability parameters were identified through a systematic review of literature and rating systems. These parameters were evaluated using a structured questionnaire distributed to 70 construction experts, applying a 5-point Likert scale. Statistical analyses, including Confirmatory Factor Analysis (CFA) and factor loading, were used to assess reliability and validity, resulting in the elimination of 11 parameters and the result of 16 key criteria. The second stage involves developing a System Dynamics (SD) model to simulate the performance of building material alternatives against selected sustainability criteria. The model evaluates materials based on five key criteria: carbon emissions, energy savings, material cost, resource-use efficiency, and waste reduction. These criteria align with Sustainable Development Goals (SDG) 9 and SDG 12. In the final stage, the Best-Worst Method (BWM) and the Technique for Order Preference by Similarity to Ideal Solution (TOPSIS) are integrated to prioritize and select the most suitable sustainable material strategy. The study evaluates five alternative material scenarios in comparison to a base case. As part of this process, a sustainability guide is developed, outlining the sustainability scores associated with each material alternative. Among the five scenarios, Scenario 3 emerges as the most sustainable option. This scenario comprises the use of reused steel, rapidly renewable wood, prefabricated gypsum board, and cast-in-place concrete. This combination achieves the highest overall sustainability score, demonstrating strong potential for supporting climate-conscious construction practices. The framework is validated through a case study of a healthcare facility in Suez, Egypt, demonstrating its applicability for real-world decision-making in sustainable construction practices.",Sustainable building materials; System dynamics modeling; Causal loop diagram; Sustainable development goals; Decision-making techniques; Best-worst method,DOAJ
3f820d131b0049178f7894d27c20217c,Critical Success Factors of Green Project Management for Sustainable Housing,Dina Khater; A. Ezeldin; Medhat Elshazly,2020,EAI Endorsed Transactions on Smart Cities,SK,10.4108/eai.13-7-2018.164857,https://eudl.eu/pdf/10.4108/eai.13-7-2018.164857,"The growing demand for green construction, which is associated with increased perceptions of the risks associated with going green, highlights the need for a standard or benchmark that should be identified for project management practices to ensure successful sustainable urban development, assess its progress and report the results. The article argues that this would require a rephrasing of the project management processes as the execution of green building projects requires changes to the traditional project management aspects. Therefore, the article will address the significant changes needed for project management practices that are appropriate to provide procedural parameters to a green building project. Based on this perspective, the article explores the integration of concepts of sustainability into knowledge areas and processes of project management and how it can be used as a tool to sustainably implement the construction projects. The article results to reach the critical success factors of a work plan which is introduced as a Guide Model. The introduced Guide Model was validated to ensure the integration of sustainability into the management of sustainable development and fast track mega projects, called Green Project Management (GPM) with Egyptian sustainable development in the housing sector as the case study.",green project management; sustainable; housing; critical success factors,DOAJ
3f8ced14e4ef46668cc10f3eea3b1321,"Incentivizing green building technology: A financial perspective on sustainable development in India [version 2; peer review: 2 approved, 1 approved with reservations]",Tilottama Singh; Richa Goel; Neeraj Priyadarshi; Bhekisipho Twala; Rajesh singh; Rakesh Kumar,2024,F1000Research,GB,10.12688/f1000research.154056.2,https://f1000research.com/articles/13-924/v2,"Future viability depends on ensuring a sustainable society because green energy methods may efficiently reduce greenhouse gas emissions. Nevertheless, stakeholders, consumers, and developers continue to be notably ignorant of the financial incentives connected to green technology. Moreover, there is still a dearth of studies on the range of financial incentives offered by different authorities in India. Monetary incentives, such as tax breaks, indirect tax exemptions, and refunds, are crucial in encouraging the use of green technology in the modern world. This study explores the importance of financial incentives for green building technologies in India, which also looks at the wide range of incentives provided by federal, state, and local governments. Furthermore, the study highlights various state government programs such as goods subsidies, exemptions from local taxes, and fee waivers. Notably, several incentives aimed at consumers, developers, and other stakeholders have been implemented by the Indian Green Building Council (IGBC). This review study emphasizes the effectiveness of financial incentives in green construction projects and draws attention to a clear knowledge gap regarding the adoption of green technology. This study also provides insights into potential future directions. Studies and research results emphasize the importance of spreading the word about financial incentives as a key factor in determining the adoption of green technologies. Many parties, including governmental organizations, municipal governments, developers, and clients engaged in green building technology projects, stand to gain increased awareness.",Financial incentive;  Green Building;  Renewable energy;  Technology;  Government ; eng,DOAJ
442701dde7324f9e8a8740842e217253,Green site practices and environmental performance: how project complexity moderates the relationship,Hilary Omatule Onubia; Nor'Aini Yusof; Ahmad Sanusi Hassan,2019,Construction Economics and Building,AU,10.5130/AJCEB.v19i1.6574,https://epress.lib.uts.edu.au/journals/index.php/AJCEB/article/view/6574,"The characteristics of a project that makes it hard to understand, predict, and manage its general behavior despite the availability of required information relating to the project dynamics is referred to as project complexity. A good knowledge of project complexity at the construction phase of a project, as well as a well thought out plan to manage complexity will determine how proficiently construction projects are planned, managed, and executed in an environmentally friendly manner. The level of complexity of construction projects to a large extent determines the performance or otherwise of the projects with regards to achieving specific environmental standards. At construction sites, the effects of adopting green site practices on environmental performance is largely dependent on the level of complexity inherent in the project’s construction processes. This study investigates the moderating effects of project complexity on the relationship between various green construction site practices and environmental performance of construction projects. A survey was conducted on class A contractors in Nigeria and 168 usable responses were received. The data were analyzed using the partial least squares structural equation modelling technique. The results show that project complexity moderates the relationship between waste management and environmental performance, and the relationship between materials management and environmental performance. But project complexity does not moderate the relationship between energy management and environmental performance. The study provides important theoretical and practical information for construction managers in understanding the dynamics involved in managing of projects with different degrees of complexity, while adopting certain green site practices with the aim of delivering projects with high degree of environmental performance.","Waste management, Materials management, Energy management, Environmental performance, Project complexity, Green site practices.",DOAJ
4498b48a6aae4695a0ea039bc7a5a3bb,"Causality between challenges, availability, and extent of use of local building materials",Abimbola Windapo; Oluseye Olugboyega; Francesco Pomponi; Alireza Moghayedi; Fidelis Emuze,2022,South African Journal of Science,ZA,10.17159/sajs.2022/9534,https://sajs.co.za/article/view/9534,"
The promotion of sustainable practice in construction has resulted in a renewed focus on local building materials (LBMs). However, existing studies have not provided an extensive understanding of the challenges in the use and awareness of the availability of LBMs. In this study, we examine the challenges in the use and awareness of the availability and environmental performance of LBMs in South Africa. Based on a review of related literature, a questionnaire survey was undertaken to collect data from stakeholders in the construction industry. Structural equation modelling was conducted to validate the causality between the constructs. We found that the negative impacts of the challenges in the use of LBMs significantly reduce if stakeholders are aware of the environmental performance of LBMs in South Africa. The extent of the use of LBMs will increase with an awareness of their environmental performance and availability. Acquisition of the technical knowledge associated with LBM-based construction processes and recognition of the use of LBMs for building projects in building requirements and regulations are recommended.


Significance:


The study provides an understanding of the challenges in using LBMs linked to construction stakeholder awareness of their availability and environmental performance. This understanding will promote the use of LBMs in the construction industry and provide a valuable reference for stakeholders in decision-making and policymaking on their use.


Open data set: https://www.surveymonkey.com/results/SM-Vm1nXDEihk6TpMOUAxrxSg_3D_3D/
",climate; environmental performance; local building materials; sustainable building materials,DOAJ
4814c549c0554c689ebd63ef30a7f334,Alkali activation of compacted termite mound soil for eco-friendly construction materials,"Assia Aboubakar Mahamat; Ifeyinwa Ijeoma Obianyo; Blasuis Ngayakamo; Numfor Linda Bih; Olugbenga Ayeni; Salifu T. Azeko; Holmer Savastano, Jr.",2021,Heliyon,GB,10.1016/j.heliyon.2021.e06597,http://www.sciencedirect.com/science/article/pii/S2405844021007003,"This investigation prospects the feasibility of optimizing the mechanical behavior and dimensional stability of termite's mound soil through alkaline activation. The raw aluminosilicate (termites' soil) was used without any pre-thermal treatment and natural occurring potash was used as the alkaline activator. Different activation level and different initial curing temperature were adopted to examine the effect of the initial temperature and the activator concentration on the Alkali Activated Termite Soil (AATS). Similarly, Scanning Electron Microscopy (SEM)/Energy Dispersive X-ray Spectroscopy (EDS), X-ray Diffraction (XRD) and Fourier Transform Infra-Red Spectroscopy (FTIR) were conducted to characterize the microstructure, to determine the crystallinity of the constituents and to identify the functional groups present within the specimens. These characterizations were carried out on the specimens at 15 days after their moulding. The compressive strength was determined for 7, 15 and 90 days to illuminate the fundamental of the optimization process. Results showed that the optimal initial curing temperature was 60°C for the oven-dry regime at 3wt% activator with compressive strength of 2.56, 4.38 and 7.79 MPa at 7, 15 and 90 days respectively. From the mechanical performances results, the alkali stabilized termite's soil can be used as masonry elements predominantly submitted to compression. The repercussions of the results are analyzed for potential applications of the Alkaline Activation techniques as an environmental-friendly approach to obtain renewable and sustainable building materials at low cost with low energy consumption henceforth replicable in most of the regions.",Termite soil; Alkali activation; Dimensional stability; Microstructure; Macrostructure; Initial curing temperature,DOAJ
52f125bf3be24a97930f44710d4ab534,"Eco-friendly construction materials and health benefits in the design of an all-inclusive health resorts, Nigeria",Eghosa N. Ekhaese; Onyedikachukwu O. Ndimako,2023,Frontiers in Built Environment,CH,10.3389/fbuil.2023.1011759,https://www.frontiersin.org/articles/10.3389/fbuil.2023.1011759/full,"Health resort designs are health sanctuaries and a conducive treatment, healing, and wellness environment. In providing a health and wellness-beneficial environment, the material selection choices by health resort designers should conform to certain minimum specifications and standards. On this premise and SDG-based selection criteria, the study aims to investigate eco-friendly construction materials and their health benefits in an all-inclusive health resort design proposed for Port Harcourt, Nigeria. This study addressed three key objectives—Ascertaining the physical architectural features of health resorts, assessing the eco-friendly building material contribution to SDG attainment, and identifying the health benefits of eco-friendly building materials in the health resort. The researchers engaged the qualitative research method for the study, using a case study technique as a qualitative research design/strategy. The authors used three health resorts across three countries in the global south; China, India, and Brazil. The data collection instruments include; an in-depth interview guide In-depth Interviews (IDI), a direct observation guide, a checklist of green construction materials for health facilities and a qualitative photo-production study based on the essential features of a health resort checklist. The authors use content and narrative analyses to analyze data. Findings show that eco-friendly materials may be best suited for both exterior and interior works of health resort facilities. Wood, stone and concrete are the most preferred materials as they occur across all three case studies. The results align with current global trends towards eco-beneficial facilities. Adopting natural materials such as wood and stone for the Port Harcourt health resort would be expedient, given the health benefits inherent in using such eco-friendly materials and their alignment with the Sustainable Development Goals (SGD 11 and 13).",healing environment; wellness; health resort; healthcare design; eco-friendly construction materials,DOAJ
53e26dedcfd54e64b46823fca73651d5,Sustainability in the civil engineering and construction industry: A review,Michael Toryila Tiza,2022,Journal of Sustainable Construction Materials and Technologies,TR,,https://dergipark.org.tr/tr/download/article-file/2238181,"The negative consequences of construction may be minimized by using environmentally friendly construction techniques. The procurement and use of building materials and the chopping down of trees are only some of the various processes involved in construction. There are many ways construction works impact the environment. However, the bulk of traditional building methods has the most significant harmful impact on the ecosystem. For future generations, sustainable building techniques and practices must take priority over conventional ones. This study examines; the idea and substance of sustainable development, sustainable development's triple bottom line, the significance of triple bottom line to the construction industry, corporate sustainability and knowledge transfer, sustainability in construction works, how construction works affect the environment, environmental benefits of construction, barriers to sustainability in the construction industry, and recommended steps to sustainability in construction. The study also points out research gaps to be filled, recommendations and conclusions were derived from a review of the available research. The study found that a project's social sustainability success depends on meeting the requirements of a wide range of stakeholders.",sustainability; civil engineering; construction industry; green construction; green building.,DOAJ
598851a8bf9f4ea6b051d2460bede285,"Incentivizing green building technology: A financial perspective on sustainable development in India [version 1; peer review: 2 approved, 1 approved with reservations]",Tilottama Singh; Richa Goel; Neeraj Priyadarshi; Bhekisipho Twala; Rajesh singh; Rakesh Kumar,2024,F1000Research,GB,10.12688/f1000research.154056.1,https://f1000research.com/articles/13-924/v1,"Future viability depends on ensuring a sustainable society because green energy methods may efficiently reduce greenhouse gas emissions. Nevertheless, stakeholders, consumers, and developers continue to be notably ignorant of the financial incentives connected to green technology. Moreover, there is still a dearth of studies on the range of financial incentives offered by different authorities in India. Monetary incentives, such as tax breaks, indirect tax exemptions, and refunds, are crucial in encouraging the use of green technology in the modern world. This study explores the importance of financial incentives for green building technologies in India, which also looks at the wide range of incentives provided by federal, state, and local governments. Furthermore, the study highlights various state government programs such as goods subsidies, exemptions from local taxes, and fee waivers. Notably, several incentives aimed at consumers, developers, and other stakeholders have been implemented by the Indian Green Building Council (IGBC). This review study emphasizes the effectiveness of financial incentives in green construction projects and draws attention to a clear knowledge gap regarding the adoption of green technology. This study also provides insights into potential future directions. Studies and research results emphasize the importance of spreading the word about financial incentives as a key factor in determining the adoption of green technologies. Many parties, including governmental organizations, municipal governments, developers, and clients engaged in green building technology projects, stand to gain increased awareness.",Financial incentive;  Green Building;  Renewable energy;  Technology;  Government ; eng,DOAJ
5efc318741cd4bdb8769268927776bf5,"Emerging trends in sustainable building materials: Technological innovations, enhanced performance, and future directions",Ali Akbar Firoozi; Ali Asghar Firoozi; D.O. Oyejobi; Siva Avudaiappan; Erick Saavedra Flores,2024,Results in Engineering,NL,10.1016/j.rineng.2024.103521,http://www.sciencedirect.com/science/article/pii/S2590123024017729,"This study rigorously assesses the latest advancements in sustainable building materials, focusing on their classification, innovative production technologies, and performance metrics. We categorize sustainable materials into natural substances, such as bamboo and hemp; recycled products, like crushed concrete and recycled plastics; and innovative composites, including fiber-reinforced polymers. We emphasize the application of advanced manufacturing techniques such as 3D printing and automated fabrication, which significantly boost efficiency and minimize waste in the construction industry. These materials are critically evaluated using standards such as ASTM for mechanical properties and ISO for environmental impacts, affirming their practical viability and durability. However, the adoption of these materials faces obstacles like high initial costs, technical integration challenges, and stringent regulatory frameworks. We provide specific examples, such as the economic impact of switching to bio-based composites and the technical adjustments required for incorporating recycled plastics into structural applications. Looking forward, this paper delves into prospects and research directions, highlighting the need for scalability and integration into conventional construction practices to fully harness the potential of these sustainable materials. This work underscores the vital role of sustainable materials in fostering environmentally friendly and resilient built environments, advocating for continued research and interdisciplinary collaboration to navigate existing challenges and achieve widespread implementation.",Sustainable material innovations; Green building technologies; Additive manufacturing in construction; Environmental impact Standards; Construction industry Sustainability,DOAJ
61219434f5ec4e58880e562c9660e6dc,Sustainable building processes’ challenges and strategies: The relative important index approach,Joshua Ayarkwa; De-Graft Joe Opoku; Prince Antwi-Afari; Rita Yi Man Li,2022,Cleaner Engineering and Technology,GB,10.1016/j.clet.2022.100455,http://www.sciencedirect.com/science/article/pii/S266679082200060X,"Sustainability has been increasingly advocated by the global construction industry due to the need to minimise the industry’s adverse impacts. An important area when focusing on sustainability is the issue of project management teams since they are involved from the project’s inception to its completion. Many studies have investigated and advocated a wide range of sustainability practices within the construction industry. However, little attention has been geared towards construction project management teams when addressing the issues of sustainability. This study aims to provide an empirical analysis of the challenges and mitigating strategies for enhancing project management teams’ readiness in the adoption of sustainable building processes. It does so by undertaking an extensive critical review of literature resulting in the identification of sixteen challenges and sixteen mitigation strategies and conducted a cross-sectional survey among 200 Ghanaian construction industry professionals. Data obtained from the survey was analysed using descriptive statistics and relative importance index rankings. The study revealed that inadequate training and education, unfamiliarity with green technologies, and higher initial costs of green construction practices and materials are the key challenges that hinder project management teams’ implementation of sustainable building processes. The study further revealed the significant mitigation strategies such as educating stakeholders on the future benefits of green buildings, engaging personnel with green building background, and setting sustainable priorities and goals early in the feasibility study. The value of this paper is to help project management teams to understand these challenges and strategize to turn them into opportunities for the construction industry.",Construction projects; Project management teams; Project success; Sustainable building processes; Developing countries,DOAJ
62a0356ccedb48e79f0404fb890fe7c2,An interpretive structural modeling approach to enablers of green supply chain management on construction projects,"Amade, Benedict",2021,Journal of Project Management,CA,10.5267/j.jpm.2021.1.003,http://www.growingscience.com/jpm/Vol6/jpm_2021_3.pdf,"The objective of this study is to understand and evaluate the interactions of the Green Supply Chain Management enablers from a construction project's perspective in Imo State, Nigeria. This paper discusses the mix of practical intuition and determination through an interpretive structural modeling (ISM)-driven methodology. Eight (8) enablers were identified from a literature review, expert consultation, and real-world examples. While Matrice d’Impacts croisesmultipication applique a classement analysis (MICMAC) was used to identify dependence and driving power, it was used as a way to understand the relationship between the enablers. The study found that strong, yet fragile, forces drive GSCM adoption, with enhanced awareness of GSCM, increased market appeal for green construction projects, and government support through incentives and tax rebates.",,DOAJ
63f8a49013d5492ca6320b4fcbeb6870,Green Building Materials Products and Service Market in the Construction Industry,Chidiebere Emmanuel Eze; Rex Asibuodu Ugulu; Samuel Ikechukwu Egwunatum; Imoleayo Abraham Awodele,2021,"Journal of Engineering, Project, and Production Management",US,10.2478/jeppm-2021-0010,http://www.ppml.url.tw/EPPM_Journal/volumns/11_02_May_2021/ID_305_11_2_89_101.pdf,"The construction industry influences and accelerates national growth and development, but it, however, contributes to unsustainable and eco-unfriendly development which impacts on the economy and environment. To encourage investment in sustainable construction, this study made a case for green building materials (GBM) products and services market in the construction industry of developing countries, through an assessment of the benefits of GBM incorporation in construction projects. The study adopted an internet-mediated questionnaire survey approach and snowball sampling techniques to gathered data from clients, consultants, professionals, and contractors/sub-contractor in the southeast geopolitical zones of Nigeria. Frequency, Percentile, Shapiro-Wilk test, Kaiser–Meyer–Olkin (KMO) and Bartlett’s tests, relative importance index (RII) and Kruskal-Wallis test were used to analyse the collected data. The study revealed that the green construction market is unsaturated and under-tapped. With high awareness and low adoption levels of GBM, it was concluded that the most important benefits of GBM that will trigger demand and supply of GBM products and services are improved daylight and reduced need for artificial lighting, improves the quality of life, Increase employees productivity and reduced absenteeism, improve occupants health and comfort, higher profit and return on investment, leads to construction professionals specialisation, reducing greenhouse gas emission from building, reduces toxicity in the internal environment, low operating and maintenance cost, and creates new job opportunities. The uniqueness of this study lies in the assessment of the views of construction stakeholders' in the five states that make up the South-eastern geo-political zone of Nigeria, regarding the key benefits that could trigger the uptake and incorporation of GBM in construction. Developers and Investors in the industry could invest in green construction since there is a ready and unsaturated market for it.",construction industry; green building materials; green building; nigeria; sustainable construction,DOAJ
6a63ca74419c4856851f44494cb920e7,Effective interdisciplinary stakeholder engagement in net zero building design,Simon Vakeva-Baird; Farhang Tahmasebi; Joe-Jack Williams; Dejan Mumovic,2025,Buildings & Cities,GB,10.5334/bc.510,https://account.journal-buildingscities.org/index.php/up-j-bc/article/view/510,"Stakeholder engagement is crucial to the design and construction stages of net zero buildings, requiring interdisciplinary collaboration to promote the integrated design process. The double diamond method is used to structure three briefing methods, deployed as stakeholder engagement to promote the integrated design process and identify pathways to regional, socio-technical knowledge utilisation. Stakeholders in three medium-sized, early stage, construction projects in the UK, Ireland and Rwanda included a range of construction professionals, facility users and policymakers. A consultation survey evidenced recurrent themes of professional agency in responding to the climate emergency and importance of carbon reduction through quality project delivery. A participatory workshop established systemic connections of building performance spanning concept, design, construction and operation life-cycle stages which encompassed technical, environmental, economic and social considerations of performance. A priority weighting workshop evidenced cross-case dominance of the provision of healthy environments relative to carbon and economic targets. A range of participation benefits was evidenced from a longitudinal evaluation of participation in the study. Future research directions for net zero buildings and the integrated design process include the use of decision-analysis methods. Practice relevance A practical approach is provided for project teams to enable interdisciplinary collaboration between construction professionals, clients and policymakers in early-stage net zero building projects. A framework of structured engagement activities helps stakeholders identify performance ambitions (survey), clarify priorities (workshop) and explore systemic performance issues across the building life-cycle, balancing also environmental, social and cost aspects (workshop). The findings highlight the importance of leadership from clients and proactive design teams in embedding sustainability and innovation. The workshops presented in this study can be adapted by practitioners to explore trade-offs, build shared understanding and identify opportunities for using local low-carbon materials. Applying the double diamond method simply but effectively enables the generation, discussion and refinement of diverse stakeholder knowledge during the early project stages. The paper demonstrates how participation benefits can be tracked over time. Practitioners will find guidance for making stakeholder engagement more purposeful and impactful in delivering holistic net zero buildings.",stakeholder engagement; design; participation; engagement; construction project; building project; evaluation; building performance; net zero,DOAJ
6b0969f8992f495e9df674ab2ba20542,"Adopting green building constructions in developing countries through capacity building strategy: survey of Enugu State, Nigeria",Chukwu Daniel Uchenna; Anaele Edmund A.; Omeje Hyginus O.; Ohanu Ifeanyi B.,2019,Sustainable Buildings,FR,10.1051/sbuild/2019004,https://www.sustainable-buildings-journal.org/articles/sbuild/full_html/2019/01/sbuild190003/sbuild190003.html,"Green building (GB) constructions seeks to address housing demands of the growing populace with better qualities, energy efficiency, using recycled and recyclable materials, improve building lifespan and health of occupants. But GB adoption lags in developing countries. This study focused on driving the adoption of GB constructions in developing countries through capacity building strategy: survey of Enugu State, Nigeria. Structured questionnaire was used to collect data from 135 building workers in educational and industrial sectors across the registered construction companies and higher institutions in Enugu State. Mean and rank were used to answer the research questions, while t-test was used to test five null hypotheses at 0.05 level of significance. Results revealed that there is need for capacity building in: GB design, GB site, GB construction, GB operation and maintenance, and GB construction and demolition waste management. Cluster t-test analysis showed discrepancies in the agreement of educational and industrial sector workers on GB design and GB construction needs. The implications for not adopting GB are continual conventional constructions with maximal exploitations and resource depletion. Thus, there is a gap in knowledge where sustainable development advocates, government and pioneers of green construction practices could channel efforts toward assisting the developing countries.",capacity building; green building construction; conventional construction; building maintenance; construction-demolition wastes,DOAJ
6ce7042853434cdaa7a070f7095ae777,Manufacturing of building materials using agricultural waste (sugarcane bagasse ash) for sustainable construction: towards a low carbon economy. A review,Oluwatoyin Joseph Gbadeyan; Lindokuhle Sibiya; Ncumisa Mpongwana; Linda Z Linganiso; Ella Cebisa Linganiso; Nirmala Deenadayalu,2023,International Journal of Sustainable Engineering,GB,10.1080/19397038.2023.2283545,https://www.tandfonline.com/doi/10.1080/19397038.2023.2283545,"ABSTRACTCement production processes contribute to around 5% of carbon emissions globally and increase yearly. To cut 5% of global emissions, alternative materials to substitute cement concentration in building materials must be sourced. This review identified some agricultural waste, such as sugarcane bagasse ash (SBA), palm leaf ash, and rice husk ash, with potential materials for partial substitution or replacement for cement. It also discusses the influence of incorporating agricultural waste on critical properties of building materials such as bricks, interlocks, concrete, and pavements. Adding these agricultural wastes could increase bricks’ strength by 65% and reduce unit weight by 25%. It also improves bio bricks’ compressive strength, water resistance, and bulk density. Optimising agricultural waste-loading-producing building materials is critical to their performance and must be considered for developing brick materials with improved properties. The review established that 50% of cement concentration could be replaced with SCBA, or hybridising rice husk ash, agricultural olive waste (AOW), sugarcane leaf waste ashes (SLWA), and rice husk (RH). This suggested that 100% of cement is achievable by exploring hybridising SCBA, a combination of rice husk, (AOW), (SLWA), and (RH) to develop a sustainable material without compromising the required properties for construction application. Incorporating agricultural waste is a viable way to develop more cost-effective and sustainable building materials with no cement content, resulting in a 5% global emission cut and a low-carbon environment.",Bricks; CO2 emissions; construction sector; sugarcane bagasse ash,DOAJ
702694cb3b624095af7f6f58d17c268e,Assessment of barriers to the adoption of sustainable building materials (SBM) in the construction industry of a developing country,Emmanuel Chidiebere Eze; Onyinye Sofolahan; Olayinka Gideon Omoboye,2023,Frontiers in Engineering and Built Environment,GB,10.1108/FEBE-07-2022-0029,https://www.emerald.com/insight/content/doi/10.1108/FEBE-07-2022-0029/full/pdf,"Purpose – Sustainable/Green building materials (SBMs/GBMs) offer a wide range of benefits which cut across the economic, social and environmental dimensions of sustainability. The incorporation of these materials in construction projects in most developing countries is still low owing to some factors. This study assessed the major barriers to the incorporation of SBMs in the delivery of construction projects in developing countries, with Nigeria as a case in point. Design/methodology/approach – The well-structured quantitative questionnaire was used to gather data from the key players in the construction industry, using the snowball sampling method and electronic means of questionnaire administration. Frequencies, percentile, relative importance index, Kruskal–Wallis H test, Kendall's coefficient of concordance and exploratory factor analysis were used to analyse the gathered data. Findings – The study revealed that the major constructs of barriers to SBM adoption in construction projects are: (1) resistance and information barriers (Eigenvalues = 5.237; % of V = 23.806), (2) regulation and funding of R&D (Eigenvalues = 2.741; % of V = 12.457), (3) cost and market barriers (Eigenvalues = 2.223; % of V = 10.105), (4) government incentive and suppliers' availability (Eigenvalues = 1.728; % of V = 7.852) and (5) GB experts and labour barriers (Eigenvalues = 1.307; % of V = 5.942). Originality/value – This study assessed the view of construction experts in the five states of the south-eastern geo-political zone of Nigeria, particularly as regards the barriers to the incorporation of sustainable building materials in construction projects in the region.",Sustainable building materials (SBM); Green building; Sustainability; Barriers; Construction projects,DOAJ
70692a5bf90e49c0a9361e7f8e93fe19,Revolutionising Green Construction: Harnessing Zeolite and AI-Driven Initiatives for Net-Zero and Climate-Adaptive Buildings,Seyi Stephen; Clinton Aigbavboa; Ayodeji Oke,2025,Buildings,CH,10.3390/buildings15060885,https://www.mdpi.com/2075-5309/15/6/885,"This study explored the role of zeolite and AI-driven initiatives in sustainable construction, particularly for net-zero and climate-adaptive buildings. A quantitative, scientometric, and narrative review was conducted using bibliometric analysis of existing publications from the Scopus and Web of Science databases to identify research trends, key contributions, and technological advancements. The findings revealed that zeolite enhances construction materials by improving thermal regulation, air purification, and carbon capture, while AI optimises energy efficiency, predictive maintenance, and material performance. A cost–benefit analysis showed that integrating zeolite and AI in construction materials reduces long-term energy costs and enhances building sustainability. Comparisons with previous studies highlighted the increasing adoption of these technologies due to their environmental and economic benefits. This study concluded that the combination of zeolite and AI provides innovative solutions for green construction, offering energy-efficient, climate-resilient, and cost-effective building materials.",adaptive building; green construction; net-zero buildings; sustainable technology; zeolite materials,DOAJ
7623c55f9ce24a5ba6f824988606f96a,Bridging the lab-field gap: a reproducible protocol for decentralized production of sawdust-cement ceiling boards in low-resource settings,Oloruntimileyin Akintade; Timothy Adeyi; James Aribisala; John Adeyemi; Shade Ademokoya; Sunday Jegede,2025,Engineering and Technology Journal,IQ,10.30684/etj.2025.164035.2007,https://etj.uotechnology.edu.iq/article_190365_728aa7c4cd1b249fa41c7664eb165aed.pdf,"Sawdust-cement composites (SCC) are sustainable alternatives to conventional building materials, but they are underutilized by grassroots artisans due to the limited availability of reproducible methods in low-resource settings. This study develops a standardized, field-tested protocol for producing ceiling boards using mixed-species sawdust, cement, and mineral fillers with minimal technical requirements and without reliance on industrial infrastructure. The workflow from sourcing to manual hydraulic compaction was documented and validated under artisanal conditions to assess feasibility, consistency, and performance. Results showed consistent physical properties across batches: density (1620 &plusmn; 15 kg/m&sup3;), water absorption (11.2 &plusmn; 0.3%), and thickness swelling (5.6 &plusmn; 0.2%). Low variability confirms reliability and suitability for decentralized production. By emphasizing accessibility and adaptability over optimization, this work provides a replicable framework for community-led construction, laying the foundation for future research on localized, sustainable building materials.",sawdust; cement composites artisanal production resource; limited construction hydraulic compaction sustainable ceiling boards,DOAJ
79933c0b7e684e21ac043f399d05a045,Performance evaluation of waste polycarbonate as bitumen modifier,Abdulfatai A. Murana; Aliyu M. Umar; Manasseh Tyogo; Abdulmumin A. Shuaibu; Yaseer A. Nabage,2022,The Proceedings of the Nigerian Academy of Science,NG,https://doi.org/10.57046/UGJH5013,https://nasjournal.org.ng/site/index.php/pnas/article/view/431/200,"Modification of bitumen has been used to improve the properties of bitumen and bituminous mixes to mitigate the problems of bitumen at extreme and quiescent conditions. It also provides better bitumen at extreme temperatures as well as saving construction cost. In this study, polycarbonate from disposed compact discs was used as modifier for bitumen with the aim of improving its consistency properties. To establish the presence of polycarbonate in the recycled compact discs, Fourier transform infrared (FTIR) spectra analysis was conducted on the waste compact discs. The FTIR results when compared with Infrared Spectroscopy Absorption Table (ISAT), revealed transmittance peaks described by the wave numbers 764-2967cm-1 (C-H), 1770cm-1 (C=O), 1599cm-1 (C=C), 1502cm-1 (C-C) and 1010-1020cm-1 (C-O-C). These peaks confirmed the compact discs as predominantly made up of polycarbonate. Comparative FTIR analysis carried out on the pure and modified bitumen revealed that there is appearance of additional new peaks with wave numbers 2371-2091cm-1 for C-H aromatic bending, 848-2110cm-1 for C=C aromatic bending and 1685-1700cm-1 for C-C aromatic stretching in the spectra of polycarbonate modified bitumen samples, indicating that the polycarbonate has undergone chemical interactions with the bitumen. Such interaction usually results in changes to the molecular structure of the bitumen. Also, comparative analysis carried out on some properties of pure and modified bitumen showed that the modifier decreases the penetration and ductility of bitumen but increases its specific gravity and softening point. These performance evaluation results indicate the ability of polycarbonate in improving the temperature susceptibility and rutting resistance of bitumen.",bitumen modification; waste recycling; hot mix asphalt; green construction; waste management,DOAJ
83ade91b5e474ab686c748d14fbecfab,Life Cycle Assessment of Sustainable Building Materials in the Nigerian Construction Industry,H C O Unegbu; Danjuma Saleh Yawas,2025,Civil and Environmental Science Journal,ID,10.21776/ub.civense.2024.008.01.3,https://civense.ub.ac.id/index.php/civense/article/view/455,"This study presented a comprehensive life cycle assessment (LCA) of sustainable building materials within the Nigerian construction industry, focusing on bamboo, recycled steel, and low-carbon concrete. The research aimed to evaluate the environmental impacts of these materials across all stages of their life cycles, from raw material extraction to end-of-life disposal. A mixed-methods approach was employed, with primary data gathered through interviews and surveys with industry professionals, while secondary data was obtained from reputable databases and literature. The results indicated that bamboo was the most environmentally friendly material, exhibiting the lowest global warming potential, ozone depletion, eutrophication, and resource depletion impacts. Low-carbon concrete also demonstrated significant environmental benefits, particularly in reducing greenhouse gas emissions compared to conventional concrete. Recycled steel, while advantageous in promoting the circular economy, incurred higher energy consumption and emissions due to the energy-intensive recycling process. The study identified several barriers to the widespread adoption of sustainable materials in Nigeria, including high initial costs, limited availability, and a lack of regulatory support. To address these challenges, the research suggested strengthening regulatory frameworks, providing financial incentives, enhancing local production capabilities, and increasing awareness through education and training programs. The findings underscored the potential of sustainable materials to reduce the environmental footprint of construction activities in Nigeria, highlighting the need for coordinated efforts to promote their adoption. This study contributed valuable insights to policymakers, industry stakeholders, and researchers focused on advancing sustainability in the built environment.",sustainable building materials; life cycle assessment; nigerian construction industry; bamboo; recycled steel; low-carbon concrete,DOAJ
87f22cc101294cfea267796f6dc5c6a6,Development and evaluation of green fired clay bricks using industrial and agricultural wastes,Radwa Defalla Abdel Hafez; Bassam A. Tayeh; Raghda Osama Abd- Al Ftah,2022,Case Studies in Construction Materials,GB,10.1016/j.cscm.2022.e01391,http://www.sciencedirect.com/science/article/pii/S221450952200523X,"Green construction materials have emerged as viable options to cope with the sustainability challenges set by the global communities without compromising the technical merits. Agro-industrial wastes have been utilized as alternative components in manufacturing construction products. In this vein, burnt clay bricks (CBs) is one of the novel and viable waste disposal strategy. Therefore, the primary focus of this research is to examine the impacts of agro-industrial wastes, such as sludge waste (SW), steel slag (SS), wood ash (WA), and banana ash (BA) on various physical, mechanical, and microstructure characteristics. The green CBs were prepared by admixing the wastes at a 5%, 10%, 15%, and 20% dosage. The binary blended CBs were dried under the sun for 7 days before being fired at 900 °C for 3 hrs. The CBs containing SW, WA, and BA exhibited lower compressive strengths of ∼67% than the control and SS blended specimens depending on the chemical composition and particle size distribution of the source material. The microstructural analysis of the CBs incorporating the wastes tented to improve with the addition of waste precursors and governed by the Ca/Si ratio. The outcomes revealed the potential of attaining reduced bulk density for the light-weight and cost-effective constructions with low volume (5%) replacement of studied wastes in the clay mixture. The scanning electron microscopic (SEM) analysis revealed a relatively compact matrix of the control and SS-based specimens which tended to improve the engineering properties of developed CBs.",Fired solid clay bricks (FSCB); Agro-industrial waste; Physico-mechanical properties; Durability; Microstructure; Cost analysis,DOAJ
91d1f07017dc45fa913479dc2002b95a,Energy Efficiency in Buildings: Performance Gaps and Sustainable Materials,Henry Odiri Igugu; Jacques Laubscher; António Benjamim Mapossa; Patricia Abimbola Popoola; Modupeola Dada,2024,Encyclopedia,CH,10.3390/encyclopedia4040092,https://www.mdpi.com/2673-8392/4/4/92,"Real-world energy efficiency in the building sector is currently inadequate due to significant discrepancies between predicted and actual building energy performance. As operational energy is optimized through improved building envelopes, embodied energy typically increases, further exacerbating the problem. This gap underscores the critical need to re-evaluate current practices and materials used in energy-efficient building construction. It is well established that adopting a life cycle view of energy efficiency is essential to mitigate the building sector’s contribution to rising global energy consumption and CO<sub>2</sub> emissions. Therefore, this study aims to examine existing research on sustainable building materials for life cycle energy efficiency. Specifically, it reviews recent research to identify key trends, challenges, and suggestions from tested novel materials. A combination of theoretical analysis and narrative synthesis is employed in a four-stage framework discussing the challenges, context, concepts, and the reviewed literature. Key trends include the growing adoption of sustainable materials, such as bio-fabricated and 3D printed materials, which offer improved insulation, thermal regulation, and energy management capabilities. Multifunctional materials with self-healing properties are also emerging as promising solutions for reducing energy loss and enhancing building durability. The focus on reusing materials from the agricultural, food production, and paper manufacturing industries in building construction highlights the opportunity to facilitate a circular economy. However, the challenges are substantial, with more research required to ascertain long-term performance, show opportunities to scale the implementation of these novel materials, and drive market acceptance.",building performance gap; sustainable materials; engineering; architecture; biowaste,DOAJ
93b6b01ddcbd44d38ccf6d266fc171d5,Green Supply Chain Management and Environmental Performance: The moderating role of Firm Size,Samuel Koranteng Fianko; Nathaniel Amoah; Sampson Afrifa Jnr; Thywill Cephas Dzogbewu,2021,International Journal of Industrial Engineering and Management,RS,http://doi.org/10.24867/IJIEM-2021-3-285,http://www.ijiemjournal.uns.ac.rs/images/journal/volume12/IJIEM_285.pdf,"This study examined the impact of internal and external green supply chain practices on environmental performance among construction firms. The study used the quantitative survey research design in its methodology. A total of 217 employees were sampled from fifty (50) construction firms. Structural Equation Modeling was used to analyze the data. The results showed that green design does not have a significant positive relationship with environmental performance. However, green design has a positive impact on external green practices namely green purchasing and green construction. Green purchasing and green construction have direct positive relationships with environmental performance. Green design through external green practices have a significant positive relationship with environmental performance. The study found that firm size moderates the relationship between green design, through external green supply chain practices and environmental performance among construction firms.",green supply chain; green purchasing; green design; green construction; firm size,DOAJ
9ab3d6dd76f64b9aacb939054dda50ca,The Impact of Sustainability on Contractor Selection Criteria in Construction Projects: A Comprehensive Review,mahmoud salim; Khaled Heiza; Ibrahim Mahdi; mohamed saffan,2025,JES: Journal of Engineering Sciences,EG,10.21608/jesaun.2025.361411.1431,https://jesaun.journals.ekb.eg/article_424070_7af074c554fb10de3603919655c86287.pdf,"This paper investigates the increasing emphasis on sustainable practices within the construction industry and its impact on contractor selection criteria. Recognizing the pivotal role of contractors in project success, this study examines the shift in selection criteria towards incorporating sustainability considerations for both project completion and promoting environmentally responsible construction practices. Through a structured review of literature from documented databases and prominent journals published between 2010 and 2024, this research aims to achieve three primary objectives: first, to delineate and classify conventional criteria employed in contractor selection processes; second, to highlight the emergence of contemporary criteria prioritizing sustainability, particularly in the context of green building projects; and third, to comprehensively analyze the current state of knowledge and identify research gaps concerning the influence of sustainability on contractor selection, utilizing structured review methodologies. The key finding of this research indicates that the contractor selection process is significantly influenced by sustainability considerations. When selecting contractors for green building projects, it is essential to integrate sustainability-related criteria, such as environmental and social factors, along with contractors' qualifications in green construction, into the traditional evaluation framework. This study identified a primary limitation: despite reviewing 70 research papers, it is not possible to definitively claim that all relevant publications on contractor selection were examined. The findings of this study provide valuable insights for future research endeavors aimed at developing comprehensive contractor selection models that integrate sustainable criteria alongside traditional criteria.",sustainable development goals; sustainable contractor selection; construction projects; environmental impact; economic benefits,DOAJ
a227b994d50a4061a665dfabceb335d4,Evaluation of the Implementation of Circular Economy and Sustainable Construction Practices in the Nigerian Construction Industry,Ubayi Salisu Mannir,2025,Baltic Journal of Real Estate Economics and Construction Management,PL,10.2478/bjreecm-2025-0015,https://doi.org/10.2478/bjreecm-2025-0015,"Construction activities in Nigeria will continue to affect the environment until sustainable building practices and the circular economy are completely adopted. To identify gaps and areas for improvement and provide practical recommendations that will support the implementation, this study is aimed to evaluate the implementation status of circular economy and sustainable construction practices within the Nigerian construction industry. To accomplish the aims of the study, a structured survey questionnaire was created, validated, and sent online via a Google Form as part of a quantitative research approach. The six portions of this instrument are A, B, C, D, E, and F. The research main conclusions demonstrated that respondents had a high degree of awareness and comprehension of the circular economy and sustainable construction principles; it also emphasised the notable gaps in the use of sustainable building materials, low-level adoption rates of recycling facilities, low-level adoption rates of more advanced technologies such as recycled water, rainwater harvesting systems, and passive solar design. The findings also highlight the strong commitment of the construction industry to easily implemented and cost-effective waste management strategies, energy conservation, and water conservation strategies. The study further emphasises a lack of strict governmental rules and regulations as the main barrier impeding wider adoption of circular economy and sustainable construction methods in the Nigerian construction industry. It is recommended that the government, through various ministries, should play a bigger role in the establishment of policy, incentives, and education, while construction professionals should assume a greater role to empower their clients with knowledge and awareness of the environmental benefits and potential cost savings associated with the circular economy and sustainable construction practices.",circular economy; construction industry; implementation; sustainable construction,DOAJ
a936c5c33c2144628f03bfaa04c0c23a,An empirical study on the thermal behavior of rice husk in eco-friendly brick for external walls of buildings,CHRISTENA hanna; Abdel Monteleb Aly; sayed shebl; Amr Abdallah,2022,JES: Journal of Engineering Sciences,EG,10.21608/jesaun.2022.141836.1144,https://jesaun.journals.ekb.eg/article_251391_b2262e78fb0c5d6386fbd1eeb30f81b8.pdf,"This study aims to analyze the behavior of natural and waste materials when applied to building brick for walls of residential buildings on the indoor temperatures and thermal comfort of residential buildings. In this study, small-scale residential rooms were built during a period of hot weather in Egypt. A comparison between models and a reference model using the traditional burned clay brick was conducted. The results indicate that the mud-brick leads to enhanced thermal behavior by 25% within comfort limits and the surface temperature difference could reach 4.3 K, whereas the compacted bricks achieve 15%, and the temperature difference was found to be 4 K; compared with the traditional fired bricks with 2.1 K surface temperature difference. Scanning electron microscopy showed large holes and cavities in the mud and compacted bricks. Whereas, in the fired clay brick small holes were observed; this difference in structure is hypothesized to lead to the difference in the thermal behavior of the bricks. The thermal conductivity(U), of the unfired mud-brick, was 0.27 W/m.K, U =0.32 W/m.K for compacted soil brick while burned bricks U=0.6 W/m.K. Based on the results, the combinations of rice husk as a waste material, mud, and compacted soil for brick lead to reducing cooling needs and sustainable building materials for new buildings in the hot and dry climate in Egypt.",natural materials; waste; thermal comfort; thermal performance; external envelope,DOAJ
b1a4e7e9075a43b8970f5416973ccf2f,An artificial neural network model prediction of mortar strengths reinforced with henequen and sisal fibres for sustainable construction,Akintayo Adeniji; Williams Kupolati; Everardt Burger; Mueez Are; Jacques Snyman; Julius Ndambuki; Chris Ackerman,2025,Engineering and Technology Journal,IQ,10.30684/etj.2025.161598.1971,https://etj.uotechnology.edu.iq/article_189013_e646adf9451c972a59d67b3e255cf846.pdf,"The increasing demand for sustainable building materials has spurred interest in using natural fibers for construction. This study evaluates the performance of henequen and sisal fibers in mortar to enhance their tensile properties and provide alternatives to synthetic fibers. Mortar samples were prepared using a 1:3 mix ratio, with fibers introduced at 0%, 0.5%, 1%, 1.5%, and 2% by weight. The particle size distribution, setting times, consistency, and water ab-sorption and tensile strength of mortar constituents and fibers were determined. Compressive and splitting tensile strength tests were conducted on samples of 75 mm cubes and 50 &times; 100 mm cylinders at 7, 14, 21, and 28 days, respectively. Data were analyzed using ANOVA at &alpha; = 0.05 and a validated Artificial Neural Network (ANN) model. Henequen fiber exhibited lower water absorption and higher tensile strength. The 1% mixture recorded the highest com-pressive strength of 15.08 MPa and 15.41 MPa, and the split tensile strength at 0.5% mixture was 3.43 MPa and 3.51 MPa at 28 days, respectively. ANOVA confirmed significant dif-ferences in tensile strength due to fiber inclusion, and compressive strength results indicated no statistically significant differences across samples. The ANN demonstrated high predic-tive accuracy, with R&sup2; values of 0.8785 and 0.7885, and low mean squared errors of 0.3855 and 0.4855, for compressive and split tensile strengths, supporting its use in performance forecasting. The optimum compressive strength was observed at a 1% fiber content, while the split tensile strength improved up to 0.5%. The experimental results support its application in sustainable construction.",henequen fiber; sisal fiber; reinforced mortar; sustainable construction; artificial neural network,DOAJ
b1ce00c3a5dd41d2add7ecfc4865133c,Mechanical behaviour of composite produced with quarry dust and rice husk ash for sustainable building applications,Luqman Adedeji Taiwo; Ifeyinwa Ijeoma Obianyo; Ahmed Olalekan Omoniyi; Azikiwe Peter Onwualu; Alfred B.O. Soboyejo; Olugbenga O. Amu,2022,Case Studies in Construction Materials,GB,10.1016/j.cscm.2022.e01157,http://www.sciencedirect.com/science/article/pii/S2214509522002893,"Over the years, the cost and environmental issues with the utilization of conventional building materials such as cement and river sand for housing projects kept increasing with the increase in the human population. This has led researchers to explore alternative building materials that are affordable and sustainable. This study is aimed at developing a sustainable composite using quarry dust (QD) and rice husk ash (RHA). Different percentages of QD and RHA (5%, 10%, 15%, 20% and 25% wt/wt) were used for the partial replacement of river sand and cement respectively to produce non-conventional composite samples and conventional composite samples were produced using cement and river sand. The produced composites were moulded into block samples and cured at different curing ages (7, 14, 21, 28 and 56 days). Compressive strength results of the block samples were obtained using a Universal testing machine. The compressive strength of the samples increased with an increase in the curing age. The bulk density of non-conventional composite samples was found to be lower than that of conventional composite samples. The failure pattern of the conventional composite samples showed several localized shear surfaces/multiple cracks while that of non-conventional composite samples indicated delamination of outer surfaces. The study indicates that QD and RHA could be used for partial replacement of river sand and cement respectively in developing sustainable building materials.",Sustainable buildings; Composite; Compressive strength; Rice husk ash; Quarry dust,DOAJ
b1d745dccb1f4d3999680f986848bde8,"Sustainable building materials (SBMs) and their impact on displaced persons health/wellbeing in selected IDP facilities, Nigeria",Eghosa N. Ekhaese; Praise O. Akindoyin; Ibrahim A. Mohammed,2024,Frontiers in Materials,CH,10.3389/fmats.2024.1337843,https://www.frontiersin.org/articles/10.3389/fmats.2024.1337843/full,"There are 70.8 million Internally Displaced Persons in the world. In Sub-Saharan Africa Nigeria has 16.5 million people and the highest displacement rate. IDPs in Nigeria need shelters primarily to mitigate homelessness and improve their quality of health through sustainable building materials (SBM) used in design and construction. The study aimed to investigate SBMs and their impact on the health/wellbeing of Displaced Persons in IDP facilities to promote the health benefits of SBMs. Assess the SBMs used to design IDP facilities in the three case studies; ascertain the health/wellbeing components of the SBMs; and analyse the impact of SBM on displaced persons’ health/wellbeing. The study used the mixed (quality and quantitative) research method while leveraging the case study design. The research philosophy is pragmatism, and the research paradigms are interpretivist and constructivist. The data collection instrument includes a questionnaire survey for quantitative data, an in-depth interview guide, and an observation schedule (direct and participant). The findings reveal that SBMs have some health benefits, SBMs have impacts on the IDPs’ wellbeing, and SBMs can be sourced locally. According to the study, SBMs can reflect the people’s culture, making IDPs homely, happy and comfortable with positive psychosocial impacts that may improve their mental health.",sustainable building materials; camp facility; displaced persons health/wellbeing; internally displaced persons; health/wellbeing components,DOAJ
b3645a5c9bc54a1eb22d70b77e2b21b6,Thermal and Structural Performances of Screen Grid Insulated Concrete Forms (SGICFs) Using Experimental Testing,Yosra El-Maghraby; Khaled Tarabieh; Meral Sharkass; Islam Mashaly; Ezzat Fahmy,2024,Buildings,CH,10.3390/buildings14092599,https://www.mdpi.com/2075-5309/14/9/2599,"The demand for sustainable building materials and systems with the emphasis on energy efficiency is on the rise. Insulating Concrete Forms (ICFs) are an example of such structural systems. Screen Grid Insulated Concrete Forms (SGICFs) are an innovative system that combines structural strength and thermal performance. ICF walls are commonly used in Western countries to provide high-level insulation and internal weather control. Accordingly, the current research conducts a comparative thermal analysis for a market-supplied ICF wall, a SGICF proposed design, and three typical brick walls used regionally in the Middle East. The heat transfer through the five walls is simulated by COMSOL Multiphysics and validated experimentally by utilizing a guarded hot box facility under the regulations of the ASTM C1363 standard. The market-supplied ICF walls showed better thermal insulation properties than the proposed SGICF walls, because of their higher thermal mass of concrete than in the SGICF walls. However, both walls had a remarkably higher insulation performance than the other three typical brick walls available in the market. The results reveal that the market-supplied ICF walls are overdesigned for use in the Middle East region, and SGICFs, with their comparative thermal transmittance, are a very good competitor in the Middle East market.",ICF; expanded polystyrene panels; COMSOL Multiphysics; guarded hot box; numerical simulation; heat transfer,DOAJ
b70cb2b8fc1c4cc68504d27d4dc0954f,The role of project management in the success of green building projects: Egypt as a case study,Heba Farouk Abdelkhalik; Hisham Hussein Azmy,2022,Journal of Engineering and Applied Science,GB,10.1186/s44147-022-00112-5,https://doi.org/10.1186/s44147-022-00112-5,"Abstract Sustainability and project management are two trends that have taken global interest in the last decades due to their significant role in various fields of life. However, these two topics have rarely been addressed in one study or framework. As sustainability and environmental issues are not specifically or systematically considered in most major project management frameworks such as the Project Management Body of Knowledge (PMBOK), Individual Competence Baseline (ICB), International Organization for Standardization (ISO 21500:2012), and so on. Furthermore, sustainability applications in the construction field under the term “green buildings” are facing various types of obstacles that obstruct the pervasion of this type of construction in an adequate and required way. Some of these obstacles have been addressed in recent studies with suggested solutions, but the role of project management in overcoming or even mitigating the risk of these obstacles was almost absent in most of these studies. Therefore, this paper attempts to observe the most important obstacles facing the application of sustainability in the construction field and taking the green construction situation in Egypt as a case study. In addition, this paper aims to investigate the role of project management in green building projects’ success, through project management best practices’ applications to overcome the main reasons that obstruct the green building projects movement. The results showed that there is a lack of management methods that address sustainable construction projects. In addition, there is no clear methodology governing the green building management process. Also, the unspecified responsibilities between stakeholders in green building projects lead to difficulties in managing and implementing green buildings. However, some defined obstructions could be overcome by project management’s best practices and methods.",Sustainability; Project management; Green building; Rating systems; LEED; Green pyramids,DOAJ
b83ad5aeedeb42fdab090a025941add6,Experimental evaluation of thermal performance of innovative cement blocks made from construction waste in hot climate scenarios,Hatem Mahmoud; Ewald Kuoribo; Nourhan M. Waly,2025,Cleaner Engineering and Technology,GB,10.1016/j.clet.2025.101041,http://www.sciencedirect.com/science/article/pii/S2666790825001648,"Facade materials play a crucial role in regulating heat transfer and maintaining thermal comfort, thereby directly impacting the energy consumption of buildings. Traditional cement blocks, though widely used, have substantial environmental impacts due to high embodied energy and resource use. This study addresses the gap in sustainable facade materials by investigating the thermal performance of cement blocks developed from construction waste. The research aims to compare the thermal efficiency of innovative Construction Waste-Based Cement Blocks (CWCB) with conventional commercial cement blocks under extreme summer in hot climate. To achieve this, the study employs an experimental approach utilizing scaled-down test rooms under various scenarios. The setup included controlled internal conditions and external meteorological monitoring. A comparison of the two results revealed that the developed blocks exhibited enhanced thermal performance efficiency compared to typical cement blocks. In all scenarios, the developed room consistently maintained a lower heat flux, with the conductivity reduced by up to 20 %, effectively moderating the thermal exchange and preventing significant fluctuations. This performance also demonstrated a decrease in solar absorptance, signifying improved resistance to solar heat transmission and enhanced indoor thermal stability. These results suggest that building facades can reduce cooling loads and decrease operational costs for buildings in hot climates. This could also inform future building codes and standards, encouraging the adoption of eco-friendly building materials.",Construction waste; Sustainable building materials; Building envelope; Thermal performance,DOAJ
b96d66d3b6274551b6e55e7380b098ea,Sustainability standards and their impact on the interior design of green hotels,Raafat AbdElsayed Bekhet Nakhla; Rania Mossad,2022,Maǧallaẗ Al-Turāṯ wa Al-Taṣmīm,EG,10.21608/jsos.2022.113608.1137,https://jsos.journals.ekb.eg/article_214187_f953bf58cac2d775cd77c56f3f65b931.pdf,"Sustainable buildings are defined as those that have minimum harmful impacts on the built and natural environment. The most effective, sustainable designs should promote health and well-being, harvest their own water and energy needs, be adaptable to cite climate and be able to evolve as weather conditions change, and they should operate without polluting the environment and generate no waste. It's also a plus when these buildings appear beautiful and inspire innovation and creativity.Environmental sustainability in the hospitality industry refers to the balance that must exist between an activity and the environment in which it is developed, where the two interact without being detrimental to each other, argued that environmental issues in the hospitality industry should include water and energy efficiency and conservation, climate change and greenhouse gas emissions, waste management and recycling, bio-diversity and the protection of natural resources, the reduction of environmental impacts, environmentally responsible sourcing and the creation of green construction standards for new hotel construction.The research dealt with the definitions and importance of green hotels, as well as some sustainability criteria in hotels, Popular and reputable operational certifications, Popular and reputable building certifications, Benefits of certification, Types of certification and also dealt with a study and detail the LEED criterion as What is LEED? Why LEED? LEED Points Scale, Fulfillment, LEED v4.1 is the next generation standard for green building design, construction, operations and performance.",sustainability standards; interior design; green hotels,DOAJ
bd214ec617ab45af94992f2d47026aef,Investigating Affordability of ECO Housing with CEB and Clustered Urban Form,Mohammad  Fahmy; Ayman  Ibrahim; Omar  Galal,2025,HBRC Journal,GB,10.65800/2090-9934.1011,https://journal.hbrc.edu.eg/journal/vol22/iss1/12,"<p>This study examines the affordability of eco-housing through the integration of Compressed Earth Blocks (CEB) and clustered urban form. It hypothesizes that the combined approach of sustainable building materials and climate-responsive neighbourhood planning enhances cost and energy efficiency while maintaining social housing accessibility. By assessing economic feasibility alongside environmental and urban design strategies, the research aims to provide insights into sustainable solutions towards future urban developments and a 5th generation for Egyptian cities. Computational simulations utilizing ENVI-met for urban microclimate assessment and Design Builder for indoor environment evaluation demonstrated improved results for outdoor and indoor environments. For outdoor assessment, design case CEB (DCCEB) in comparison with base case CEB (BCCEB), the design case resulted in a reduction in MRT by 7.91°C when DCCEB compared to BCCEB at 02:00 PM, global radiation by 299.45 W/m2 at 01:00 PM, and outdoor thermal comfort PET by 5.30°C at 02:00 PM. For running cost and carbon emissions, both scales hourly and monthly were simulated, on hourly scale, DCCEB resulted reduction in cooling loads and CO<sub>2</sub> throughout the day, aggregately, compared to BCCEB by 40.81% and 31.03%, respectively, while on monthly scale, DCCEB reduced the cooling loads and CO<sub>2</sub> aggregately throughout the year in comparison with BCCEB by 26.48% and 14.13%, respectively. For the construction cost, the design case with two block types A&B saved 22.99% and 10.88% compared to the lowest cost of the base case scenarios on the individual building scale, while on the entire neighbourhood as an urban scale, the design case saved 21.81% compared to HBB and 22.86% in comparison with SCB scenario.</p>",Engineering; Materials Science and Engineering,DOAJ
c9a9cb489ddd4d84a57f33904d85ba1a,Life Cycle Assessment and Sustainable Building Materials,osama abo einan; Engy Hussien; sally Rashad,2015,Port Said Engineering Research Journal,EG,10.21608/pserj.2015.36730,https://pserj.journals.ekb.eg/article_36730_30cc98fb58c829725932af6112945086.pdf,"Trending to green and sustainable buildings became inevitable during the increasing crises of global current lack of resources and energy besides all forms of pollution. Architects play an important role in reducing the environmental impact of their buildings through a good understanding of the negative impact of construction process during full life cycle and how to reduce it. Selecting materials and products for a high performance building is not an easy task as there are a lot of considerations and criteria for comparing the available options. This paper focuses on Life Cycle Assessment (LCA) as a method to evaluate the environmental impact related to building materials at different stages and how to assess and compare it with alternatives based on its environmental efficiency. The paper also includes a practical study conducted by the researcher using LCA tool to assess and compare two optional designs of two residential buildings with different structure systems, reinforced concrete and load bearing walls, depending on their environmental impact to prove that applying LCA in early design phase can make a difference in building design and the selection of building materials.",sustainable materials; life cycle assessment; materials efficiency; eco-efficient materials; environmental impact of building materials,DOAJ
ca23524fcf264711adb8d073a07115f6,Barriers to Green Supply Chain Management (GSCM) Adoption on Construction Projects,Benedict Amade; Abiola Adeniyi Adeyomo; Achimba Chibueze Ogbonna; Ogaga Linus Okore; Ihuoma Deborah Okwara,2020,European Project Management Journal,RS,10.18485/epmj.2020.10.2.5,http://media.epmj.org/2020/12/5-Benedict-Amade-2.pdf,"The purpose of this paper is to explore barriers to
green supply chain management (GSCM) implementation in
the Nigerian construction industry with a view to providing a
sustainable environmental friendliness and green construction
practice. The research approach deployed for this study
includes targeting purposively selected construction firms that
are involved in GSCM in construction related projects in Imo
State, Nigeria. A questionnaire survey was deployed amongst
a sample of construction firms. Barriers to GSCM
implementation were identified via an extensive literature
review. Specifically, data for the study was acquired via
questionnaires from relevant industry practitioners. The study
was limited to construction firms that are involved in GSCM
related activities within Imo State which is located within the
high construction /‘Niger Delta’ hub of Nigeria. With the
limited nature of the study in terms of geographic coverage,
the results from this study can be extrapolated to cover other
parts of the country. The findings revealed that barriers to
GSCM implementation were mostly lack of knowledge and
experience which headed the list of barriers as stated by the
respondents. This is followed in that order by lack of top
management support, cost of implementing GSCM, lack of
government regulations and support systems amongst others
were ascertained to be obstacles to GSCM implementation in
Imo State. The study concludes by recommending that a more
detailed analysis be carried out with a view to building the
capacity of practitioners in GSCM pursuant to better
construction project performance.",barriers; construction industry; construction projects; green supply chain management; imo state,DOAJ
cab66328e7f64285946a5d37a39d7d13,"Lighter, Cooler, Greener: Comparative Analysis of Autoclaved Aerated Concrete, Hempcrete, and Insulated Panels for Climate-Responsive Sustainable Construction",Jasim Azhar,2025,JES: Journal of Engineering Sciences,EG,10.21608/jesaun.2026.445029.1927,https://jesaun.journals.ekb.eg/article_489965_f11c7bf8a36275d99f97cd86dafa7a6b.pdf,"The building sector uses 40% of global energy and produces 36% of global CO₂ emissions, which demands the immediate adoption of sustainable construction materials. This systematic review integrates Multi-Criteria Decision Analysis (MCDA) with climate-zone-specific performance evaluation of sustainable building materials, comparing Autoclaved Aerated Concrete (AAC), Hempcrete, Structural Insulated Panels (SIPs) and Vacuum Insulated Panels (VIPs) across hot-arid, cold-temperate, and hot-humid climates. Following PRISMA guidelines, 22 high-quality studies (2020-2024) were analyzed for thermal performance, environmental impact, economic viability, and implementation feasibility. The research shows AAC achieved 48.3% energy reduction (95% CI: 42.1-54.5%) in hot-arid climates versus 32.7% (95% CI: 27.3-38.1%) in cold-temperate zones—a 48% performance advantage in hot climates. Hempcrete demonstrated carbon sequestration ranging from -165 to -85 kgCO₂e/m² with 94% variation across climates. SIPs reduced energy consumption by 30-40% in cold climates compared to 20-30% in hot-humid zones. VIPs provided exceptional insulation (λ = 0.004-0.008 W/mK) with 45-60% energy reduction in cold climates but faced 200-400% cost premiums. The analysis shows that implementation quality determines 26% of performance outcomes because proper workforce training and quality control practices remain essential. Climate-specific optimization is essential; no single material performs optimally across all zones. AAC offers the most versatile solution with 3–5-year payback periods in hot-arid climates. The systematic review combining MCDA with climate-zone-specific analysis and implementation quality assessment for sustainable building materials, establishing an evidence-based guidelines for choosing materials based on climate conditions for practitioners worldwide.",sustainable building materials; thermal performance; climate-responsive design; energy efficiency; life cycle assessment,DOAJ
cafc4e47fec54a7aa3cb2f4da22dac7d,Innovations in energy-efficient construction: Pioneering sustainable building practices,Ali Akbar Firoozi; D.O. Oyejobi; Ali Asghar Firoozi,2025,Cleaner Engineering and Technology,GB,10.1016/j.clet.2025.100957,http://www.sciencedirect.com/science/article/pii/S2666790825000801,"This study critically examines the role of advanced energy-efficient materials and methodologies in substantially reducing the excessive energy demands of building construction, a key factor for mitigating environmental impacts. Utilizing a mixed-method approach, including a comprehensive literature review and analysis of multiple case studies, we delve into historical trends and current practices, assessing the potential of innovative materials to transform sustainable construction. Our findings reveal that the adoption of low-carbon materials and bioclimatic design principles can lead to a reduction in energy consumption by up to 30 % and CO2 emissions by up to 25 %. The integration of these materials and methods not only overcomes the limitations of traditional construction techniques but also significantly enhances the sustainability and operational efficiency of buildings. We advocate for the widespread adoption of these advanced practices across the construction industry, emphasizing the need for cohesive regulatory frameworks to facilitate this transition. This study underscores the crucial impact of strategic material selection and innovative design in achieving substantial energy efficiency improvements in the building sector.",Sustainable construction; Bioclimatic design; Energy conservation; Innovative construction materials; CO2 emission reduction,DOAJ
cc603245c7fe4c70ae34075c71aaebb2,"Investigation of the physical and mechanical properties of Shea Tree timber (<i>Vitellaria paradoxa</i>) used for structural applications in Kwara State, Nigeria",A. Abdullahi Jimoh; S. Tomi Aina,2017,Journal of Applied Sciences and Environmental Management,NG,10.4314/jasem.v21i5.24,https://www.ajol.info/index.php/jasem/article/view/163357,"
This study investigated the physical and mechanical properties of Shea Tree timber (V. paradoxa) for structural use obtained at different areas of Kwara State, Nigeria. Physical properties of the samples like moisture content, specific gravity and density was evaluated and the mechanical tests were tensile strength, modulus of rupture, modulus of elasticity, compression, shear and hardness. Results show that, the density of the specie varied from 1.05 to 1.48 (g/cm3), and specific gravity varied from 0.98 to 1.39. For the mechanical properties, the results revealed that at 18% moisture content and 80% grade stress, mean MOR of 28.91(N/mm2), mean MOE of 9,108 (N/mm2), compressive strength parallel to grain of 24.7 (N/mm2), compressive strength perpendicular to grain of 8.99 (N/mm2), shear strength of 2.01 (N/mm2), and tensile strength parallel to grain of 16.15 (N/mm2). Finally, according to BS 5268-2 (2002) the specie was characterised into strength classes between D50 and D70. The results obtained showed that Shea Tree is a hardwood and suitable to be used for structural engineering purposes.

Keywords: Vitellaria paradoxa, Physical properties, Mechanical properties, Structural timber, Green Construction
",Vitellaria paradoxa; Physical properties; Mechanical properties; Structural timber; Green Construction,DOAJ
cd0e918707154ca69bfc2e4816225ce4,Key determinants of green construction finance uptake in Kenya,Dorcas Musingi ; Shadrack Simon ; James Okaka ,2025,Acta Structilia,ZA,https://doi.org/10.38140/as.v32i2.9873,https://journals.ufs.ac.za/index.php/as/article/view/9873,"The construction sector has a significant impact on the environment, yet the uptake of green construction in Kenya remains low, partly due to barriers in accessing green construction finance (GCF). This study evaluates the key determinants influencing GCF uptake in Kenya’s construction industry. Using quantitative research methods, a survey of 69 registered developer firms was conducted, evaluating eight key determinants, namely awareness; availability and accessibility; institutional and regulatory factors; financial and cost-related aspects; environmental considerations; technological and technical factors; risk, and sociocultural influences. Findings revealed moderate awareness of technical aspects but poor understanding of financial mechanisms, incentives, and application processes. While GCF is perceived as available, bureaucratic and regulatory barriers limit accessibility. Long-term financial gains and environmental benefits are recognised, yet high upfront costs, regulatory uncertainties, skill gaps, and low public awareness constrain adoption. Technological readiness and certification bodies are crucial for GCF uptake, but sociocultural attitudes, trust deficits, and inadequate policy coherence remain significant barriers to widespread GCF adoption, highlighting the need for targeted interventions. The study contributes to research and policy, by providing recommendations to guide strategies (e.g., combining capacity-building programmes, streamlined institutional and regulatory frameworks, financial incentives, technological support, risk mitigation, and social advocacy) that can improve green finance accessibility and promote sustainable construction practices in Kenya.",green construction finance; sustainable construction; financing barriers; kenya construction industry; determinants of adoption,DOAJ
ce16510bf2b14043b292bbfd7db16a3d,Using cellulose nanocrystals to improve the mechanical properties of fly ash-based geopolymer construction materials,Rishen Roopchund; Jerome Andrew; Bruce Sithole,2022,"Engineering Science and Technology, an International Journal",NL,10.1016/j.jestch.2021.04.008,http://www.sciencedirect.com/science/article/pii/S2215098621000902,"Ordinary Portland cement production is one of the biggest emitters of carbon dioxide. Consequently, there is a strong need for construction materials with lower environmental footprints. However, the development of alternative green construction materials requires a standardized framework. Although cellulose nanocrystals have shown considerable reinforcement potential in conventional construction materials, its effect on the mechanical properties of fly ash-based geopolymers as green construction materials is not known. Consequently, a detailed database outlining the cellulose nanocrystals interactions on the compressive strength, density, and corrosion resistance properties of geopolymers can optimize and guide further research efforts. The aims of this study were to firstly determine the effect of cellulose nanocrystals on the mechanical properties of fly ash-based geopolymers. Secondly, to produce a database of the effects of cellulose nanocrystals concentration and activator concentration on the mechanical properties of the formed geopolymers. Finally, to formulate an empirical framework to develop green construction materials. An empirical framework was developed alongside the cellulose nanocrystals-reinforced geopolymers, which were optimized using a statistical experimental design. The experimental results yielded the geopolymer property database. It was found that low cellulose nanocrystals concentrations (less than 0.5%) favoured the geopolymer mechanical properties. Using industrial wastes to produce green construction materials can divert industrial wastes from landfills and minimize the widespread use of environmentally degrading conventional construction materials. The framework developed in this study can facilitate the commercialization of green construction materials in industry.",Waste beneficiation; Fly ash geopolymers; Cellulose nanocrystals; Green construction materials; Non-conventional building materials,DOAJ
cf814dc12db849a8bbbdd2da71765e9f,"Sand mining deteriorates soil fertility and farming livelihoods around Accra, Ghana",Katharina Salomea Hemmler; Kofi Yeboah Asare; Emmanuel Yamoah Tenkorang; Andreas Buerkert,2024,Scientific Reports,GB,10.1038/s41598-024-66656-z,https://doi.org/10.1038/s41598-024-66656-z,"Abstract Urbanization in Sub-Saharan Africa requires vast quantities of sand to meet infrastructural demands. In Accra, Ghana, sand mining occurs predominantly on farmlands at the city’s periphery. We selected three study communities to assess the effects of sand mining on agriculture using interviews with local farmers and soil analyses of mined and unmined fields. The results underscore the profound repercussions of sand mining on farmers, characterized by substantial agricultural land loss, the destruction of food crops, and the absence of compensation payments or land reclamation. The study further reveals a significant decline in soil fertility of mined fields compared to unmined fields as evidenced by reduced levels of carbon (C, by 6.3 g kg-1) and macronutrients (nitrogen (N, by 0.6 g kg-1), phosphorus (P, 12.7 mg kg-1), potassium (K, 77 mg kg-1) and magnesium (Mg, 88 mg kg-1)), and an increase in soil compaction (bulk density by 0.13 g cm-3 and penetration resistance by 0.11 MPa). Soil texture and pH were altered and sodium (Na, by 16 mg kg-1) and soil moisture (by 4%) increased. On a communal level, sand mining adversely affected water availability, road infrastructure, and the health of residents. The study fills research gaps on the effects of sand mining on agricultural productivity, soil fertility and livelihoods, emphasizing the urgent need for effective regulation, law enforcement and collaboration as well as compensation and land reclamation mechanisms to limit the adverse impacts of sand mining on ecosystem services. Further, the use of more sustainable building materials should be fostered to reduce the demand for sand in Ghana.",,DOAJ
d660dc54aa7e4b17a5658058459023a7,Development of a Low-Density Waste-Based Geopolymer Construction Material,Brian Ncube; Rishen Roopchund,2024,Buildings,CH,10.3390/buildings14030684,https://www.mdpi.com/2075-5309/14/3/684,"The construction industry, integral to national infrastructure development, faces environmental challenges attributed to Portland cement’s high energy consumption and carbon dioxide emissions during production. To address this challenge, this study integrated waste fly ash and polystyrene into geopolymers to enhance environmental sustainability and economic feasibility. The objectives included developing low-density geopolymers using polystyrene inclusion, optimizing component mixing ratios, assessing activator concentration effects, determining the optimal curing conditions, and characterizing the resulting geopolymers. Through experimental investigation, low-density geopolymers were developed with optimized component ratios and curing conditions. The experimental procedure began with the classification of fly ash to determine its suitability for various applications, revealing it to be type F. Geopolymers were fabricated using a mixture of fly ash, water, sodium hydroxide activator, and polystyrene. Varied concentrations of sodium hydroxide and polystyrene were employed. Two curing temperatures, 60 °C and 100 °C, were explored. The results showed that greater sodium hydroxide concentrations improved the structure and compressive strength of the geopolymers. The results also demonstrated a significant correlation between the curing conditions and the mechanical properties of the produced geopolymers. The goal of reducing the density of the geopolymers for lightweight thermal-resistant applications was achieved through polystyrene incorporation. However, polystyrene incorporation negatively impacted the compressive strength. The optimum production conditions for the sodium hydroxide-varied samples were 8 g sodium hydroxide/g sample cured at 100 °C, while the optimum production conditions for polystyrene-varied samples were 1 g polystyrene/g sample cured at 60 °C. The findings confirmed the viability of utilizing fly ash and polystyrene wastes to produce sustainable, low-density, thermal-resistant construction materials. Overall, increasing activator concentration enhances the strength and durability of geopolymers, while polystyrene contributes to the development of lightweight geopolymers, provided the appropriate amount is utilized. To ensure replicability, the formulation procedure and input quantities must be tailored according to the intended geopolymer application. These insights offer practical guidance for optimizing geopolymer manufacturing processes towards enhanced sustainability and performance.",waste beneficiation; green construction materials; waste-based construction materials; fly ash; polystyrene waste; materials characterization,DOAJ
d8a1eb07ad4b427cafb7960743d2ed65,Characterization of polymer–quarry dust composite for structural applications,H Shagwira; J M Wambua; F M Mwema; T C Jen,2024,Scientific African,NL,10.1016/j.sciaf.2023.e01992,http://www.sciencedirect.com/science/article/pii/S2468227623004465,"This study explores the utilization of quarry dust in producing polymer composite for roofing tiles application. Quarry dust was incorporated into high-density polyethylene (HDPE) and polypropylene (PP) in various weight proportions (5 %, 20 %, 40 %, 60 %, and 80 %). Experimental tests that were conducted include the melt flow index (MFI), microstructural analysis, water absorption, Shore D hardness, and Charpy impact strength. The PP+60 wt.% quarry dust had the highest MFI value of 24.5 g/10 min hence easy to process. The water absorption for 60 % and 80 wt.% composition was found to be significantly high as compared to other proportions. The Shore D hardness increases with an increase in the amount of quarry dust with the highest Shore D hardness value of 82 attained for samples having 80 wt.% quarry dust. For the impact strength, only 5 wt.% composition of quarry dust in both polymer composites had a higher value than the pure polymer with PP+5 wt.% quarry dust exhibiting a higher impact strength of 69.6 kJ/m2. This work demonstrates that the properties of waste plastics can be improved by using quarry dust as reinforcement, suiting green construction applications such as the production of roofing tiles.",Composite; Plastics; Quarry dust; Recycling; Roof tiles,DOAJ
dbc90c49cdba4bfea2f9c61fefa9bcbe,Enhancing the Thermal and Energy Performance of Clay Bricks with Recycled Cultivated <i>Pleurotus florida</i> Waste,Marwa Kamal Fahmy; M. M. Ahmed; Sally A. Ali; Dalia Tarek; Ibrahim M. Maafa; Ayman Yousef; Ayman Ragab,2024,Buildings,CH,10.3390/buildings14030736,https://www.mdpi.com/2075-5309/14/3/736,"The development of energy-efficient and sustainable building materials is imperative to reduce energy consumption in the construction sector. This study addresses both the applied problem of increased solar heat gain and decreased indoor thermal comfort, as well as the scientific problem of reducing the thermal conductivity of clay bricks. It investigates the incorporation of recycled spent mushroom materials, consisting of <i>Pleurotus florida</i> mycelia and rice husk waste, as a novel additive in the production of fired clay bricks (FCBs) to enhance thermal insulation properties. The developed bricks were utilized in an optimized wall design for a residential building in New Cairo, Egypt. The wall design is created using energy modeling software, including Honeybee, Ladybug, Climate Studio, and Galapagos. The results demonstrate that an optimal waste content of 15% and a firing temperature of 900 °C yield the best thermal performance. Compared to traditional FCB walls, the new design incorporating the florida waste additive significantly improves thermal comfort, as indicated by a lower predicted mean vote and predicted percentage of dissatisfaction. Furthermore, the developed walls contribute to a reduction in CO<sub>2</sub> emissions of 6% and a decrease in total energy consumption of 38.8%. The incorporation of recycled florida waste offers a sustainable approach to enhancing standard brick fabrication processes. This work highlights the promise of agricultural waste valuation for the development of eco-friendly and energy-efficient building materials. Future research should explore the mechanical strength, acoustics, cost–benefit analysis, and field implementation of the developed walls, thereby addressing both the scientific and applied aspects of the problem.",recycling; <i>Pleurotus florida</i> waste; energy efficiency; thermal insulation; building envelope; parametric optimization,DOAJ
e55506e6c284457f845ec86a18f0ab9f,The Socio-Economics of Women Inclusion in Green Construction,Adedeji Olushola Afolabi; Patience Fikiemo Tunji-Olayeni; Opeyemi Olanrewaju Oyeyipo; Rapheal Abiodun Ojelabi,2017,Construction Economics and Building,AU,10.5130/AJCEB.v17i1.5344,https://learning-analytics.info/journals/index.php/AJCEB/article/view/5344,"The female population represents one of the greatest untapped resources for economic growth and revitalization in most sectors. The purpose of the study was to examine the socio-economics of women’s inclusion in green construction. The study utilized the use of questionnaires which were distributed to female professionals in the Nigerian construction industry. A total of 120 female construction professionals were used for this study. The data gathered was analysed using SPSS v17.0 with tests such as Frequencies, Percentages, Mean Score, ANOVA, and Factor Analysis. The result revealed a low level of participation by women in green construction. Women in construction exhibited moderate participation in Solar panel manufacturing, installation, and maintenance and in the enforcement of environmentally friendly practices on-site. The study revealed that the stressful nature of works, low interest from women, low career growth/progression and low investments in green works are significant barriers affecting women’s inclusion in green construction. In conclusion, the study identified three (3) socio-economic benefits of women’s inclusion in green construction. These are family/women related benefits, environment related benefits, and green energy market related benefits. The study suggested measures to increase women’s participation in green construction.",Climate change; economics; gender; green construction; women inclusion.,DOAJ
f1993172c86f4fd1ad09c29b2967b8e2,Investigation of the optimum calcination temperature for water treatment plant sludge to develop a sustainable alkali activated concrete,Jasmin Osama Abdelhalim; Ismail Amer; Ibrahim Abdel Latif; Ihab Fawzy; Sayed Ismail; Mohamed A. Khalaf,2025,Scientific Reports,GB,10.1038/s41598-025-85225-6,https://doi.org/10.1038/s41598-025-85225-6,"Abstract Nowadays, Egypt is treating the Nile River Water to produce drinking water, and this process generates large amounts of waste, around 635 million m3 annually, which is called water treatment plant sludge (WTPS). This WTPS cost the government around 30 million US dollars to return it back to the Nile River in addition to negatively affecting the environment. Therefore, there is an urgent need to find environmentally friendly alternatives that reduce the impact of such an issue. This paper focuses on treating WTPS by drying, grinding and calcining to develop it as an alternative binder for use in alkali-activated concrete. This approach would not only provide green construction material but also reveal an environmental disposal route for the sludge produced in Egypt or in any country has the same issue. The treatment methodology used in this study was based on finding the optimum calcination temperature regime for WTPS after drying and grinding. Fifteen specimens of WTPS powder were used to investigate the optimum calcination temperature and duration by applying different temperatures ranging from 500 °C to 800 °C for various exposure durations of 30, 60 and 90 min. XRD and Chapelle tests were employed to chemically investigate the efficiency of the obtained calcined WTPS specimens, while strength activity index and compressive strength tests were used to mechanically verify the findings of the chemical tests. The results indicated that the calcination regime, which involved applying a maximum temperature of 650 °C for 90 min, achieved the best chemical characteristics and a strength activity index of 145%. Moreover, this regime resulted in a compressive strength of 21 MPa when WTPS powder was used as a precursor in alkali-activated concrete. Additionally, this paper presented a brief comparison of the production cost and energy consumption between cement and WTPS. The comparison demonstrated the efficiency of using WTPS as a replacement for cement, showing that the production of WTPS costs 50% less and consumes 92% less energy than cement.",Water treatment sludge; Calcination; Chapelle test; Compressive strength; Temperature; Alkali-activated concrete.,DOAJ
f3fdec2639584355b45f9bf7f934d08f,RECYCLING LOCAL INDUSTRIAL WASTES FOR PRODUCTION OF GREEN CONSTRUCTION MATERIALS,Alaa El-Din Sharkawi,2015,Journal of Engineering Research - Egypt,EG,10.21608/erjeng.2015.128166,https://erjeng.journals.ekb.eg/article_128166_47633c223148ba994f2eb6d4edfe27d5.pdf,"Industrial waste is one of the most important sources of environmental pollution in the world and Egypt. Providing economic opportunities for recycling these wastes represent an essential solution to this problem to encourage waste producers to dispose it safely and to provide an added value for these wastes. This research work will study the feasibility of recycling certain industrial wastes for production low-cost building materials and improving the soil compaction characteristics. In this research work, the efficiency of recycling some common local industrial wastes in production of construction materials was explored. The selected wastes include cement kiln dust (i.e. bypass) and ceramics powder. Previous researches and the chemical analysis showed that both wastes are promising as cement replacement materials. However, this exploratory phase is an initial investigation targeting the chemical properties of theses wastes for efficient use of both wastes to replace cement –partially- in mortar and plain concrete elements as well as bricks. The advantage of replacing part of the cement content with waste materials has double environmental action, by which reducing cement use leading to less carbon dioxide emission in addition to the safe recycling of the industrial wastes. Based on the selected condition of the cement bypass and ceramic powder, no significant enhancement was recorded in the mortar and concrete mixes had various ratios of cement replacement. However, the main physical and mechanical properties of some of the tested mixes provided promising values for using these mixes for production of more green plain concrete, mortar and bricks. For the soil enhancement application, addition of cement bypass to soil -commonly found in delta region- increased the California Bearing Ratio (CBR) value of this soil by 300%. Currently more comprehensive investigation is running to cover more than cement and ceramic factories in order to have a reliable data base of the properties of these types of industrial wastes and the efficient recycling of these wastes in construction materials and soil improvement applications.",industrial wastes; green construction materials; cement bypass; soil improvement,DOAJ
f6177bf734324f76bbc79b49cf9905bc,Design and Characteristics of a Single-Storey Hybrid Wood–Soil Structure,Mohamed Darwish; Mohamed Adham; Hassan Allam; Khaled Yousri; Tamer Hassan,2024,Buildings,CH,10.3390/buildings14061785,https://www.mdpi.com/2075-5309/14/6/1785,"The need to reduce the effects of climate change has been increasing. One of the pathways to answer such a need is green construction. Hybrid wood–soil (HWS) structures are eco-friendly in addition to being cost-effective. Within this study, a single-storey building has been architecturally and structurally designed and tested. A conventional reinforced concrete (RC) structural system was designed and considered as a control case to be compared to the design at hand, which is an HWS system incorporating locally cultivated Casuarina Glauca wood and an in situ earth-based mixture. The two design alternatives are compared in terms of cost and carbon emissions. The HWS has proven to be economically viable and eco-friendly when compared to RC. The following stage within the research was to validate that the HWS structure will be structurally sound when erected. First, the effectiveness of the finger jointing process of the wooden members was experimentally assessed through performing bending tests on a finger-jointed specimen. Furthermore, half-scale models of one room within the structure have been manufactured from Casuarina Glauca wood and tested laterally to investigate the resistance of the HWS structural system to lateral loads. The first model was tested laterally without the earth-based infill and plaster materials to assess the behavior of the structural elements and measure its deformations. The second model was tested after applying the earth-based materials to obtain the true structural behavior of the system and the effect of the earth-based materials on its resistance to lateral loads. The results were used to assess the degree of the structural effectiveness of this HWS and the contribution of its components to its lateral stiffness.",timber structures; hybrid wood–soil systems; earth construction; green construction,DOAJ
f67345a13c464e77bdab44ad9bc0db64,"Selection of Sustainable Building Material Using Multicriteria Decision-Making Model: A Case of Masonry Work in Lideta Subcity, Addis Ababa",Diriba Tegegne; Mebratu Abera; Esayas Alemayehu,2023,Advances in Civil Engineering,GB,10.1155/2023/9729169,http://dx.doi.org/10.1155/2023/9729169,"In today’s world, where the need for construction projects is increasing from time to time, especially in developing countries such as Ethiopia, sustainability issues and principles were not exercised by construction professionals during the material selection process. At the initial stage, the designer considers materials he/she is familiar with. However, their assumption may not work because the structure that is going to be developed may be different from the previous one. Thus, the designer shall consider sustainability issues during the design period. This article will guide construction stakeholders in the selection of sustainable building materials, specifically masonry materials in the Ethiopian construction industry. The research was carried out in the Addis Ababa Lideta subcity, to identify sustainable building materials for masonry work. The selection process is not depending on a single factor rather it depends on multifactors. The identification was carried out through exploring factors affecting the selection of sustainable building materials for masonry work. The weights of identified factors were determined by pairwise comparison among the factors under consideration. The research is of the empirical type which uses mathematical formula, matrix concept, and analytical hierarchy process (AHP) as a model. In this method, pairwise comparisons were made among the criteria and subcriteria so that the weights of the criteria or subcriteria/or alternative on the bases of the indicated criteria were computed. Then, prioritization was made on the bases of the weight of the criteria. Finally, an alternative with a high score shall be selected. The article identifies the major factor affecting the selection of sustainable building materials for masonry work as social benefit, performance capability, sustainability of the material to reduce environmental impact, waste minimization, resource efficiency, and life cycle cost of the material. Under each criterion, there are number of subcriteria contributed to them. On the basis of the above criteria, 4 alternatives (stone, brick, CEB, and cement block) were proposed from which compressed Earth block (CEB) was selected.",,DOAJ
faf0f6796f744f6e88186538864187af,A sustainable alternative to traditional building materials: assessing stabilised soil blocks for performance and cost in Malawi,Rachel Hershey; Marc Kalina; Innocent Kafodya; Elizabeth Tilley,2023,International Journal of Sustainable Engineering,GB,10.1080/19397038.2023.2237062,http://dx.doi.org/10.1080/19397038.2023.2237062,"Within Malawi, and across the Global South, the adoption of stabilised soil blocks (SSBs) as a sustainable alternative to burnt clay bricks, has been hindered by the high cost of stabilisers. The purpose of this article is to evaluate the performance of cement as a stabiliser in soil stabilised blocks, and to propose cement ratios which both reduce the material cost while meeting building requirements for local applications. Using a brick production method replicable within a rural African context, we tested a range of cement contents for dry compressive strength, flexural strength, and water absorption properties. Our findings suggest that a cement content of 3.6% is adequate for single-story building applications, four times lower than that currently used in compressed brick production within the study area. Moreover, the elimination of the firing process – which represents half of burnt brick production costs – and the proposed cement ratios correspond to large cost savings, ranging from 20% to 77% depending on building application, for brick producers. These results suggest that the cost of manufacturing stabilised soil blocks can be considerably reduced and thus become financially viable; however further innovation is needed to achieve a sustainable means of production and use.",africa; clay bricks; stabilised soil bricks; alternative building materials; green construction; sustainability; sustainable construction,DOAJ
01c01bce680b42a58dcb3df2d7a2aa9e,"The Cytotoxic Effects of Nyaope, a Heroin-based Street Drug, in SH-SY5Y Neuroblastoma Cells",Willie M.U. Daniels; Matome M. Sekhotha; Nirvana Morgan; Ashmeetha Manilall,2024,IBRO Neuroscience Reports,GB,10.1016/j.ibneur.2024.01.014,http://www.sciencedirect.com/science/article/pii/S2667242124000149,"Nyaope is a local adulterated drug that contributes significantly to the psychosocial challenge of substance use in South Africa. Despite being a huge burden on society and the health care system, research into the deleterious effects of nyaope is limited. The aim of the present study was therefore to perform a chemical analysis of the drug and to assess its toxic effects on neuroblastoma cells. Gas chromatography-mass spectrometry (GC/MS) analysis showed that nyaope mainly consists of heroin and heroin-related products. SH-SY5Y cells were subsequently exposed to increasing concentrations of nyaope (0.625, 1.25, 2.5, 5 and 10 µg/µL) for 1, 6 or 24 h. The toxic effects of nyaope were determined by measuring lactate dehydrogenase (LDH) released into the cell culture medium as an indicator of necrosis, the mRNA expression levels of Bax and Bcl-2 as markers of apoptosis, and the mRNA expression levels of p62 and microtubule-associated protein 1 A/1B light-chain 3 (LC3) as indicators of autophagy. Exposing SH-SY5Y cells to concentrations of nyaope 5 µg/µL and greater for 24 h, resulted in a significant increase in LDH levels in the cell culture medium, unchanged mRNA expression of Bax and Bcl-2 mRNA, and significantly reduced p62 and elevated LC3 mRNA expression levels. The chemical analysis suggests that nyaope should be considered synonymous with heroin and the toxic effects of the drug may recruit pathways involved in necrosis and autophagy.",Cell viability; Necrosis; Apoptosis; Autophagy; Gas chromatography; PCR,DOAJ
02cfdf7995e2438f85d51017a7840c6e,Chloride Ingress in Chemically Activated Calcined Clay-Based Cement,Joseph Mwiti Marangu; Joseph Karanja Thiong’o; Jackson Muthengia Wachira,2018,Journal of Chemistry,GB,10.1155/2018/1595230,http://dx.doi.org/10.1155/2018/1595230,"Chloride-laden environments pose serious durability concerns in cement based materials. This paper presents the findings of chloride ingress in chemically activated calcined Clay-Ordinary Portland Cement blended mortars. Results are also presented for compressive strength development and porosity tests. Sampled clays were incinerated at a temperature of 800°C for 4 hours. The resultant calcined clay was blended with Ordinary Portland Cement (OPC) at replacement level of 35% by mass of OPC to make test cement labeled PCC35. Mortar prisms measuring 40 mm × 40 mm × 160 mm were cast using PCC35 with 0.5 M Na2SO4 solution as a chemical activator instead of water. Compressive strength was determined at 28th day of curing. As a control, OPC, Portland Pozzolana Cement (PPC), and PCC35 were similarly investigated without use of activator. After the 28th day of curing, mortar specimens were subjected to accelerated chloride ingress, porosity, compressive strength tests, and chloride profiling. Subsequently, apparent diffusion coefficients (Dapp) were estimated from solutions to Fick’s second law of diffusion. Compressive strength increased after exposure to the chloride rich media in all cement categories. Chemically activated PCC35 exhibited higher compressive strength compared to nonactivated PCC35. However, chemically activated PCC35 had the least gain in compressive strength, lower porosity, and lower chloride ingress in terms of Dapp, compared to OPC, PPC, and nonactivated PCC35.",,DOAJ
0c9a4751b9794e32baf6671e57d0e11f,Enhancement of kaolin Clay Soil for Civil Engineering Application Using Rice Husk Ash and Sawdust Ash Geopolymer Cements ,Anigilaje Bunyamin Salahudeen; Nana Sunday Kpardong; Patience Mark Francis,2023,Nigerian Journal of Technological Development,NG,,https://journal.njtd.com.ng/index.php/njtd/article/view/1232,"
These days, good quality road construction materials are scarce and their haulage to the construction site is expensive. When unsuitable materials are encountered during flexible pavement construction, the most technical and economical option is always to improve them to meet design standards. One of these deficient materials mostly encountered in tropical regions is kaolin clay soils. Cement and lime that are traditional deficient soil improvement agents are on high demand therefore have kept the cost of engineering construction financially high. Thus, the use of agricultural wastes such as sawdust and rice husk as alternative construction materials will considerably reduce the cost of construction and as well mitigate the environmental hazards caused by the wastes and cement production. This study investigated and compared the performance of rice husk ash (RHA) and sawdust ash (SDA) geopolymer cements in improving the geotechnical properties of kaolin clay soil used for flexible pavement construction. All laboratory experimental tests were carried out in accordance with British Standard (BS) 1377 and BS 1924 for natural and modified kaolin clay soil samples respectively. Soil samples were mixed with geopolymer cement at stepped concentrations of 0, 4, 8, 12, 16 and 20% by dry weight of soil. Results indicated that the plasticity index value of the natural kaolin clay of 18.52% was reduced to 7.24% at 20% RHA geopolymer cement content. The unconfined compressive strength of the natural soil was improved by 600 and 400 % by RHA and SDA geopolymer cements respectively. It was concluded that the use of up to 20% RHA and SDA geopolymer cements can efficiently and eco-friendly improve kaolin clay for flexible pavement foundation purpose
",Soil stabilization; Geopolymer cement; Rice husk ash; Sawdust ash; Flexible pavements,DOAJ
32afd3b4adf5419280bbdaccbcd06958,Mechanical Performance and Physico-Chemical Properties of Limestone Calcined Clay Cement (LC3) in Malawi,Innocent Kafodya; Debojyoti Basuroy; Joseph Mwiti Marangu; Grant Kululanga; Riccardo Maddalena; Viviana Iris Novelli,2023,Buildings,CH,10.3390/buildings13030740,https://www.mdpi.com/2075-5309/13/3/740,"Malawi is one of the least-developed countries in Sub-Saharan Africa with disaster-prone housing infrastructure characterized by poor construction materials. Therefore, there is a need to provide resilient and cost-effective materials, such as limestone calcined clay cement (LC3). However, the exploitation of LC3 in Malawi is limited due to a lack of mineralogical information about the clays and limestone and related strength and durability when used as a cementitious material. In this study, the strength and physico-chemical properties of LC3 systems with 50% and 40% clinker contents (LC3-50 and LC3-40) were investigated. Cement mortar specimens were prepared at water to cement (w/c) ratios of 0.45, 0.5, and 0.6 with varying calcined clay (CC) to limestone (CC/LS) ratios (1:1, 2:1, and 3:1). The effects of CC/LS ratio on the fresh properties, strength, and durability were investigated. The results showed that specimens with 40% Portland cement replacement levels (LC3-40) exhibited higher standard consistency (up to 45%) than LC3-50, porosity in the range of 8.3–13.3%, and maximum water uptake in the range of 3.8–10.9%. On the other hand, LC3-50 samples offered the highest strength of approximately 40 MPa, complying with requirements for pozzolanic cementitious materials, whereas LC3-40 conforms to the strength requirements for masonry cements. This work shows that LC3 systems can be manufactured with local clays and limestone available in Malawi, and used as a sustainable construction material to mitigate carbon emissions as well as boost the local economy.",calcined clay; limestone; cement; hydration; porosity; LC3,DOAJ
3876762efda546cd99780e0f11aa301c,Comparative performance of limestone calcined clay and limestone calcined laterite blended cement concrete,Kazeem Dele Musbau; John Temitope Kolawole; Adewumi John Babafemi; Oladimeji Benedict Olalusi,2021,Cleaner Engineering and Technology,GB,10.1016/j.clet.2021.100264,http://www.sciencedirect.com/science/article/pii/S266679082100224X,"The global availability and abundance of clay soil and limestone have recently driven research for their combined use as supplementary cementitious material (SCMs). In tropical regions, laterite (which has similar chemical signature to clay) naturally abounds in larger quantities and can potentially be used in place of clay soil as SCM. This is the focus of this study which experimentally evaluates the comparative performance of concrete made from limestone calcined clay, limestone calcined laterite and calcined laterite as supplementary cementitious materials by simple test methods. The replacement of the Portland cement with these SCMs was up to 45% to achieve low-carbon cementitious materials. The cementitious materials were characterised and four concrete mixes (100% ordinary Portland cement; 15-30-55% of limestone-calcined clay-Portland cement; 30–70% of calcined laterite-Portland cement; and 15-30-55% of limestone-calcined laterite-Portland cement) were formulated to showcase their performance in terms of workability, strength, and durability. The possibility of a differing influence of varied water-to-binder ratio on the clay and laterite SCMs was also examined. The results show no significant difference between the performance of the laterite-based and clay-based blended cement concrete. It was concluded that laterite can be interchangeably used in place of clay in limestone calcined clay cements (LC3), especially in tropical regions where laterite is in abundance as much as or more than clay. Further investigation is recommended for long term performance evaluation.",Clay; Laterite; Blended cement; Concrete performance; Surface absorption,DOAJ
39d02123840c493bbeaf42dd56823c1a,Mitigation of lack of fusion in 3D printed limestone calcined clay cement concrete induced by effective microorganisms,Kamoru A. Ibrahim; Gideon P.A.G. van Zijl; Adewumi J. Babafemi,2024,Case Studies in Construction Materials,GB,10.1016/j.cscm.2024.e03176,http://www.sciencedirect.com/science/article/pii/S2214509524003279,"Limestone calcined clay cement (LC3) and other supplementary cementitious materials reduce the carbon footprint by replacing clinker/cement content in 3D printed concrete (3DPC) without jeopardising the rheology and mechanical performance of structural concrete. This paper presents the utilisation of effective microorganisms (EM) in LC3 fibre-reinforced printed concrete (FRPC) to improve interfacial bond. Weak interfaces between layers remain a considerable challenge to the 3DPC construction technology, causing anisotropic hardened mechanical strength and stiffness, and acting as pathways for ingress of deleterious substances that drive deterioration. An experimental campaign was performed on EM-enhanced LC3-FRPC and reference LC3-FRPC, comprising of three destructive tests: compression, direct tension, and flexure in two orthogonal directions, i.e. parallel and perpendicular to the printed layers, to investigate interfacial strengthening and reduced anisotropy. Analytical investigations were performed to detect microstructural mechanisms of strengthening including scanning electron microscopy (SEM) augmented by energy dispersive X-ray spectroscopy and X-ray computed tomography (X-CT). EM-enhanced strengths of the tensile and flexural specimens resulted in average interfacial bond strength values of 1.45 MPa and 6.27 MPa, respectively, which were 26.1 % (tension) and 33.7 % (flexure) higher than those of non-EM specimens. The level of anisotropy was lowered in compression, tension, and flexure by 0.8 %, 14.8 % and 15.9 %, respectively, compared to the mixture without EM. These are ascribed to the interaction between EM and calcium hydroxide, and catalysed action of lactic acid bacteria, leading to the production of excess calcite precipitation. Conclusively, the material in the interlayer region of EM-enhanced specimens exhibited lower porosity and smaller pore size than non-EM specimens.",3D printed concrete; Limestone calcined clay cement; Effective microorganisms; Mechanical properties; Bond strength; Microstructures,DOAJ
3d020b4e5bc74a5e9d3beab754e24152,Performance of Ground Clay Brick Mortars in Simulated Chloride and Sulphate Media,Festus Ngui Musyimi; Jackson Muthengia Wachira; Joseph Karanja Thiong’o; Joseph Mwiti Marangu,2019,Journal of Engineering,GB,10.1155/2019/6430868,http://dx.doi.org/10.1155/2019/6430868,"The durability of cement-based structures majorly depends on their resistivity to the aggressive media in the construction environment. The most aggressive ions commonly encountered in construction environment are chloride (Cl−) and sulphate (SO42−). The interactions of these ions with hydrated cement influence their durability and ultimate service life. This paper reports the experimental findings on an investigation on the diffusivity of Cl− and SO42− ions into mortars made from two mixtures: one made from ground calcined clay bricks (GB) and commercial ordinary Portland cement (OPC) and the other consisting of GB and Portland pozzolana cement (PPC). The test media were 3.5% Cl− and 1.75% SO42− solutions. For comparison, commercial OPC and PPC were also investigated. GB was blended with OPC at replacement levels of 25, 35, 45, and 50% to make OPCGB. Similar blends were also made with PPC replacement levels of 15, 20, and 25% to make PPCGB. Mortar prisms measuring 160 mm × 40 mm × 40 mm were cast at the water-to-cement ratios (w/c) of 0.40, 0.50, and 0.60 using each category of cement and cured in water for 3, 7, and 28 days. Compressive strength measurements were taken at each of the curing ages. The 28-day cured mortar prisms were subjected to compressive strength analysis and accelerated Cl− and SO42− ingress for 36 hours at 12 V. Ion profiling was done on the mortars, and diffusion coefficients of the Cl− and SO42− ions were approximated. The results showed that there was an increase in compressive strength after exposure to Cl− and SO42− ions. In addition, the ingress of Cl− and SO42− ions decreased with an increase in depth of cover. Blended cement exhibited lower Cl− and SO42− ingress than OPC. The ingress of Cl− was observed to be higher than that of SO42− ions. The ingress of Cl− and SO42− ions increased with an increase in w/c ratio. The results further showed that there was a drop in the ingress of Cl− and SO42− ions with an increase in replacement up to 35 percent for OPC. A 15 percent replacement showed a better compressive strength development compared with 20 and 25 percent replacement for PPC. Blended cement showed lower apparent diffusion coefficients (Dapp) compared with OPC. PPC, OPCGB-35, and PPCGB-15 exhibited similar performance in terms of strength development, aggressive ions ingress, and Dapp. In conclusion, it was found that the test cements, PPCGB-15 and OPCGB-35, can be used in similar tested environments as commercial PPC.",,DOAJ
4058d7086dab476d8ceb877b2212e21f,"Workability, strength, and microstructure of high strength sustainable concrete incorporating recycled clay brick aggregate and calcined clay",Oluwarotimi Olofinnade; Joshua Ogara,2021,Cleaner Engineering and Technology,GB,10.1016/j.clet.2021.100123,http://www.sciencedirect.com/science/article/pii/S2666790821000835,"This study examines the workability, strength, and microstructure of high strength eco-concrete incorporating recycled clay brick aggregate and calcined clay. The study adopted a design mixes proportioning of 1:1:2 by weight at a constant water/binder ratio of 0.25. The waste bricks were crushed, then used to partially substitute sand at levels of 0, 10, 20, 30, 40, and 50%, while calcined clay was used as a pozzolanic supplement was blended with cement at a constant replacement dosage of 10%. The workability was determined using the slump apparatus. The compressive, split tensile and flexural strengths of the hardened samples were evaluated using cubes, cylinders and beams of dimension 100 mm3, 100 × 200 mm and 100 x 100 × 550 mm, respectively. Scanning electron microscopy (SEM) coupled with energy dispersive x-ray (EDX) was conducted on selected samples. Results from the tests indicated a decreasing trend in the workability as the recycled clay brick content increases. Results on the mechanical properties show some levels of improvement in the strength performance and microstructure of the hardened samples containing recycled clay brick aggregate, not beyond 30% at constant calcined clay content. Concrete mix with 10% recycled clay brick aggregate and 10% calcined clay achieved a higher strength compared to the control. This implies that recycled clay brick aggregate can be utilize in the production of structural concrete.",Recycled clay brick aggregate; Calcined clay; Eco-friendly concrete; Compressive strength; Split tensile strength; Construction and demolition waste,DOAJ
4364e98badb6462b9f29686cdbb50650,Extracellular vesicles from HTLV-1 infected cells modulate target cells and viral spread,Daniel O. Pinto; Sarah Al Sharif; Gifty Mensah; Maria Cowen; Pooja Khatkar; James Erickson; Heather Branscome; Thomas Lattanze; Catherine DeMarino; Farhang Alem; Ruben Magni; Weidong Zhou; Sandrine Alais; Hélène Dutartre; Nazira El-Hage; Renaud Mahieux; Lance A. Liotta; Fatah Kashanchi,2021,Retrovirology,GB,10.1186/s12977-021-00550-8,https://doi.org/10.1186/s12977-021-00550-8,"Abstract Background The Human T-cell Lymphotropic Virus Type-1 (HTLV-1) is a blood-borne pathogen and etiological agent of Adult T-cell Leukemia/Lymphoma (ATLL) and HTLV-1 Associated Myelopathy/Tropical Spastic Paraparesis (HAM/TSP). HTLV-1 has currently infected up to 10 million globally with highly endemic areas in Japan, Africa, the Caribbean and South America. We have previously shown that Extracellular Vesicles (EVs) enhance HTLV-1 transmission by promoting cell–cell contact. Results Here, we separated EVs into subpopulations using differential ultracentrifugation (DUC) at speeds of 2 k (2000×g), 10 k (10,000×g), and 100 k (100,000×g) from infected cell supernatants. Proteomic analysis revealed that EVs contain the highest viral/host protein abundance in the 2 k subpopulation (2 k > 10 k > 100 k). The 2 k and 10 k populations contained viral proteins (i.e., p19 and Tax), and autophagy proteins (i.e., LC3 and p62) suggesting presence of autophagosomes as well as core histones. Interestingly, the use of 2 k EVs in an angiogenesis assay (mesenchymal stem cells + endothelial cells) caused deterioration of vascular-like-tubules. Cells commonly associated with the neurovascular unit (i.e., astrocytes, neurons, and macrophages) in the blood–brain barrier (BBB) showed that HTLV-1 EVs may induce expression of cytokines involved in migration (i.e., IL-8; 100 k > 2 k > 10 k) from astrocytes and monocyte-derived macrophages (i.e., IL-8; 2 k > 10 k). Finally, we found that EVs were able to promote cell–cell contact and viral transmission in monocytic cell-derived dendritic cell. The EVs from both 2 k and 10 k increased HTLV-1 spread in a humanized mouse model, as evidenced by an increase in proviral DNA and RNA in the Blood, Lymph Node, and Spleen. Conclusions Altogether, these data suggest that various EV subpopulations induce cytokine expression, tissue damage, and viral spread.",,DOAJ
45166e49ce6a43fb9dbafbd40a23e7ac,Transforming Industrial Waste into Low-Carbon Cement: A Multi-Criteria Assessment of Supplementary Cementitious Materials for Sustainable Concrete Design,Busola Dorcas Akintayo; Olubayo Moses Babatunde; Damilola Caleb Akintayo; Oludolapo Akanni Olanrewaju,2025,Recycling,CH,10.3390/recycling10060211,https://www.mdpi.com/2313-4321/10/6/211,"The cement industry accounts for nearly 8% of global anthropogenic CO<sub>2</sub> emissions, driven largely by energy-intensive clinker production. Valorising industrial and agricultural waste as Supplementary Cementitious Materials (SCMs) presents a viable mitigation strategy, aligning decarbonisation goals with circular-economy principles. This review employs a two-stage screening process and the Evaluation based on Distance from Average Solution (EDAS) method to assess 27 SCMs across technical, environmental, economic, and regulatory dimensions. The results establish a clear hierarchy: fly ash and metakaolin ranked highest, followed by ground granulated blast furnace slag, silica fume, and calcined clay. Life cycle assessment confirms these top-performing SCMs can reduce the global warming potential of cement production by 50–90% compared to ordinary Portland cement. While established SCMs like fly ash offer a balanced profile in durability, CO<sub>2</sub> reduction, and cost, the framework also identifies regionally abundant materials such as steel slag, bagasse ash, red mud, and Rice Husk Ash (RHA), which possess significant potential but require further processing and standardisation. The findings underscore that material consistency, robust regional supply chains, and performance-based standards are critical for large-scale SCM adoption, providing a replicable framework to guide industry and policy stakeholders in accelerating the transition to low-carbon, waste-valorised cement technologies.",LCA; MCDM; industrial waste; SCM; sustainability,DOAJ
5075a74813d743599c4793d937ba32ad,Potential of Limestone Calcined Clay Cement (LC3) in soil stabilization for application in roads and pavements construction,Loyford Muchui Mugambi; Sandra Mujombi; Victor Mutai; Julius Ratumo Toeri; Joseph Mwiti Marangu; Luca Valentini,2024,Case Studies in Construction Materials,GB,10.1016/j.cscm.2024.e03706,http://www.sciencedirect.com/science/article/pii/S221450952400857X,"Clay soil is associated with geotechnical problems of swelling and shrinkage, which causes deformations on structures. Ordinary Portland Cement (OPC) which is the most common stabilizing agent for clay soils, remains unaffordable in most developing countries, and its production also contributes about 8 % of global anthropogenic CO2 emissions. The present study aimed to investigate the effect of Limestone Calcined Clay Cement (LC3) on the stabilization of clay soils for applications in road construction. Clay soil was mixed with quarry dust to reduce the clay content and save cement. The mixture was stabilized using LC3 and OPC separately in proportions of 1 %, 3 % and 5 %. The effect of stabilizer dosage on the performance of clay soil was studied by monitoring the changes in Atterberg limits, Proctor test and soaked California Bearing Ratio (CBR). The mineralogical and microstructural investigation was carried out using X-Ray Diffraction (XRD), Scanning Electron Microscopy (SEM) and Thermogravimetric Analysis (TGA). Plasticity index (PI), linear shrinkage (LS), and optimal moisture content (OMC) of stabilized soil was found to decrease with increase in the dosage of LC3 and OPC. The Maximum Dry Density (MDD) and soaked CBR increased with addition of both LC3 and OPC. Formation of calcium silicate hydrate (C-S-H) in both LC3 and OPC stabilized clay soil, as well as formation of Hemi-carboaluminate in LC3 stabilized clay soil was responsible for improved properties of the stabilized soil. The performance of LC3 was found to be comparable to that of OPC, at optimum cement ratio of 5 %.",Soil stabilization; Calcined clay; Cement; Road,DOAJ
5b7a45f31c164498a6383a766c265d71,Mechanical and microstructural properties of high calcium fly ash one-part geopolymer cement made with granular activator,Bashar S. Mohammed; Sani Haruna; M.M.A. Wahab; M.S. Liew; Abdulrahman Haruna,2019,Heliyon,GB,10.1016/j.heliyon.2019.e02255,http://www.sciencedirect.com/science/article/pii/S2405844019359158,"In this present experimental study, geopolymer cement is developed using high calcium fly ash and used in the production of one-part alkali-activated binders. At 8–16 percent of the total precursor materials, the HCFA was activated with anhydrous sodium metasilicate powder and cured in ambient condition. Five mixtures of one-part geopolymer paste were intended at a steady w/b proportion. Density, flowability, setting time, compressive strength, splitting tensile strength and molar ratio impact were envisaged. It was observed that the setting time of the designed one-part geopolymer paste decreases with higher activator content. The experimental findings showed that the resistance of one-part geopolymer cement paste increases with comparatively greater activator content. However, raising the granular activator beyond 12 percent by fly ash weight decreases the strength and workability of the established one-part geopolymer cement. The optimum mix by weight of the fly ash was discovered to be 12 percent (i.e. 6 percent Na2O). At 28 days of curing, one-part alkali-activated paste recorded the greatest compressive strength of almost 50 MPa. The density of the one-part geopolymer paste is nearly the same regardless of the mixes. Microstructural assessment by FESEM, FTIR and XRD has shown that the established geopolymer paste includes quartz, pyrrhotite, aluminosilicate sodium and hydrate gels of calcium aluminosilicate. Based on the experimental information acquired, it can be deduced that the strength growth of one-part geopolymer cement is similar to that of Portland cement.",Civil engineering; Structural engineering; Materials application; Materials characterization; Materials physics; One-part geopolymer cement,DOAJ
60f4d1eba9724e888796b3d7897b2f06,Ternary and quaternary blends as partial replacement of cement to produce hollow sandcrete blocks,A.O. Sojobi; T.F. Awolusi; G.B. Aina; O.L. Oke; M. Oladokun; D.O. Oguntayo,2021,Heliyon,GB,10.1016/j.heliyon.2021.e07227,http://www.sciencedirect.com/science/article/pii/S240584402101330X,"Hollow sandcrete blocks constitute more than 90% of residential building construction in developing countries especially in West Africa. Over-reliance on dredged river sands and conventional ordinary Portland cement (OPC) contributes to environmental degradation and post-construction problems such as swelling and shrinkage-induced cracks prevalent in construction projects. The study investigates potential utilization of locally available materials such as laterite, calcite and calcined clay as ternary and quaternary blends to replace cement and quarry dust as 100% replacement of river sand with the aid of Taguchi-Response surface methodology approach. Optimum ternary blend of 24% calcined clay +1% calcite +75% OPC is recommended to achieve volume stability, higher compressive strength and higher flexural load capacity. Alternatively, ternary blends of 24% calcite +4% calcined clay +72% OPC can also be utilized. The improved mechanical properties were attributed to the Na- and Ca-rich aluminosilicates provided by the blended cements. Successful utilization of ternary and quaternary blended cements to produce stronger, durable and eco-friendly sandcrete blocks depends on utilization of high binder-to-aggregate ratio, optimal combination of the constituents, appropriate water-cement ratio and curing/production method. Partial and 100% replacement of river sand with granite dust is possible and contributes to reduction of environmental problems caused by river dredging as well as cleaner, ecofriendly construction. Ternary and quaternary blended cements is recommended to avert post-construction problems such as swelling and shrinkage-induced cracks prevalent in construction projects.",Sandcrete block; Calcite; Calcined clay; Construction; Ternary blended cement; Quarry dust,DOAJ
624c660655bb4db0a592983ea0d9604a,An assessment of the pozzolanic potential and mechanical properties of Nigerian calcined clays for sustainable ternary cement blends,Samuel Adesina Adegbemileke; Sylvester Obinna Osuji; Okiemute Roland Ogirigbo,2024,Sustainable Structures,HK,10.54113/j.sust.2024.000057,https://doi.org/10.54113/j.sust.2024.000057,"This study investigates the potential of calcined clays from Nigerian deposits as supplementary cementitious materials. Clay materials were obtained from three sites namely: Ikpeshi, Okpilla and Uzebba. The raw clay samples were then calcined at 700°C and 800°C. Chemical and mineralogical compositions were determined for the raw and calcined clay samples using XRF and XRD respectively. The chemical composition by XRF confirmed these clays as potential pozzolans with SiO2, Al2O3, and Fe2O3 collectively exceeding 70%. XRD analysis identified kaolinite and quartz as major mineral phases in the raw clays, which transformed into metakaolin upon calcination. Thermo Gravimetric Analysis (TGA) indicated varying lime consumption levels among the clays, with Ikpeshi clay displaying the highest pozzolanic reactivity and Uzebba clay the least. Compressive strength investigation on mortar cubes prepared with 50% substitution of Portland cement with the calcined clay and limestone, showed that Ikpeshi clay at 800°C had the best strength performance, with strength activity index of 0.92 (at age 28 days), demonstrating superior pozzolanic potential. Strength development was more significant between 7 and 28 days, indicating the pozzolanic reaction's contribution to long-term strength. However, initial strength at 3 days was lower than the reference Portland cement due to a delayed pozzolanic reaction. XRD analysis of blended pastes revealed typical phases of hydration like portlandite, calcium silicate hydrate phase, strätlingite, and ettringite, with the calcined clay blends showing reduced portlandite content, indicating absorption by the pozzolan's alumina phase.",calcined clay; limestone; supplementary cementitious materials; pozzolanic reaction; portland cement; nigerian clays,DOAJ
657a25b57af244efbd35a5ba31bbb2d0,A Study on Gel/Space Ratio Development in Binary Mixture Containing Portland Cement and Meta-Illite Calcined Clay/Rice Husk Ash,David O. Nduka; Babatunde J. Olawuyi; Opeyemi O. Joshua; Ignatius O. Omuh,2022,Gels,CH,10.3390/gels8020085,https://www.mdpi.com/2310-2861/8/2/85,"Supplementary cementitious materials (SCMs) have been widely used to enhance both the microscopic and macroscopic properties of the Portland cement (PC)–SCM composite matrix. Few studies have been undertaken to establish the gel/space ratio of meta-illite calcined clay (MCC) and rice husk ash (RHA)-based high-performance concrete (HPC) mortar. This experimental paper describes a conventional degree of hydration (non-evaporable water) and porosity routes of establishing a link amid the gel/space ratio and compressive strength of a sieved mortar from Class 1 (50–75 MPa) HPC at an early age. Using the non-evaporable water method, this paper predicted the gel/space ratio of the hardened MCC/RHA-based HPC mortars and curved fitted into Powers’ exponent equation. The results from this study revealed that MCC or RHA additions (5–30% by weight of PC) to the PC-SCM matrix led to a moderate decline in the compressive strength of the low water-binder ratio (W/B) HPC mortar. The modification aimed at void volume (superabsorbent polymers, SAP, and air) applying Bolomey’s formula and Powers’ gel/space ratio developed a suitable fitting into the Powers’ model. This experimental procedure shows feasibility to predict the MCC and RHA outcome on the compressive strength of HPC.",gel/space ratio; meta-illite calcined clay; rice husk ash; Powers’ model; high-performance concrete; superabsorbent polymers,DOAJ
695f95f0e7714081bb4bacef8012d616,Effects of teff straw ash on the mechanical and microstructural properties of ambient cured fly ash-based geopolymer mortar for onsite applications,Tajebe Bezabih; Christopher Kanali; Joseph Thuo,2023,Results in Engineering,NL,10.1016/j.rineng.2023.101123,http://www.sciencedirect.com/science/article/pii/S2590123023002505,"Although geopolymer cement (GPC) is a substitute for Portland cement, its application is restricted due to the need for high-temperature curing (40–90 °C), which makes it challenging to utilise for onsite applications. To address this issue, the current study examined the potential of substituting fly ash (FA) with teff straw ash (TSA) in geopolymer mortars cured at ambient temperature. The findings revealed that substituting FA with TSA can eliminate the need for high-temperature curing, and the compressive strengths of FA-TSA-based geopolymer mortar mixtures cured for 28 days ranged from 45 to 53 MPa. Further, increasing the TSA content enhanced the mortar's flexural and direct tensile strengths. A teff straw ash level of 10% increased compressive, flexural, and direct tensile strengths by 40%, 59%, and 30% at 28 days, respectively. Furthermore, the mineralogical phases of the mortar after 28 days confirmed the presence of gismondine coexisting with other phases, and microstructural analysis indicates that the inclusion of TSA resulted in a denser structure. These findings suggest that TSA could be a potential substitute for FA in GPC applications to lower energy usage and environmental impact.",Teff straw ash; Compressive strength; Fly ash; Cement; Geopolymer; Microstructure,DOAJ
69d7250956264ae0835d8b394fd7ae8c,Development and assessment of cement and concrete made of the burning of quinary by-product,Muhammad Syarif; Mehmet Serkan Kırgız; André Gustavo de Sousa Galdino; M. Hesham El Naggar; Jahangir Mirza; Jamal Khatib; Said Kenai; Moncef Nehdi; John Kinuthia; Anwar Khitab; Carlos Thomas; Ravindran Gobinath; Muhammad Irfan Ul Hassan; Yan Kai Wu; Ahmed Ashteyat; Ahmed Soliman; Khairunisa Muthusamy; Thaarrini Janardhanan; Trinity Ama Tagbor; Tuan Anh Nguyen; Naraindas Bheel; Manoj A. Kumbhalkar; Chandra Sekhar Tiwary,2021,Journal of Materials Research and Technology,NL,10.1016/j.jmrt.2021.09.140,http://www.sciencedirect.com/science/article/pii/S2238785421011285,"The aim of this study is to evaluate the usability of new cement (NC) made by the burning of quinary by-product to make commercial binders. Chemical analysis of the by-products and NC as well as X-ray diffraction (XRD) analysis of NC, fineness, density, consistency, and setting time of NC paste, and slump in addition to compressive strength (CS) and splitting tensile strength (STS) of NC concrete (NCC) were conducted. The results suggested that chemical composition of by-products is suitable to make NC binder. The NC contains Ca3SiO5, Ca2SiO5, Ca3Al2O6, and Ca3Al2FeO10. The particles passing through the 200 um Sieve were 56% compared with 52% for Portland cement (PC). The density of the of NC was similar to that of PC. The NC needed 48% more water than PC for normal consistency. The initial and final setting-time of NC was 105 min and 225 min respectively which is much higher than that of PC (15 and 45 min). The slump, compressive strength and splitting tensile strength were slightly lower for concrete containing NC compared with that pf PC concrete. Although the CS and STS of NCC are the lowest, the rate of the CS and STS gain of NCC is greater than that of PCC. It was concluded that NC is a viable alternative to PC for the production of greener concrete.",Household waste; Calcined clay waste; Alternative cement; Fly ash; Bottom ash; Mediterranean soil,DOAJ
72f5dcb61d734e7cb667241ad7ee8418,Melatonin has profound effects on mitochondrial dynamics in myocardial ischaemia/reperfusion,K. Dube; K. Dhanabalan; R. Salie; M. Blignaut; B. Huisamen; A. Lochner,2019,Heliyon,GB,10.1016/j.heliyon.2019.e02659,http://www.sciencedirect.com/science/article/pii/S2405844019363194,"Research focus recently shifted to mitochondrial dynamics and the role of fusion and fission in cardioprotection. The aim of this study was to evaluate (i) the function and dynamics of mitochondria isolated from hearts exposed to ischaemia/reperfusion (I/R) (ii) the effects of melatonin, a powerful cardioprotectant, on mitochondrial dynamics in I/R. Isolated perfused rat hearts were stabilized for 30 min, subjected to 20 min global ischaemia, followed by 30 min reperfusion. Tissue was collected, mitochondria isolated for measurement of mitochondrial oxidative function and lysates from mitochondrial and cytosolic fractions prepared for western blotting. Melatonin (0.3 or 50 μM) was administered for 10 min immediately before the onset of ischaemia and for 10 min at the onset of reperfusion. Infarct size was assessed after 35 min regional ischaemia/60 min reperfusion using triphenyltetrazolium staining. The results show that reperfusion significantly reduced mitochondrial QO2 (states 3 and 4), with minor effects by melatonin. Cytosolic Beclin 1 and the LC3 II/I ratio were reduced by ischaemia and increased by reperfusion. Both ischaemia and reperfusion reduced mitochondrial PINK1 and Parkin levels, while reperfusion increased p62. An alternative mitophagy pathway mediated by Rab9 is activated during myocardial ischaemia/reperfusion. Ischaemia reduced and reperfusion increased cytosolic ULK1 expression, associated with redistribution of Rab9 and Drp1 between the cytosol and mitochondria. Melatonin significantly reduced mitochondrial p62 expression upon reperfusion. Throughout the protocol, melatonin significantly (i) increased cytosolic total (t) and phospho (p) ULK1, and Rab9 levels (ii) increased the cytosolic and reduced the mitochondrial pDrp1 levels and p/t Drp1 ratio, suggesting inhibition of mitochondrial fission. Fusion was affected to a lesser extent. Cardioprotection by melatonin is associated with substantial effects on mitophagy, the significance thereof remains to be established.",Cardiology; Musculoskeletal system; Physiology; Pharmacology; Laboratory medicine; Autophagy,DOAJ
7722d57642c74b13a368b8338d889607,Performance of Selected South African Kaolinitic Clays for Limestone Calcined Clay Cement,Adewumi John Babafemi; Hendrick Knobel; John Temitope Kolawole; Olaonipekun Moses Oyebanjo; Nenita Ntumba Bukalo; Suvash Chandra Paul; Md Jihad Miah,2022,Applied Sciences,CH,10.3390/app122110751,https://www.mdpi.com/2076-3417/12/21/10751,"Limestone calcined clay cement (LC<sup>3</sup>) has considerable potential for large-scale implementation. We investigated three selected kaolinitic clays at different locations in South Africa. LC<sup>3</sup> mortars were compared to Portland cement mortar as control, particularly the hydration phase mineralogy/content, microstructure, compressive strength, and 3D void structure. The investigation indicated that similar pozzolanic oxide (SiO<sub>2</sub> + Al<sub>2</sub>O<sub>3</sub>) could be obtained from calcined clay of varied kaolinite content. While kaolinite content improves the pozzolanic activity, consistency, and compressive strength of the mortar, the void refinement at the microscale depends on the degree of limestone filling/hydration. The hydration phase contents, microstructure, mineralogy, and porosity of the processed kaolinitic clays were determined to be adequate. However, it is noted that the intrinsic content of limestone (and gypsum) in commercially available Portland cement should be considered for equivalent clinker, limestone, and gypsum contents of 50%, 15%, and 5%, respectively.",limestone calcined clay cement; morphology; mineralogy; microstructure; porosity; compressive strength,DOAJ
78e009c8dbb141b48c98c90168cf88f4,Durability of Ternary Blended Concrete Incorporating Rice Husk Ash and Calcined Clay,Joseph Mwiti Marangu; Meenakshi Sharma; Lenka Scheinherrová; Innocent Kafodya; Victor Kiptoo Mutai; Eshrar Latif; Viviana Iris Novelli; Deepankar Kumar Ashish; Riccardo Maddalena,2024,Buildings,CH,10.3390/buildings14051201,https://www.mdpi.com/2075-5309/14/5/1201,"Research on the combined substitution of supplementary cementitious materials (SCMs) has already demonstrated that it might be one of the few viable options to produce low-carbon concrete at scale. This paper presents an experimental investigation on the performance and durability of rice husk ash (RHA) and calcined clay (CC) in ternary blended concrete exposed to chloride attacks under wet/dry cycles. Portland cement (PC) was replaced by RHA and CC up to 50% by weight to produce low-carbon concrete. Samples were subjected to wet/dry cycles in 3.5% NaCl water, with mineralogical composition and microstructure development before and after exposure analysed by TGA-DSC, MIP, XRD, and SEM. The durability of the concrete against wet/dry cycles was investigated in terms of compressive strength, water absorption, open porosity, density, thermal conductivity, and electrical resistivity. The results showed that concrete mixes with CC and RHA up to 60% exhibited an increase of 33% in compressive strength, followed by minimal changes in water absorption. While a decrease in electrical resistivity was measured in all samples with RHA and CC, increasing the CC content to 50% resulted in improved resistance to chloride penetration. Increasing the CC content resulted in a more refined microstructure, with an overall decrease in porosity of up to 32% compared to the control series. While RHA alone did not contribute to significant improvements after wet/dry cycles, the combined substitution of RHA and CC at SCM replacement levels of 60% showed an overall improvement in hardened properties and durability. This investigation provides valuable insights into the long-term performance and strength of innovative low-carbon concrete.",calcined clay; rice husk ash; concrete durability; wet/dry cycle,DOAJ
8cf325ebb7154a6e9b127676716c9281,Chloride induced corrosion behaviour of mild steel rebars: A case study of calcined Clay Pozzolan containing concrete,Lucas Nana Wiredu Damoah; Richard Nii Ayitey Akoto; Bernard Kwame Mussey; Yaw Delali Bensah,2025,Scientific African,NL,10.1016/j.sciaf.2025.e02592,http://www.sciencedirect.com/science/article/pii/S2468227625000626,"The partial replacement of 5 – 30 % by mass of ordinary Portland cement with clay pozzolana in concrete, gives impressive chemical characteristics to the resulting material. Corrosion behavior of reinforcement steel in two types of concrete mixtures: Ordinary Portland Cement (OPC) containing concrete and 30 % clay pozzolana cement (PPC) containing concrete are studied. These concretes were exposed to 3 % and 5 % (w/v) solutions of NaCl as corrosion acceleration media. Electrochemical polarization measurements were performed for 3, 7, 15, and 23 days. The corrosion rate obtained from the polarization curves revealed that samples exposed to 5 %(w/v) NaCl had higher corrosion rates than those exposed to 3 %(w/v) NaCl. The addition of 30 % clay pozzolan as a partial replacement for OPC in concrete resulted in an average reduction in the corrosion rate of approximately 90 % in 3 %(w/v) NaCl and 74 % in 5 %(w/v) NaCl over 23 days.",Clay Pozzolan Cement; Corrosion currents; Portland cement; Reinforced concrete; Steel corrosion; Tafel plots,DOAJ
8d51e105a58649acb5dedd5088f0155e,Aloe Vera-Based Concrete Superplasticizer for Enhanced Consolidation with Limestone Calcined Clay Cement,Andrew Onderi Nyabuto; Silvester Ochieng Abuodha; John Nyiro Mwero; Lenka Scheinherrová; Joseph Mwiti Marangu,2023,Applied Sciences,CH,10.3390/app14010358,https://www.mdpi.com/2076-3417/14/1/358,"Self-consolidating concrete (SCC) is renowned for its outstanding workability and ability to seamlessly flow into intricate structures with minimal vibrations, achieved through the incorporation of chemical admixtures. This study pioneers an innovative approach by exploring the use of the cost-effective and readily available plant extract aloe vera mucilage (AVM) as a bio-admixture for SCC. The primary objective is to assess the impact of AVM on SCC formulations, including those comprising ordinary Portland cement (OPC) and blended cement LC<sup>3</sup> (clinker 50%, calcined waste clay 30%, limestone 15%, gypsum 5%). AVM is applied at varying dosages at up to 10%. Findings reveal that LC<sup>3</sup> exhibits lower consistency, reduced slump values, and extended initial and final setting times compared to OPC. With increasing plasticizer dosage, V-funnel and L-box values decrease. Notably, OPC samples with both plasticizers outperform LC<sup>3</sup> in compressive strength at 7, 14, and 28 days. Significantly, a 2.5% AVM dosage demonstrates enhanced compressive strength in both OPC and LC<sup>3</sup> samples. In summary, this research positions AVM as an innovative and comparable alternative to commercial plasticizers, contributing to reduced yield stress and increased slump flow in SCC.",self-consolidating concrete; aloe vera mucilage; superplasticizer; rheology; yield stress; compressive strength,DOAJ
8e9b2b88ef2246088718ab73559f4f64,Performance evaluation of low-grade calcined clay as a supplementary cementitious material for sustainable oil-well cementing,Solomon Adumatta; Patrick Boakye; Mark Bediako; Adams Yen Sokama-Nueyam; Godfred Ohemeng-Boahen; Stephen Adjei,2025,International Journal of Sustainable Engineering,GB,10.1080/19397038.2025.2550991,https://www.tandfonline.com/doi/10.1080/19397038.2025.2550991,"This study investigated the use of low-grade calcined clay (CC) as a supplementary cementitious material (SCM) for oil-well cementing to improve sustainability without compromising performance. High Sulfate Resistant (HSR) Class G cement was partially replaced with 10–80% CC by weight of cement (bwoc). Uniaxial compressive strengths under both distilled water and in synthetic formation water (FW) curing, life cycle CO₂ emissions, and environmental impact were assessed and compared to those of control slurry prepared with pristine class G cement (100% class G cement without calcined clay replacement). The specimens were cured at 70°C in distilled water and FW. Results revealed that up to 60% CC replacement maintained comparable strength to the control slurry in distilled water, whereas 40% CC provided the maximum compressive strength in FW. Optimal performance occurred at 50% CC, achieving a 28% strength increase under FW curing. Life cycle assessment showed a 46.3% reduction in CO₂ emissions and a 58% lower environmental impact factor. The results indicate that CC can significantly enhance the mechanical performance and sustainability of oil-well cements in saline environments.",Calcined clay; supplementary cementitious materials; oil-well cementing; sustainability,DOAJ
944f744623aa49bebb2a99e6659e9b63,Cholecalciferol Inhibits Cell Growth and Induces Apoptosis in the CaSki Cell Line,Sachin Bhoora; Yuvelia Pather; Sumari Marais; Rivak Punchoo,2020,Medical Sciences,CH,10.3390/medsci8010012,https://www.mdpi.com/2076-3271/8/1/12,"Vitamin D has displayed anti-cancer actions in numerous in vitro studies. Here, we investigated the anti-cancer actions of cholecalciferol, a vitamin D precursor, on a metastatic cervical cancer cell line, namely, CaSki. Experimental cultures were incubated for 72 h and treated with cholecalciferol (10&#8722;1000 ng/mL). In the present study, cell count, viability, proliferation and cell cycle were analyzed by a crystal violet assay, trypan blue assay, Ki67 proliferation, and a cell cycle assay, respectively. Biomarkers of apoptosis, necrosis, and autophagic cell death were measured by the Caspase 3/7 and Annexin V/7-AAD Muse&#8482; assays, a LC3-II assay, and a lactate dehydrogenase release assay, respectively. The ultrastructural features of cell death were assessed by transmission electron microscopy. A statistical analysis was performed using a one-way ANOVA and Bonferroni&#8217;s post-hoc analysis test, and <i>p</i> &lt; 0.05 is considered statistically significant here. The results identify statistical decreases in cell count and viability at high-dose treatments (100 and 1000 ng/mL). In addition, significant increases in apoptotic biochemical markers and apoptotic ultrastructure are shown to be present at high-dose treatments. In conclusion, high-dose cholecalciferol treatments inhibit cell count and viability, which are both mediated by apoptotic induction in the CaSki cell line.",cholecalciferol; apoptosis; caski; cervical cancer; vitamin d; cell viability,DOAJ
970d6dc63cdb4bf694486166d34eff3f,Ruscus aculeatus extract promotes RNase 7 expression through ERK activation following inhibition of late-phase autophagy in primary human keratinocytes.,Shigeyuki Ono; Akiko Kawasaki; Kotaro Tamura; Yoshihiko Minegishi; Takuya Mori; Noriyasu Ota,2024,PLoS ONE,US,10.1371/journal.pone.0314873,https://doi.org/10.1371/journal.pone.0314873,"Antimicrobial peptides (AMPs) are crucial for protecting human skin from infection. Therefore, the expression levels of beneficial AMPs such as ribonuclease 7 (RNase 7) must be appropriately regulated in healthy human skin. However, there is limited understanding regarding the regulating AMP expression, especially when using applications directly to healthy human skin. Here, we investigated the effects of the extract of Ruscus aculeatus (RAE), a medicinal plant native to Mediterranean Europe and Africa that is known to have a high safety level, on AMP expression in primary human keratinocytes. Treatment with RAE induced RNase 7 expression, which was suppressed by an extracellular signal-regulated kinase (ERK) inhibitor. The autophagic flux assay and the immunofluorescence analysis of microtubule-associated protein 1 light chain 3 (LC3)-Ⅱ and p62 showed that RAE inhibited late-phase autophagy. Moreover, both the inhibition of early-phase autophagy by EX-527, an inhibitor of silent information regulator of transcription 1 (SIRT1) and its enhancement by resveratrol, an activator of SIRT1 inhibited RNase 7 and ERK expression, indicating that autophagosome accumulation is necessary for RAE-induced RNase 7 expression. Additionally, spilacleoside was identified as the active component in RAE. These findings suggest that RAE promotes RNase 7 expression via ERK activation following inhibition of late-phase autophagy in primary human keratinocytes and that this mechanism is a novel method of regulation of AMP expression.",,DOAJ
9920875b01384ca4b44ccc8b7834ae40,Early and Late Strength Characterization of Portland Cement Containing Calcined Low-Grade Kaolin Clay,Mark Bediako; S. K. Y. Gawu; A. A. Adjaottor; John Solomon Ankrah,2016,Journal of Engineering,GB,10.1155/2016/7210891,http://dx.doi.org/10.1155/2016/7210891,"Heat treated low-grade kaolin clays are now considered as a suitable pozzolanic material to metakaolins. However their suitability as a good pozzolanic material depends on the geochemistry and structure of the clay which is usually influenced by the geographical environment. This study investigated a low-grade kaolin clay from Nyamebekyere in the Ashanti Region of Ghana. The influence of the calcined material on the early and late strength development of Portland cement was analyzed. The early 3- and 7-day strength as well as the late 28-day strength of Portland cement replaced with 20% by weight of the calcined material yielded the optimum strength values. Further analysis using Solid State Magic Angle Spinning Nuclear Magnetic Resonance (Ss MAS NMR) probed into the Aluminium (Al) environment to detect the presence and nature of Al hydrates using the optimum mixture proportion. The Ss MAS NMR results showed that the strength enhancement of the optimum mixture was due to the growth of stable monosulphate compounds at the octahedral environment resulting from metastable aluminate phases at the tetrahedral environment. For greater reliability on concrete strength performance, the study recommends the use of 20% calcined clay of Nyamebekyere clay as Portland cement replacement.",,DOAJ
9fdcbdfd1ff74308911f1606b10824fd,Properties of activated blended cement containing high content of calcined clay,Marangu J. Mwiti; Thiong'o J. Karanja; Wachira J. Muthengia,2018,Heliyon,GB,10.1016/j.heliyon.2018.e00742,http://www.sciencedirect.com/science/article/pii/S2405844018312866,"This paper presents findings of an experimental investigation on sodium sulphate (Na2SO4) activated calcined clay – Portland cement blends in sulphuric acid media. Calcined clays were blended with Ordinary Portland Cement (OPC) at replacement levels of 40% 45% and 50 % by mass of OPC to make blended cement labelled PCC40, PCC45 and PCC50 respectively. Initially, pozzolanicity and setting time tests were conducted. Mortar prisms measuring 40 mm × 40 mm × 160 mm were cast using 0.5M Na2SO4 solution and their compressive strengths determined on the 2nd, 7th, 28th and 90 th day of curing. The 28th day cured mortar prisms were subjected to porosity test. Moreover, 5 × 5 × 5 cm mortar cubes were also prepared and their weight and strength loss was taken as a measure of their acid resistivity after an immersion time of 7, 14, 28, 56, 84 and 120 days in 3 % of sulphuric acid at 23 ± 1 °C. OPC, commercial Portland Pozzolana Cement (PPC) and PCC40, PCC45 and PCC50 cement were cast using water and similarly investigated for comparison purposes. The results obtained showed that chemically activated cements exhibited higher pozzolanic activity, lower porosity, shorter setting times and higher resistance to acid attack compared to non-activated cements. However, OPC was found to be non-pozzolanic.",Civil engineering; Industrial engineering; Materials science,DOAJ
acb779874bb341ab9e41fef3b7a1cb30,Physicochemical Performance of Portland-Rice Husk Ash-Calcined Clay-Dried Acetylene Lime Sludge Cement in Sulphate and Chloride Media,Jackson Muthengia Wachira; Joseph Karanja Thiong’o; Joseph Mwiti Marangu; Leonard Genson Murithi,2019,Advances in Materials Science and Engineering,GB,10.1155/2019/5618743,http://dx.doi.org/10.1155/2019/5618743,"This paper reports leach and/or intake of SO42−, Cl−, Ca2+, Na+, and K+ from and/or into cement mortar cubes made from a novel cementious material in naturally encountered environmental simulated media. The paper also reports changes in pH of the media over time of exposure to the cement mortar cubes. The compressive strength changes of the test cement in simulated media are also reported. The novel cement, labelled PCDC, made from intermixing ordinary Portland cement (OPC) with waste materials which included rice husks, waste bricks, acetylene lime sludge, and spent bleaching earth was previously tested and found to meet the Kenyan Standard requirements for Portland pozzolana cement (PPC). 100 mm mortar cubes were prepared, and their compressive strengths were determined after exposure to the sea water. The media included sea water, distilled water, and solutions of sulphates and chlorides separately for a period of six months. The tests were carried alongside commercial PPC and OPC. The results showed that the PCDC exhibited comparable selected ions intake and/or leach to PPC in sea water, sulphate solutions, and distilled water. In chloride solutions, the cement exhibited the highest leach in the selected ions except K+ and Na+ ions. The results further showed that PCDC exhibited lower pH in all the media compared to OPC and PPC. The tests showed that the novel cement can be used for general construction work in the tested media in a similar manner to PPC.",,DOAJ
afd0aff5f2104700b0c01f0921259e20,Impact of rest time on creep recovery of asphalt mixtures modified with calcined marl filler,Idorenyin Ndarake Usanga; Fidelis Onyebuchi Okafor; Chijioke Christopher Ikeagwuani,2023,Journal of Infrastructure Preservation and Resilience,GB,10.1186/s43065-023-00087-4,https://doi.org/10.1186/s43065-023-00087-4,"Abstract Recently, there has been a trend among pavement engineers and scientists to utilize natural mineral resources found in different parts of the world to develop and enhance sustainable infrastructure. One of such materials is calcined clay. However, the fatigue performance of asphalt mixtures made with these alternative materials needs to be properly studied. Due to its complex composition, asphalt concrete exhibits diverse non-linear characteristics when subjected to different conditions. As such, the impact of rest time, considering the effect of hardening relaxation and healing on the creep recovery of asphalt mixtures modified with calcined marl filler (CMF), has been evaluated in this present study. Thus, the locally sourced marl was pulverized and calcined to produce CMF. Different amounts of CMF were added to asphalt mixtures as a mineral filler, ranging from 0% to 100% by weight. Afterwards, the rheological properties of CMF mastic using a dynamic shear rheometer (DSR) were investigated. Notably, the outcomes of the experiments revealed compelling insights. Specifically, under the influence of 50% CMF modification, the asphalt mixtures exhibited a remarkable rutting resistance, with values reaching 12.7 kPa for unaged conditions and 16.1 kPa for aged conditions. Additionally, the results underscored an enhancement in the low-temperature characteristics of the bitumen mastic, which consequently contributed to heightened resistance against fatigue-induced damage. Furthermore, the statistical analysis, such as the student t-test, deployed to compare the creep recovery with and without rest time indicated that the creep recovery changes with the application of rest time. Hence, at long rest times, the hardening relaxation behavior reduces and the chances of healing increase, leading to a decrease in the amount of deformation in the samples.",Calcined marl filler; Creep recovery; Fatigue behavior; Rest time; Healing; Hardening relaxation,DOAJ
c078c088ee344db0959242e8993fb512,Rheology of mechanical properties of soft soil and stabilization protocols in the developing countries-Nigeria,Kennedy Onyelowe; Duc Bui Van; Clifford Igboayaka; Francis Orji; Henry Ugwuanyi,2019,Materials Science for Energy Technologies,CN,10.1016/j.mset.2018.10.001,http://www.sciencedirect.com/science/article/pii/S2589299118301241,"This work highlights on the available techniques and procedures of soil stabilization and to keep geotechnical engineers in the developing world abreast of the cheaper technologies with respect to soil stabilization. This work also emphasized on the need to make use of the emerging technologies of geomaterials and ecofriendly approaches to achieving a bio-based soil stabilization in this field. We are caught in crossfire when our structures fail due to the fact that soils are not studied to determine what needs to be done to improve in the microstructural, mechanical, hydrogeological, geophysical and strengthening properties of soils before erecting structures. There are lots of soil stabilization techniques and procedures available as outlined by the present work. Apart from the most commonly used techniques; mechanical (compaction, dewatering, mixing and so on) and chemical (lime, cement, bitumen, fly-ash and so on), there are other cheaper methods of stabilizing and improving the geophysical properties of soil like the use of geomaterial additives like bagasse ash (sugar cane foil ash), egg-shell ash, quarry dust, palm bunch ash, palm kernel ash, paper ash, crushed waste ceramics, crushed waste glasses, crushed waste plastics, snail shell ash, oyster shell powder, and so on. The ashes are amorphous materials from the direct combustion of solid waste materials while the powders are crushed solid waste too. It has been found that these biobased materials are also of highly pozzolanic properties which has made this a novel technology because of the green nature of the exercise. The CO2 emission with utilization of these organic and solid waste based geomaterials is zero, hence a total replacement of ordinary Portland cement in soil treatment with these alternative cementing additives is a breakthrough to our environment. Keywords: Soil stabilization, Geomaterials, Geopolymer cement, CO2 emission, Soils mechanical properties, Recycled solid waste materials",,DOAJ
c965116cca0a4df2be52f93d2e4e5f7e,Durability evaluation of calcined clay and limestone powder blended ternary self-compacting concrete,Taku J. K; Amartey Y. D.; Ejeh S. P.; Lawan A.,2021,Журнал інженерних наук,UA,10.21272/jes.2021.8(1).c1,http://jes.sumdu.edu.ua/wp-content/uploads/2021/06/jes_8_1_2021_C1-C10.pdf,"This research work investigates the durability-based properties of a ternary calcined clay and limestone powder blended Self Compacting Concrete by measuring the short- and long-term permeation properties using water absorption and sorptivity properties testing. Also, the variation of compressive strength with age was evaluated at 7, 14, 28 and 56 days, while the split tensile strength was determined at 7 and 28 days curing. The Mineralogy and morphology of the ternary SCC was evaluated using FT IR Spectroscopy, SEM imaging and EDS. The results obtained shows that the ternary SCC showed improved durability and strength properties with age with dense and improved microstructure.",ternary concrete; self-compacting concrete; durability properties; calcined clay; limestone powder,DOAJ
cae5da0ef60d4739a238b153580e6dd2,The Influence of some calcined clays from Nigeria as clinker substitute in cementitious systems,Akindehinde A Akindahunsi; François Avet; Karen Scrivener,2020,Case Studies in Construction Materials,GB,10.1016/j.cscm.2020.e00443,http://www.sciencedirect.com/science/article/pii/S2214509520301157,"This paper examines the possibility of the use of some clays calcined from Nigeria as partial substitutes for clinker in the production of Limestone Calcined Clay Cement (LC3). The clays were calcined in the oven at a temperature of 800 °C and for one hour. Dehydroxylation of raw and calcined clays with TGA were carried out between 400 °C and 650 °C after which the materials were again characterized with XRD. The R3 pozzolanic test was then carried out to evaluate the reactivity of calcined clays based on the heat release at 24 hours of a model system of portlandite, calcined clay and limestone with adjusted sulfate and alkali content. After the characterization, two clay samples were deemed fit for use as partial replacement of cement because they contain more than 30% kaolinite content. Concrete cubes prepared with the cementitious blends (PC, LC3-50A, LC3-50D and LC3-35D) were cast for mechanical and durability tests, while mercury intrusion porositometry (MIP) was used to determine the porosity of the cementitious blends. The results showed that LC3-50D with about 50% kaolinite content gave the best mechanical and durability results followed by LC3-50A and whereas, LC3-35D containing only 35% cement can still be used for good construction which is a demonstration of the advantage offered with the use of LC3 in cementitious systems.",calcined clay; cementitious system; chemical reactivity; R3pozzolanic test; compressive strength,DOAJ
cf7805fbd70f4ef89aa5ee3c0cfef571,"Effects of calcined clay, sawdust ash and chemical admixtures on Strength and Properties of concrete for pavement and flooring applications using Taguchi approach",Temitope Funmilayo Awolusi; Adebayo Olatunbosun Sojobi; Daniel Oluwafemi Oguntayo; Olufunke O. Akinkurolere; B.O. Orogbade,2021,Case Studies in Construction Materials,GB,10.1016/j.cscm.2021.e00568,http://www.sciencedirect.com/science/article/pii/S2214509521000838,"Strength, abrasion and skid resistance are crucial factors for assessing the performance of pavement concrete and concrete for flooring applications. Due to sustainability concerns and global climate change, various supplementary (pozzolanic) cementitious materials (SCMs) are increasingly promoted for use as cement replacement in pavement concrete without considering their effects on the strength, abrasion and skid resistance. In addition, chemical admixtures are often added to improve workability of pavement concrete. Therefore, this study investigates the effects of calcined clay and sawdust ash utilized as cement replacements and two kinds of chemical admixtures on thestrength, abrasion and skid resistance of concrete for pavement and flooring applications. Calcined clay is preferable to sawdust ash as partial cement replacement in pavement concrete as it gives higher flexural strength, skid resistanceand similar abrasion value. However, sawdust ash is preferable for flooring applications owing to its lower water absorption and higher compressive strength. The optimum calcined clay is 5% while the optimum crystalline-based admixture is 1%. More studies are required to guide correct applications of SCM in sustainable concrete pavement.",Abrasion; Skid resistance; Strength; Calcined clay; Sawdust ash; Pavement concrete,DOAJ
d36b35a18fd54cfda0326e80ea66f86f,Properties of Western Cape Concretes with Metakaolin,Bakera Alice T.; Alexander Mark G.,2018,MATEC Web of Conferences,FR,10.1051/matecconf/201819911011,https://doi.org/10.1051/matecconf/201819911011,"A global demand for affordable, sustainable, and durable concrete has resulted in growing use of Supplementary Cementitious Materials (SCMs). In the Western Cape Province of South Africa, the readily available SCM is Granulated Ground Corex Slag (GGCS), although fly ash can also be obtained. However, the availability of these SCMs, particularly GGCS, is subject to market and other extraneous factors, and this may render them vulnerable as sources of SCM for concrete. This points to the need for innovation and investigating other potential SCMs which are economically and environmentally effective. Metakaolin, a high-grade type of calcined clay, emerges as a possible potential future SCM in the Western Cape. This study aimed at investigating the influence of a locally available metakaolin on mechanical (compressive and tensile strength), and durability (concrete penetrability and potential to mitigate Alkali Silica Reaction (ASR)) properties of Western Cape concrete. In comparison to GGCS, concretes with metakaolin showed superior performance in both mechanical and durability properties. This was attributed to its role in concrete in terms of accelerating hydration reactions, pozzolanic activity, and dilution effect. Metakaolin can therefore be regarded as a beneficial substitute for GGCS in Western Cape concrete. However, questions that remain include cost-effectiveness, and the awareness and willingness of industry to incorporate this material.",,DOAJ
d75bb093e8ca452a9156e52676acf757,Amino Acid Starvation Sensitizes Resistant Breast Cancer to Doxorubicin-Induced Cell Death,Mark Thomas; Tanja Davis; Theo Nell; Balindiwe Sishi; Anna-Mart Engelbrecht; Anna-Mart Engelbrecht,2020,Frontiers in Cell and Developmental Biology,CH,10.3389/fcell.2020.565915,https://www.frontiersin.org/article/10.3389/fcell.2020.565915/full,"Many clinical trials are beginning to assess the effectiveness of compounds known to regulate autophagy in patients receiving anti-cancer chemotherapy. However, autophagy inhibition, through exogenous inhibitors, or activation, through starvation, has revealed conflicting roles in cancer management and chemotherapeutic outcome. This study aimed to assess the effect of amino acid starvation on doxorubicin-treated breast cancer cells by assessing the roles of autophagy and apoptosis. An in vitro breast cancer model consisting of the normal breast epithelial MCF12A and the metastatic breast cancer MDAMB231 cells was used. Apoptotic and autophagic parameters were assessed following doxorubicin treatments, alone or in combination with bafilomycin, ATG5 siRNA or amino acid starvation. Inhibition of autophagy, through ATG5 siRNA or bafilomycin treatment, increased caspase activity and intracellular doxorubicin concentrations in MCF12A and MDAMB231 cells during doxorubicin treatment. While amino acid starvation increased autophagic activity and decreased caspase activity and intracellular doxorubicin concentrations in MCF12A cells, no changes in autophagic parameters or caspase activity were observed in MDAMB231 cells. Our in vivo data showed that 24 h protein starvation during high dose doxorubicin treatment resulted in increased survival of tumor-bearing GFP-LC3 mice. Results from this study suggest that short term starvation during doxorubicin chemotherapy may be a realistic avenue for adjuvant therapy, especially with regards to the protection of non-cancerous cells. More research is however, needed to fully understand the regulation of autophagic flux during starvation.",nutrient starvation; amino acids; doxorubicin; breast cancer; sensitization,DOAJ
d7910cb85e3341e6847674e3d647ebc7,Effect of K<sub>y</sub>Al<sub>4</sub>(Si<sub>8-y</sub>) O<sub>20</sub>(OH)<sub>4</sub> Calcined Based-Clay on the Microstructure and Mechanical Performances of High-Performance Concrete,David O. Nduka; Babatunde J. Olawuyi; Olabosipo I. Fagbenle; Belén G. Fonteboa,2021,Crystals,CH,10.3390/cryst11101152,https://www.mdpi.com/2073-4352/11/10/1152,"The work described in this paper has been performed to determine the potential use of meta-illite (K<sub>y</sub>Al<sub>4</sub>(Si<sub>8-y</sub>) O<sub>20</sub>(OH)<sub>4</sub>) calcined clay (MCC) as a supplementary cementitious material (SCM) in a binary Portland cement (PC) for high-performance concrete (HPC) production. To obtain the properties of the cementitious materials, the chemical composition, mineral phases, morphology, calcination efficiency and physical properties were quantitatively analysed using the advanced techniques of X-ray fluorescence (XRF), scanning electron microscopy/energy dispersive X-ray (SEM/EDX), X-ray diffraction (XRD), Fourier transform infrared/attenuated total reflection (FTIR/ATR), thermogravimetric analysis (TGA), laser particle sizing and Brunauer–Emmett–Teller (BET) nitrogen absorption method. The MCC’s effect on the workability and mechanical properties (compressive, splitting tensile and flexural strengths) and microstructure (morphology and crystalline phases) of hardened MCC-based HPCs were determined. The XRF result shows that the oxide composition of MCC confirmed the pozzolanic material requirements with recorded high useful oxides content. At the same time, the SEM image presents particles of broad, solid masses with a wider surface area of irregular shape. The XRD results show that the MCC was majorly an illite-based clay mineral calcined at a maximum temperature of 650 °C, as revealed by the TGA. The MCC addition increases the slump flow of HPCs at 5–15% cement replacement. The MCC incorporation at 10% cement replacement best improved the porosity of HPCs at a later age resulting in increased mechanical and microstructural properties of tested samples. Therefore, it is recommended that MCC addition within 10% cement replacement be adopted for low W/B Class I HPC at no deleterious results on mechanical and microstructural properties of the concrete.",dehydroxylation; high-performance concrete; superabsorbent polymers; superplaticiser; meta-illite calcined clay; supplementary cementitious materials,DOAJ
d83ab313767144298f9e49cf8df237db,Performance of foam concrete containing low-temperature calcined clay as a partial replacement of Portland cement,Alassane Compaore; Kicoun Jean-Yves N’Zy Toure; Desmond Edem Primus Klenam; Tabiri Kwayie Asumadu; John David Obayemi; Nima Rahbar; Charles Migwi; Abdallah Sarroney Merenga; Winston Oluwole Soboyejo,2025,Journal of Materials Research and Technology,NL,10.1016/j.jmrt.2025.07.137,http://www.sciencedirect.com/science/article/pii/S2238785425017958,"This study investigates the use of low-temperature calcined clay (metakaolin) as a partial replacement for ordinary Portland cement (OPC) in foam concrete. This study aims to enhance sustainability by reducing carbon emissions and promoting the use of alternative binders. Foam concrete mixtures were prepared using the pre-foamed method with target densities of 600, 800, and 1000 kg/m3, and water-to-binder (W/B) ratios of 0.5, 0.6, and 0.7. For W/B of 0.6 and 0.7, OPC was partially replaced with metakaolin (calcined at 650 °C for 2 h) at levels of 10 % and 20 %. Properties evaluated included fresh and dry density, workability, porosity, compressive and flexural strengths at 7, 14, and 28 days, ultrasonic pulse velocity (UPV), water absorption, thermal conductivity, and microstructure. Workability improved with increasing W/B ratio and density but decreased with higher MK content. Although thermal conductivity was largely unaffected by MK content and W/B ratio, both parameters significantly influenced strength, UPV, and water absorption. Thermal conductivity increased linearly with dry density, which also correlated with a significant increase in mechanical strength. Enhanced MK content and W/B ratios resulted in more uniform pore distribution and reduced connectivity, improving overall material performance. For dry densities ranging from 411 to 879 kg/m3, the foam concretes achieved compressive strengths of 0.60–6.45 MPa, flexural strengths of 0.27–2.11 MPa, UPV values of 1120–2268 m/s, and thermal conductivity in the range of 0.176–0.389 W/(m·K). Mineralogical analysis confirmed a decrease in calcium hydroxide and increases in calcium-silicate-hydrate (C–S–H), calcium-aluminate-(silicate)-hydrate (C–A–(S)–H), and calcium carbonate (CaCO3) with MK incorporation, indicating enhanced pozzolanic activity. These results demonstrate that MK-modified foam concrete offers improved mechanical and physical properties suitable for insulating, non-load-bearing applications.",Foam concrete; Metakaolin; Porosity; Strength; Workability; Insulating applications,DOAJ
dd51e35127964d6b92b41604b40b7684,Towards Sustainable Concrete: Current Trends and Future Projections of Supplementary Cementitious Materials in South Africa,Ichebadu George Amadi; Jeffrey Mahachi,2025,Construction Materials,CH,10.3390/constrmater5030070,https://www.mdpi.com/2673-7108/5/3/70,"Supplementary cementitious materials (SCMs) provide a practical solution for reducing greenhouse gas emissions associated with Portland cement production while enhancing the economy, performance, and service life of concrete and mortar. Currently, there is a significant disparity in the availability, supply, and utilisation levels of SCMs worldwide, particularly in South Africa. This paper presents an in-depth analysis of the characteristics and performance of various SCMs, including local availability, factors driving demand, production, and utilisation. The findings indicate that fly ash and limestone calcined clay are the most widely available SCM resources in South Africa, with deposits exceeding 1 billion tonnes each. Fly ash stockpiles continuously increase due to the reliance on coal-fired power plants for 85% of generated electricity and a low fly ash utilisation rate of 7%, significantly below international utilisation levels of 10–98%. Conversely, slag resources are depleting due to the steady decline of local steel production caused by energy and input costs, alongside the growing importation of steel products. Combined, the estimated production of slag and silica fume is about 1.4 million tonnes per annum, leading to their limited availability and utilisation in niche applications such as high-performance concrete and marine environments. Furthermore, 216,450 tonnes of SCM could potentially be processed annually from agricultural waste. In addition to quality, logistics, costs, and other challenges, this quantity can only replace 1.5% of clinker in South Africa, raising concerns about the viability of SCMs from agricultural waste. Based on its findings, this study recommends future research areas to enhance the performance, future availability, and sustainability of SCMs.",South Africa; supplementary cementitious materials; fly ash; slag; limestone calcined clay; sustainability,DOAJ
e112ca54bf5741ec9a1fac83b86a554a,3D-printed limestone calcined clay cement concrete incorporating recycled plastic waste (RESIN8),Adewumi John Babafemi; Chris Norval; John Temitope Kolawole; Suvash Chandra Paul; Kamoru Ademola Ibrahim,2024,Results in Engineering,NL,10.1016/j.rineng.2024.102112,http://www.sciencedirect.com/science/article/pii/S2590123024003669,"This study investigates the use of fly ash, limestone calcined clay (LC2), and RESIN8 (from recycled plastics) fine aggregate for sustainable 3D concrete printing. Four different printable mixes were formulated and tested for their fresh, rheological, and hardened mechanical properties and evaluated for extrudability and buildability performance. They are the control (C), which is a fly ash-cement-based mix, LC2-cement-based mix (LC), and two mixes with RESIN8 replacing the sand by 10 % vol., yielding CR (control + 10 % RESIN8) and LCR (LC2 + 10 RESIN8). The findings from this study show that both LC2 and RESIN8 mix improved the fresh properties for printability – reduced slump, increased yield stress and its evolution, shape retention, and buildability. The LC2 has dual benefits of improving the pumpability and buildability, which are opposing printable materials’ requirements. Furthermore, the use of LC2 in 3DPC causes the fresh material to be susceptible to increased deformation under sustained load, which can be improved with the addition of RESIN8. Incorporating 10 % RESIN8 into C- and LC-printed concrete systems reduced the workability by 3.8 % (CR) and 1.9 % (LCR) and enhanced buildability performance from 46 (C) to 59 (CR) and 74 (LC) to 90 (LCR) number of layers. Contrary to LC2, which improves the hardened properties and interlayer bond strength in flexure, the use of RESIN8 causes strength reduction and decreased void topology (28 % for LCR) and significantly increased porosity by 210 % and 259 % for CR and LCR, respectively.",Limestone calcined clay cement; Recycled plastic (RESIN8); 3D concrete printing; Mechanical properties; Rheology; Porosity,DOAJ
e487213f72ed490e930e209a1213ec2e,Screening the Active Phytochemicals From Eclipta prostrata and Unraveling Their Molecular Insight Into Human Malignancies,Md. Sakhawat Hossain; Sanzida Khatun; Md Mojnu Mia; Fatematuz Zohora; Md. Rifat Sarker; K. M. Tanjida Islam; Md. Abu Sayeed; Moushumi Afroza Mou; Sherif Hamidu; Fatima Hamidu; A. M. Wasaf Hasan; Sanjida Mumtaj; Md Khaled Hossain; Md Sohel,2025,Cancer Innovation,GB,10.1002/cai2.70038,https://doi.org/10.1002/cai2.70038,"ABSTRACT Current drugs against multiple human malignancies are limited, and developing new treatment strategies is improbable within a short time. So, considering the current situation, phytochemicals could be a viable option for developing chemotherapeutic agents for managing numerous types of malignancies. Therefore, we aimed to locate all phytochemicals of Eclipta prostrata and unravel their chemotherapeutic mechanisms and strategies individually. We defined 25 active compounds based on their anticancer activities after filtering through IMPPAT and literature search, and these compounds have chemotherapeutic activities against around 15 different human malignancies. In vitro and preclinical models support that the chemotherapeutic properties of phytochemicals derived from Eclipta prostrata are believed to be regulated by many pathways, including targeting signaling pathways, for example, phosphoinositide 3‐kinase (PI3K)/AKT/mammalian target of rapamycin (mTOR), tumor necrosis factor‐alpha (TNF‐α), nuclear Factor‐kappa B (NF‐κB), mitogen‐activated protein kinase (MAPK); regulated cell death such as Fas cell surface death receptor (FAS), Bid, apoptosis‐inducing factor (AIF), Bcl2, Bax, Bak, Bad, caspase, and Poly (ADP‐ribose) Polymerase (PARP); metastasis and angiogenesis such as matrix metalloproteinases (MMPs) (2&9), wingless/integrated (Wnt)/beta‐catenin, angiogenesis (E‐cCadherin & N‐cadherin, vimentin), cell proliferation (cyclins‐A, B1, D1, E1, and cyclin‐dependent kinases (CDKs) 1, 2,4), inflammatory molecules (programmed death‐ligand 1 (PD‐L1), TNF‐α, NF‐κB, Interleukin‐1 (IL‐1), Interleukin‐6 (IL‐6), Interleukin‐8 (IL‐8), Interleukin‐1 beta (IL‐1β)), regulating tumor suppressor genes (p21, p27, p38, p51, p53), microRNA (miRNA) regulation, and some nonspecific pathways like DNA fragmentation damage and repair, autophagy (light chain 3‐II (LC3‐II) and mTOR), and many other pathways. Some selective phytochemicals exert synergistic activities with standard chemotherapeutic drugs and reverse drug resistance through several mechanisms. Nano‐based phytochemicals target numerous cancer cells, resulting in drug accumulation and improved drug efficacy, making phytochemicals more potent chemotherapeutic agents in cancer treatment. Additionally, an in‐silico pharmacokinetics study reveals that phytoestrogen possesses suitable pharmacokinetic characteristics with minor toxicity in the human body. So, direct consumption of different parts of Eclipta prostrata or specific phytochemicals from this plant can be a potential candidate drug against human malignancies.",cancer type; Eclipta prostrata; nano‐formulation; pharmacokinetics; phytochemicals; synergistics,DOAJ
e96168e99f964ad7a27d33a76fd3e7cd,Strength and Durability Performance of Hybrid Alkaline Clay Brick Waste –Coconut Shell Ash Cement,Victor Kiptoo Mutai; Mike Otieno; Joseph M. Marangu; Fredrick Mulei Mutunga; Najya Muhammed; Festus Ngui,2024,Journal of Sustainable Construction Materials and Technologies,TR,10.47481/jscmt.1607846,https://dergipark.org.tr/en/download/article-file/4469503,"Hybrid Alkaline Cement (HAC) has the potential to reduce carbon dioxide (CO2) and improve concrete structure. The durability of a hybrid alkaline mortar made from a mixture of calcined clay brick waste (CBW) and coconut shell ash (CSA) was compared with that of ordinary Portland cement (OPC) and pozzolanic Portland cement (PPC), which are the two common types of Portland cement. In an open furnace, CSA was obtained by burning coconut shells collected from Kilifi County, Kenya. At the same time, CBW was sampled from brick production and construction sites in Kibwezi sub-county, Kenya, and ground using a laboratory ball mill. Various cement blends were prepared by mixing different mass ratios of OPC:CSA: CBW and activated with 0.5 M and 2 M Sodium sulfate solutions, maintaining a solution-to-cement ratio of 0.5. Control mortar prisms were cast using distilled water and cured in distilled water. Principle Component Analysis (PCA) was used for correlation analysis. Compressive strength development, water sorptivity, Porosity, oxygen permeability index, and thermal resistance were investigated for durability properties. Accelerated chloride ingress and chloride ion diffusion coefficients were determined. Results show that alkali-activated samples exhibited lower sorptivity, Porosity, chloride ingress, and higher compressive strength, oxygen permeability index, and thermal resistance than the cement mix prepared with water. The mix designs 5-1-4, 5-4-1, 3-1-6, and 3-6-1 demonstrated a decreasing optimum performance comparable to OPC in that order. The formulation 5-1-4, prepared with 2 M Sodium sulfate, showed the highest durability in all tests. Moreover, mortar durability was highly influenced by the amount of cement substituted, the kind of precursor, and the concentration of alkali activator.",alkali activator; clay brick waste; coconut shell ash; durability; hybrid alkaline mortar; sodiumsulphate,DOAJ
ea1ba3b973c245ef95fd3c23f4d08c3a,Analysis of co-fired clay and palm kernel shells as a cementitious material in Ghana,Mark Bediako; Simon K. Gawu; Albert Amartey Adjaottor; Johny Solomon Ankrah; Eugene Atiemo,2016,Case Studies in Construction Materials,GB,10.1016/j.cscm.2016.06.001,http://www.sciencedirect.com/science/article/pii/S2214509516300183,"The treatment of clay through a calcination process at high temperatures have been the usual and a common means of producing clay pozzolan as a supplementary cementitious material. However incorporating waste biomass as a component material in clay is very uncommon. This work analyzed the use of palm kernel shells as a component material in clay and were calcined at a high temperature of 800 °C. The palm kernel shells were used to replace clay at 10%, 20% and 30% by weight. Strength activity index prescribed by ASTM C311 was used to determine the maximum mixture proportion between calcined clay and palm kernel shells. The calcined clay and palm kernel shell mixtures that gave the maximum strength were subjected to an incremental replacement dosage of Portland cement between 10% and 40% by weight. Test results indicated that the maximum strength mixture proportion between clay and palm kernel shells was obtained at 20% replacement of clay. Moreover the maximum value that showed a better strength performance through the incremental replacement by the calcined material was also at 20% Portland cement replacement. The study recommended the use of palm kernel shells to a limit of 20% clay replacement. The is because at higher content of palm kernel shells in clay calcined at a high temperature, more unreactive crystalline phases are formed that inhibit reactivity of pozzolanic active phases. The use of 20 wt.% of palm kernel shells in clay to produce a supplementary cementitious material provides a sustainable means of waste disposal via construction application.",Clay pozzolana; Palm kernel shells; Portland cement; Strength activity index; Crystalline phases,DOAJ
ec706b46873b4896b32679a4c16525ea,Physico-chemical properties of Kenyan made calcined Clay -Limestone cement (LC3),Joseph Mwiti Marangu,2020,Case Studies in Construction Materials,GB,10.1016/j.cscm.2020.e00333,http://www.sciencedirect.com/science/article/pii/S221450952030005X,"In Kenya fired clay bricks are mainly used as construction materials. However, vast quantities of these Fired Rejected Clay Bricks (FRCB) generated are rejected annually as a result of improper calcination or demolition of housing units made of clay bricks. These FRCB are largely disposed off in open fields leading to land pollution. This paper reports the experimental findings on the performance of Limestone Calcined Clay Cement (LC3). The test cement was prepared by blending and inter-grinding of clinker, FRCB, limestone and gypsum. Saturated lime test was used to assess the pozzolanic activity of LC3. Mortar prisms measuring 40 mm x 40 mm x 160 mm were cast using LC3 at a water/cement (w/c) ratio of 0.50, 0.55 and 0.60. The casted mortars were cured in water for a period of 2, 7 and 28 day separately. Compressive strength tests were conducted at each of the testing ages on the cured mortar prisms. The cured mortars were also subjected to porosity and chloride ingress tests. Compressive strength measurements were also taken after exposure of 28-day cured mortar prisms in 3.5% sodium chloride solution in accelerated chloride ingress in a laboratory set-up. For comparison purposes, all the aforementioned tests were also conducted using commercial Ordinary Portland Cement (OPC) and Portland Pozzolana Cement (PPC). The results showed that LC3 and PPC were pozzolanic while OPC was non-pozzolanic. Furthermore, there was significant difference in terms of compressive strengths between LC3 and OPC at all the curing ages. In addition, LC3 exhibited lower porosity, chloride ingress in terms of chloride diffusion coefficients compared to PPC and OPC. Increased w/c ratio resulted in increased porosity, chloride ingress while compressive strength decreased. In conclusion, FRCB was found to be potential raw material for the production of LC3 in Kenya.",Blended cement; Calcined clays; Compressive strength; Limestone; Pozzolana; Fired,DOAJ
fa421eeda8234125a29cdfa61d210418,The feasibility of utilizing sewage sludge as a source of aluminosilicate to synthesise geopolymer cement,T. Charles Mahutjane; Léonel N. Tchadjié; Thandiwe N. Sithole,2023,Journal of Materials Research and Technology,NL,10.1016/j.jmrt.2023.06.116,http://www.sciencedirect.com/science/article/pii/S2238785423013662,"The purpose of this study was to evaluate the feasibility of utilizing sewage sludge as a source of aluminosilicate to synthesise geopolymer cement. Sewage sludge was calcined at various temperatures to enhance its geopolymer reactivity. Sodium hydroxide and sodium silicate solution mixture was used as an alkaline activator. The geopolymer mortars' setting time, flow workability, unconfined compressive strength (UCS), pore volume, and water absorption characteristics, wet-dry cycles and TCLP characteristics were measured. X-ray diffraction (XRD), Fourier transforms infrared spectroscopy (FTIR), and scanning electron microscopy (SEM) were used for microstructural analysis. The results showed that the highest 7-day UCS of up to 18.9 MPa was obtained, corresponding to a 270.6% strength increase over the control. The microstructural analysis showed that the optimal mechanical and physical properties were obtained when the sewage sludge was calcined at 750 °C showing that calcining the sewage sludge increases the geopolymer reactivity. The UCS decreases with the increase in wet dry cycles but the geopolymer composites were still within the minimum strength requirement of 3.5 MPa. TCLP showed that the leachability of the produced geopolymers is below the permissible limit. Geopolymer mortar made from sewage sludge ash can be utilized for various concrete and building applications without the risk of short- or long-term environmental contamination.",Calcination; Geopolymer; Water absorption; Pore volume; Compressive strength; Wastewater sludge,DOAJ
002df9c0d59542f2988498f7adb4126e,Modeling of Compressive Strength Characteristics of Structural-sized Afara (Terminalia superba) and Babo (Isoberlinia doka) Timber Columns Using Constant Failure Rate (CFR) Model of Reliability,Alao Jimoh; Rauf Rahmon; Khalid Ibrahim,2018,Journal of Soft Computing in Civil Engineering,IR,10.22115/scce.2018.105504.1033,http://www.jsoftcivil.com/article_57405_114d7170659b4da3597adc65c8588ca6.pdf,"This paper investigated the reliability of the Structural-sized Afara and Babo timber species as column materials. The work centers on the compressive strength characteristics of Nigerian Afara (Terminalia superba) and Babo (Isoberlinia doka) timber column of nominal lengths 200, 400, 600 and 800 mm and a nominal width and thickness of 50 mm by 50 mm. The steps involved collection and conditioning of Afara and Babo timber species, preparation of test specimens, determination of physical properties such as moisture content and density, determination of compressive strengths using varying heights of 200, 400, 600 and 800 mm and derivation of continuous column design equations. Forty test samples were used in all the tests carried out. Afara and Babo have an average density of 509.80and 849.67 kg/m3 respectively. The moisture content of both species less than the maximum recommended value of 20 % and the average strength at yield of Afara and Babo are 19.99 and 30.96 N/mm2. The derived continuous equations for the design of Afara column and Babo column are σ=16.992e0.0039λ and σ=32.031e-0.001λ respectively. The results of the reliability analysis show that Afara and Babo timber species have reliability index of 0.63 and 0.64 respectivelyfor a service life of 50 years, assuming other serviceability conditions are met. This design procedure is distinct and more effective than the usual procedure of classification of compression members as short, intermediate and long.The paper therefore recommends the adoption of these equations for the design of compression members from these timber species in Nigeria.",afara; babo; compressive strength; regression analysis; reliability,DOAJ
0146f4f7e8bd4d06902def46cae2d6f9,Species-Site Suitability Assessment of Bamboo and Its Detailed Study in Different Agroecological Zones of Kenya,Tarun Kumar Lohani; Gordon Sigu; Nellie Oduor; Selim Reza; Jayaraman Durai,2023,International Journal of Forestry Research,GB,10.1155/2023/8859316,http://dx.doi.org/10.1155/2023/8859316,"The site suitability assessment of Bamboo in Kenya was studied for diverse agroecological zones (AEZs) comprising one indigenous and fifteen exotic bamboo species in nine different AEZs of Kenya. Three bamboo clumps from each species that were at least five years old were assessed to accurately capture data on growth performance and yield. Soil samples collected at 0–30 cm depth from different areas varied considerably. The proportion of soil varied across the bamboo planting sites (F(1,11) = 24.94; p < 0.001), soil pH in the planting sites varied significantly (F(1,11) = 13.92; p < 0.001), and soil bulk densities had different results (F(1,11) = 13.92; p < 0.001). The lowest bulk density (0.61 ± 0.01) was recorded in Kakamega (UM1), while the highest (1.63 ± 0.01) was reported in Gede. Data on characteristics of clumps and internode length and wall thickness integrated through GenStat statistical software using ANOVA entail a huge variation in growth performance for each bamboo species across planting sites. Morphological characters were also studied in detail. The mean height, diameter, and stocking density were comparatively lower even in elevated zones that were only 200 m below its natural range. This resulted in an extremely low yield, which is not viable for economic investment. The species is unsuitable for plantation establishment outside its natural range of 2300 m–3200 m above the sea level (a.s.l.). Plantation below this range will not dissipate but will not attain a healthy growth. The primary use will be restricted for ornamental and conservation purposes such as scaffolding, roof construction, and fabrication of basic household furniture.",,DOAJ
0484569a454e473090af09e9a42020fd,Assessment of physical and mechanical properties of juvenile and matured Bambusa vulgaris glue-laminated bamboo for structural applications in Ghana,Emmanuel Appiah-Kubi; Michael Awotwe-Mensah; Stephen Jobson Mitchual,2023,Sustainable Structures,HK,10.54113/j.sust.2023.000026,http://www.sustain-dpl.com/UploadFile/article/202301022205168949.pdf,"This study assessed the properties of juvenile and matured glue-laminated bamboo for structural applications. Glue-laminated bamboo was produced from 2-year-old and 4-year-old culms of Bambusa vulgaris with a fast-curing polyurethane adhesive (Rapid Lion). The composites produced were assessed for their physical (moisture content, basic density, radial, longitudinal, tangential and volumetric shrinkage) and mechanical (modulus of rupture, modulus of elasticity and compressive strength parallel to grain) properties. The results show that the juvenile glue-laminated bamboo significantly shrinks about twice that of the matured glue-laminated bamboo with values of 6.32% for radial, 6.51% for tangential and 0.22% for longitudinal. It was further observed that the basic density of the matured glue-laminated bamboo was 810.56 kg/m³ which is 14.56% higher than that of the juvenile glue-laminated bamboo. The juvenile glue-laminated bamboo had MOE of 5876 MPa; MOR of 43.42 MPa and compressive strength of 37.58 MPa whilst that of the matured glue-laminated bamboo recorded MOE of 13379 MPa; MOR of 82.48 MPa and compressive strength of 62.78 MPa. The matured bamboo laminates had better physical and mechanical properties than that of the juvenile bamboo laminates. It is recommended that matured Bambusa vulgaris can be used as an engineered composite material for structural applications.",glue-laminated bamboo; juvenile bamboo; matured bamboo; physical properties; mechanical properties,DOAJ
0680122f21de4edda713c2a26cab1e2d,UNLOCKING THE POTENTIAL OF EXISTING BAMBOO SCAFFOLD CONNECTIONS: A COMPREHENSIVE REVIEW ON REUSABILITY,Hintsa G. GEBREMARIAM; Ermias A. AMEDE; Leule M. HAILEMARIAM,2024,European Journal of Materials Science and Engineering,RO,10.36868/ejmse.2024.09.02.093,https://ejmse.ro/articles/09_02_02_EJMSE-23-221.pdf,"Bamboo scaffolding is a sustainable alternative to traditional scaffolding materials due to its low carbon footprint, renewability, and strength. Reusable connections are crucial to optimize its sustainability benefits. This review provides a comprehensive overview of the reusability potential of existing bamboo scaffold connections, exploring different connection types, factors influencing reusability, benefits and challenges, and current research and development efforts. Several factors influence the reusability of bamboo scaffold connections, including the design of connections to accommodate mid-culm attachment of secondary components, which is challenging for many existing connection types. Reusing bamboo scaffold connections offers significant sustainability and cost-effectiveness benefits, reducing the demand for new materials and minimizing construction waste. Friction-tight lashing, the most popular and adaptable bamboo scaffold connection method together with mechanical connectors to alleviate problems in traditional friction-tight lashing, offers high reusability potential. More advanced mechanical connections, such as notched and pierced connections, are also being explored for their reusability potential. Ongoing research and development efforts focus on innovative approaches such as three-dimensional printing, parametric software, and glue bonding for custom joint systems to improve the reusability of bamboo scaffold connections. By addressing the challenges and leveraging ongoing research and development efforts, reusable bamboo scaffold connections can play a crucial role in sustainable construction practices.",bamboo; reusability; scaffolding; bamboo connection; suitability; literature review,DOAJ
07493c5fe03741b8b4ef8e00232fe895,"An assay of some thermal characteristics, chemical and phytochemical constituents of <i>Hymenocarida acida</i> timber",I.P. Udeozo; C.M. Ejikeme; A.N. Eboatu; H.I. Kelle,2017,Journal of Applied Sciences and Environmental Management,NG,10.4314/jasem.v21i5.19,https://www.ajol.info/index.php/jasem/article/view/163351,"
Timber has always played an influencing role in human lives. The quality of timber and its behavior in response to fire depends on many parameters. As a result Hymenocardiaacidawood was studied in terms of thermal, chemical, physical and variable techniques. The results obtained were as follows: afterglow time 58.33sec, flame duration 271.67sec, flame propagation rate 4.4x10-2cm.s-1, ignition time 3.67sec, thermal conductivity14.37 x 102Umoh/cm, electrical conductivity 4.4x10-3Sm-1, ash content 0.95%, moisture content 12.67%, oven dry density 78.7x10-2g.cm-3, water imbibitions (at different time intervals: 30mins 11.1%, 5hrs 13.8% and 24hrs 22.3%), etc, These results showed it to be a good timber suitable for various construction purposes. Phytochemical screening showed the presence of saponins, tannins, steroids, flavonoids, carbohydrates, proteins, resins, terpenoids, glycosides and alkaloids. The Atomic Absorption Spectrophotometer (AAS) of the sample showed the presence of some metals such as Na, K, Pb, Ca, As, Zn, Mg, and Cu in the decreasing order of their concentrations. The thin layer chromatographic analysis of the chloroform and chloroform-methanol extracts which gave three spots with Rf values of 0.7, 0.6 and 0.5 was further characterized using Fourier Transform Infrared and Ultraviolet Spectroscopic methods. The Fourier Transform Infrared and Ultraviolet spectra suggested a 1, 2, 3- trisubstitutedphenylamide with OH, CO and CN groups attached as the functional groups present. The chemical components analysis showed the presence of cellulose, hemicelluloses, lignin and other constituents in their right proportion. The results provided the required information on the properties of Hymenocardiaacidawood. It also confirmed the efficiency of the wood for various construction purposes and its medicinal ability due to the presence of the secondary metabolites.

Keywords: Timber, Hymenocardia acida, Functional group analysis, Phytochemical, thermal andchemical constituents
",Timber; Hymenocardia acida; Functional group analysis; Phytochemical; thermal andchemical constituents,DOAJ
090004799e0c42cb890d27d6f1378041,"Forest cover change detection using Geographic Information Systems and remote sensing techniques: a spatio-temporal study on Komto Protected forest priority area, East Wollega Zone, Ethiopia",Milkessa Dangia Negassa; Demissie Tsega Mallie; Dessalegn Obsi Gemeda,2020,Environmental Systems Research,GB,10.1186/s40068-020-0163-z,https://doi.org/10.1186/s40068-020-0163-z,"Abstract Background Forest plays an important role in climate regulation and carbon sequestration. Komto Forest is one of the remnant natural forests found in Guto Gida district of East Wollega zone, Ethiopia, has been supporting the local community for construction, energy and household furniture. Currently, influenced by land use land cover change (LULCC), this forest has been declining at an alarming rate. Detecting LULCC and understanding the driving forces has important for supporting decision making processes. We examine variation in forest cover dynamics over the period 1991–2012 using Landsat TM image of 1991, ETM + of 2002 and OLI-TIRS of 2019. Results The LULCC detection results show that a dramatic increase of agricultural land from (24.78%) in 1991 to (33.5%) in 2019 with annual expansion rate (23.68%) per annum, where forest cover declined by 20.1% in 1991 and 37.38% in 2019 with annual decreasing rate of 4.18% per annum. Our finding indicates the increment of agricultural land, grassland, and settlement, while the dense and open forest cover shows a declining trend. The declining of forest coverage is likely to cause unpleasant environment and affects human wellbeing. Conclusions The massive declined in forest cover change are often associated with agricultural expansion in the periphery of the forest. Timber exploitation and charcoal production are other problems that contribute for the declining of forest coverage. Overall, our results suggest the need of participatory forest management and public awareness creation to sustain the Komto remnant forest.",Change detection; Deforestation; Forest loss; Land cover change; Land use land cover,DOAJ
09317e5959ed435eb35e9bdbe75a1ad7,South African log resource availability and potential environmental impact of timber construction,Philip L. Crafford; C. Brand Wessels,2020,South African Journal of Science,ZA,10.17159/sajs.2020/6419,https://www.sajs.co.za/article/view/6419,"We investigated the South African log resource availability and the potential global warming impact of an increasing wood-based residential building market. We have shown that, with the use of wood resources currently exported as chips, as well as planting trees in areas that have been earmarked for afforestation, a sustainable residential building market, where all constructions are wood-based, is possible. However, in the short term, imports of wooden building components might be necessary if rapid growth in woodbased building occurs. Basic modelling analyses show that if the market share of wood-based buildings increases to 20% of new constructions, the embodied energy and global warming potential of the residential building sector could decrease by 4.9%. If all new constructions were wood based, the total embodied energy and global warming potential of the residential building sector could decrease by up to 30%.


Significance:


• A novel finding of this paper is that sufficient local log resource options exist to realise a sustainable all-wood residential construction market in South Africa.

• The likely implications in terms of embodied energy and potential global warming impact of using wood-based materials for residential buildings compared to conventional brick and mortar or reinforced concrete buildings were also analysed and found to be favourable.",wood-based building systems; global warming potential; embodied energy; residential housing; South Africa,DOAJ
0bb000d581994067b244fb319c34e108,"Exploring the utilization potential and threats on native highland bamboo (Oldeania alpina (K.Schum.) Stapleton) forests: Insights from Dama District, Guji zone, Ethiopia",Kotola Feleke; Jatani Garbole,2025,Advances in Bamboo Science,NL,10.1016/j.bamboo.2025.100166,http://www.sciencedirect.com/science/article/pii/S277313912500045X,"Native highland bamboo (Oldeania alpina) forests in Dama District, Guji Zone, are vital for rural livelihoods, offering socio-economic and ecological benefits. However, growing threats jeopardize their sustainability. This study explored the utilization potential and threats on native highland bamboo forests in Dama District, Guji Zone, Ethiopia. Multi-stage sampling techniques were employed in selecting the study sites and 130 sample respondents. Data were collected through a combination of focus group discussions, key informant interviews, household survey and field inventories. The potential of highland bamboo forests was analyzed by examining farmers' participation in bamboo growing practices, comparing their dependency on bamboo with other livelihoods, and evaluating bamboo's contribution to overall income generation. The data were analyzed through descriptive and inferential statistics using SPSS version 24. The utilization potential of bamboo in the study area was primarily for construction, home utility, agricultural tools and other uses. Bamboo was ranked third among primary livelihoods, with about a 12 % share. Income from bamboo was compared with other sources such as livestock, crop production, tree products and off-farm activities. The average annual income from bamboo sales was 1960 birr, accounting for about 19 % of total income. A multiple linear regression model revealed that household income levels from bamboo forests was mainly influenced by land-holding size, education level, off-farm activities, bamboo planting experience, extension services, diseases, and information on bamboo production and marketing. Poor management (60 %) was the primary identified threat to bamboo forests, followed by diseases (22 %), inadequate expert support (16 %), farmland expansion (13 %), expansion of Eucalyptus globulus (7 %), and trampling and browsing by livestock (5 %). Native highland bamboo forests in Dama District are vital for rural livelihoods and offer high potential for various uses, but they face significant sustainability threats. We recommend increasing community awareness and training, providing expert support, and addressing issues such as diseases and land competition to ensure long-term sustainability.",Bamboo; Forest; Household income; Threats; Utilization,DOAJ
1008f8b0351a4bd186b7613d7eeba889,Operative Temperature Variance    and Life Cycle Assessment Impacts of Wall Construction Materials,Mark Alegbe,2023,International Journal of Built Environment and Sustainability,MY,10.11113/ijbes.v10.n3.1115,https://ijbes.utm.my/index.php/ijbes/article/view/1115/302,"The  overdependence  on  concrete  in  the  construction  industry  in  sub-Saharan  African countries limits the potential use of sustainable materials in the construction of buildings. Hollow  Concrete  Block  (HCB),  the  industry’s  most  widely  used  wall  material, contributes  to  excessive  carbon  emissions  and  environmental  degradation.  Moreso, constructions  that  employ  HCBs,  specifically  in  Nigeria,  severely  threaten  the  indoor comfort  levels  in  Naturally  Ventilated  Spaces  NVSs.  This  study  relies  on  quantitative data  to  analyse  the  impact  of  alternative  wall  materials  in  a  case  building  in  northern Nigeria.  Mud  bricks  (MB)  and  Timber/brick  (TB)  were  compared  with  the  existing concrete (CW) case building. The study uses Meteonorm 8 and Climate Consultant 6.0 for EPW filegeneration. At the same time, dynamic thermal simulation and comparative experiments   for   thermal   comfort   and   carbon   emissions   were   conducted   using DesignBuilder V6 and OneClick Lifecycle assessment tools, respectively. Modelled and simulated under NVS conditions using ASHRAE’s PMV model, the result of the study suggests  that  the  MB  alternative,  although  with  an  intermediate  U-value  of  0.318 W/m²k,  accounts  for  the  best  indoor  comfort  temperature  annually.  While  the  CW building accounts for 41.31% of hours above the comfort temperature of 28⁰C, the TB and   MB   alternatives   account   for   29.99%   and   27.37%   of   hours,   respectively. Furthermore, the MB alternative is the most environmentally friendly material with 510 KgCO₂/m²emissions, a value 26% less than the CW building with an embodied carbon benchmark of 690 KgCO₂/m²during the building’s life cycle stages. The author suggests that mud construction’s thermal properties and Global Warming Impact (GWI) make it a better alternative to concrete and timber buildings in the tropics.",low carbon; operative temperature; embodied   carbon; life   cycle   assessment; nigeria,DOAJ
1010f347f9c84aa2a6bcb45d6b115469,Geotechnical and microstructural properties of cement-treated laterites stabilized with rice husk ash and bamboo leaf ash,Emeka Segun  Nnochiri; Olumide Moses Ogundipe; Samuel Akinlabi  Ola,2021,Acta Polytechnica,CZ,10.14311/AP.2021.61.0722,https://ojs.cvut.cz/ojs/index.php/ap/article/view/5791,"This study investigated the geotechnical and microstructural properties of cement-treated laterites stabilized with rice husk ash and bamboo leaf ash. In going about the tests, the soil sample was subjected to compaction, California Bearing Ratio (CBR) and preliminary tests; such as specific gravity, particle size distribution and Atterbergs limits to determine its index properties. Thereafter, the soil sample was mixed with cement at varying proportions of 0–12% at 2% intervals and also, separately mixed with bamboo leaf ash (BLA) and rice husk ash (RHA) in proportions of 0–16% at 2% intervals. The mixes at each stage were subjected to compaction, Atterberg limits and CBR tests. The highest values were 66.7% and 54.8% for unsoaked and soaked CBR at 6% cement+8% BLA and 78.5% and 63.8% for unsoaked and soaked CBR at 8% cement+8% RHA. Samples at these optimal CBR values were subjected into Scanning Electron Microscopy (SEM) and X-Ray Diffraction (XRD) tests. Results showed that new compounds were formed and there were changes in the microstructural arrangements. It can therefore be concluded that pozzolanic and cement hydration reactions actually took place in the course of stabilization.",bamboo leaf ash; laterite soil; ordinary portland cement; rice husk ash; soil stabilization,DOAJ
10923d6603614b049949dc605a7eedd1,Optimization of physical and strength performance of cellulose-based fiber additives stabilized expansive soil,Frehaileab Admasu Gidebo; Naoki Kinoshita; Hideaki Yasuhara,2024,Case Studies in Construction Materials,GB,10.1016/j.cscm.2024.e02851,http://www.sciencedirect.com/science/article/pii/S2214509524000020,"Expansive soils are known as geotechnically problematic soils and represent a significant challenge for both civil engineering and geotechnical applications. The primary issue with expansive soils is their susceptibility to moisture-induced volume changes, resulting in both shrinkage and swelling behaviors. This study presents a comprehensive investigation into optimizing the physical and strength properties of expansive soil through the use of cellulose-based fiber additives, namely bamboo fiber (BF), rice husk fiber (RHF), and wheat straw fiber (WSF). Various fiber dosages (5 %, 10 %, and 15 %) and sizes (75 µm, 150 µm, and 300 µm) were employed in combinations to identify the optimal conditions and analyze the soil-fiber reinforcement mechanisms. The experimental design was leveraged by the Taguchi method to optimize conditions, focusing on key response factors such as the Atterberg limit test (PI, LL), free swell ratio (FSR), linear shrinkage (LS), and unconfined compressive strength (UCS) and statistical analysis for results were validated by Analysis of Variance (ANOVA). Additionally, cellulose content and water absorption capacity were assessed to confirm the suitability of cellulose-based fibers as soil stabilizers. Hence, the results demonstrate a substantial enhancement in both the physical and mechanical properties of the stabilized soil with the incorporation of cellulose-based fiber additives. Specifically, the Plastic Index (PI) improved by 85 % when using RHF fibers at a dosage and size of 15 % and 300 µm, respectively. The Free Swell Ratio (FSR) witnessed improvement with WSF fibers at a dosage of 15 % and a size of 150 µm. Linear shrinkage exhibited remarkable improvement, exceeding 95 %, with a combination of 15 % and 75 µm fibers. Furthermore, the Unconfined Compressive Strength (UCS) values were improved by more than 100 % when using 15 % BF fibers with a size of 300 µm. Therefore, the findings of the study highlight that cellulose-based additives as highly effective and sustainable alternatives for soil stabilization, surpassing the engineering performance of traditional soil stabilizers",Cellulose-based fiber; Expansive soil; Sustainable additives; Soil reinforcement; Taguchi method and ANOVA,DOAJ
11403501e88a4c20b5415f9d3fde2fdb,Influence of spacing and seed trees on the growth of Pericopsis elata saplings during the first twenty months of a planting trial,Crispin Ilunga-Mulala; Hulda Hatakiwe; Hans Beeckman; Olivier J. Hardy; Gauthier Ligot; Dieu-Merci Assumani; Léopold Ndjele; Nils Bourland,2021,"Biotechnologie, Agronomie, Société et Environnement",BE,10.25518/1780-4507.18866,https://popups.uliege.be/1780-4507/index.php?id=18866,"Description of the subject. Pericopsis elata (Fabaceae) is a long-lived light-demanding tree from African rain forests that produces timber of high economic value. Natural populations suffer from overexploitation and a deficit of natural regeneration. Plantations could increase its production and limit the pressure on natural forests. However, we lack knowledge on the influence of spacing and seed tree origin on tree growth to optimize plantation protocols.

Objectives. This study evaluated the impact of sapling density and seed tree origin on the growth in diameter and height of P. elata plants, 20 months after plantation.

Method. Seeds were collected on 19 mother trees in a 400 ha natural stand near Kisangani (DRC). In October 2017, seedlings were transplanted in a Nelder design plantation with three replicates, to compare sapling growth at 10 contrasting plant densities under full sun. Diameter and height increments of 540 plants were analyzed according to local competition and maternal origin using generalized additive models.

Results. Twenty months after planting, height growth peaked at an intermediate density of 47,000 stems·ha-1 (165.6 ± 39.2 cm·year-1), while diameter growth peaked at a lower density of 4,200 stems·ha-1 (24.6 ± 8.3 mm·year-1). The maternal origin of saplings affected their growth, the coefficients of variation among mother trees reaching 7.6% and 6.4% for diameter and height increments, respectively. The initial diameter affected positively diameter growth while the initial height did not influence height growth.

Conclusions. The Nelder design proved useful to assess how plant growth depends both on spacing and genetic factors.",nelder design; afrormosia; density; genetics; increment; modelling; forest; africa,DOAJ
11f8a7a2b66e4b078a50906cff81d059,"The Role of Parkland for Conservation of Useful Plant Species Diversity in Arba Minch, Southern Ethiopia",Mulugeta Kebebew,2019,International Journal of Bio-Resource and Stress Management,IN,,https://ojs.pphouse.org/index.php/IJBSM/article/view/3814,"
This study was conducted in parkland of  Arba Minch paradise lodge, Southern Ethiopia from February 2018 to May 2018 with the aim of documenting the plant species diversity; identify major use categories and major factors affecting the parkland of paradise lodge plant composition. Techniques used were focus group discussion, semi-structured interviews, lodge tour and free listing. A total of 124 useful plant species were documented, of which 68 (39.08%)  were ornamental plants, 49 (28.16%) food plants, and 24 (13.79%) firewood plants. Fabaceae was the dominant family represented by 10 species, followed by Euphorbiaceae with 8 species each. Parkland of Paradise lodge host a number of endemic and threatened plants in Ethiopia. Species such as Aloe gilbertii, Aloe otallensis, Enset ventricosum were the endemic plant species and Cordia africana, Juniperus procera, Podocarpus falcatus and Olea europea were indigenous plants species which highly treated in the forest. The study indicates that parkland of paradise lodge are contributing to conservation of useful plant species through production of ornamental, food plants, fodder, medicinal, timber and construction. Knowledge gap in plant breeding, lack of planting materials and seeds, lack of agricultural support system, destruction by animals, disease infestation and lack of access to land were among the main factors that affect parkland of paradise lodge plant species diversity. The study recommended that the management of useful plant species in parkland of paradise lodge will be scaled up and further expanded and assisted by agricultural extensions.
","Parkland, paradise lodge, diversity, useful plant, Ethiopia",DOAJ
1679bd2ab0ed4083a140a4b0a98ebc83,EN 338 Strength Characterization and Grading of Igba (Rhizophora Racemosa) and Adere (Syzgium Guineense) Timbers for Structural Applications,Babatunde Ibitolu; Abdullahi Jimoh; Olawale Babatunde,2019,Computational Engineering and Physical Modeling,IR,10.22115/cepm.2020.159153.1051,http://www.jcepm.com/article_103543_ad647faeaeba6a8ea904712b0907af1f.pdf,"The paper characterizes two potential timbers grown in Nigeria according to EN338 (2009) timber strength classification. The timbers namely Igba (Rhizophora racemosa) and Adere (Syzgium guineense) were obtained in Kwara state in the North-central part of Nigeria. Physical and Mechanical properties of timber species were obtained in accordance with EN 13183-1 (2002) and EN 408 (2003). Four point bending tests based on EN 408 (2003) with specimen size 50x50x1000 mm was carried out using a Universal testing machine (UTM) to determine the bending strength and Modulus of Elasticity of each timber specie. Characteristic values of Bending strength, Modulus of Rupture and Density were determined using EN 384(2004). Rhizophora racemosa and Syzgium guineense had equilibrium moisture content (EMC) of 10.59 % and 22.34 % respectively. This moisture content were adjusted to 12% using adjustment factors so as to satisfy EN338 (2009) requirements for strength grading of timber. Rhizophora racemosa and Syzgium guineense were assigned to strength class C14 and D24 respectively. The Kolmogorov Smirnov test of goodness of fit test at 95% level of significance (α = 0.05) for bending strength of the two timber species as obtained using Easyfit 5.6 software shows that the most fitted distribution model for bending strength of Rhizophora racemosa is the normal distribution, while Lognormal Distribution is the most fitted for Syzgium guineense.",rhizophora racemosa; syzgium guineense; four point bending; easyfit 5.6 software; strength class,DOAJ
16969ab9e1f94b3c8e23a865d4df0079,"Affordable Housing in Developing Regions: A Systematic Review of Materials, Methods and Critical Success Factors with Case Insights",Fatimah Z. Muhammed; Kentaro Yamaguchi; Kusumaningdyah Nurul Handayani; Aya Hagishima,2025,Buildings,CH,10.3390/buildings15224015,https://www.mdpi.com/2075-5309/15/22/4015,"Rapid urbanization in developing regions presents a critical challenge to the provision of affordable housing. This systematic review, conducted following the PRISMA 2020 guidelines, analyzed 91 studies (2013–2024) from Scopus and Google Scholar to identify cost-effective materials and innovative techniques suitable for the developing context. Findings reveal that achieving affordability in developing regions requires a holistic approach that integrates material innovation with human capacity building. The analysis of critical success factors (CSFs) in the Rumah Unggul Sistem Panel Instant (RUSPIN) system from Indonesia and the Recycled Plastic Formwork (RPF) system from South Africa exemplifies this integration. Both systems show high potential for scalability and technological transfer using local materials and labor training. The review also highlights that materials commonly used in developed countries (e.g., autoclaved aerated concrete, expanded polystyrene, and light steel gauge framing) face adoption barriers in developing regions due to challenges related to supply chains, industry capacity, and regulatory frameworks. Conversely, locally available materials (e.g., earth, bamboo, and recycled waste) require ongoing research to enhance their availability and structural performance. Ultimately, achieving affordable housing depends on an integrated approach that combines locally sourced materials, innovative construction techniques, and the strategic application of critical success factors.",affordable housing; construction materials; construction technique; developing countries; low-cost housing; prefabrication,DOAJ
1708b09530d5408bbb7fab0a8dd4b925,Philosophies of bamboo structural design and key parameters for developing the philosophies,Leule M. Hailemariam; Ermias A. Amede; Ezra K. Hailemariam; Denamo A. Nuramo,2022,Cogent Engineering,GB,10.1080/23311916.2022.2122155,https://www.tandfonline.com/doi/10.1080/23311916.2022.2122155,"This article reviews the existing design philosophies of structural elements made of different structural materials in general and bamboo materials in specific. The theories behind design practice would be the main cornerstone for articulating why and how we employ a single philosophy. The demand for using verified theories or philosophies will facilitate the drawing of sound models. The detailed theoretical basis and methods that include the fundamental one are studied through extensive literature reviews in an organized way, and a critical synthesis has been made upon the basic parameters identified. Establishing a sound philosophy to address the existing behavior of materials and loads takes quite a time. Philosophies like allowable stress design, load factor design, and limit state design are the classical ones, while capacity-based, performance-based, and risk-based are the emerging ones for structural element design. The key characteristics for addressing the possible factors for developing a philosophy, whether classical or emerging, are valuable to seek out. The paper identifies the key parameters to develop a design philosophy using a Delphi survey from selected scientists. The key parameters found are material behavior, load behavior, displacement, failure modes, functionality, and method of construction. The identified key parameters need to be incorporated while developing a sound structural design philosophy. It is found that there is a significant relationship between material properties and design philosophy available when the force-based design approach is preferred, but if the functional-based and displacement-based approaches are used, there is no significant relationship between material properties and design philosophy.",structural material behavior; bamboo material; loads; literature review; Delphi study; key attributes,DOAJ
17f589eb1aa346cbaf81260fe3136e43,Mechanical and durability property dimensions of sustainable bamboo leaf ash in high-performance concrete,David O. Nduka; Babatunde J. Olawuyi; Adekunle M. Ajao; Victor C. Okoye; Obinna M. Okigbo,2022,Cleaner Engineering and Technology,GB,10.1016/j.clet.2022.100583,http://www.sciencedirect.com/science/article/pii/S2666790822001884,"This research characterises bamboo leaf ash (BLA), which was obtained by calcining dry bamboo leaves at approximately 600 °C for 2 h in a laboratory-controlled muffle furnace. To understand the pozzolanic potentials of the BLA, X-ray fluorescence (XRF) and scanning electron microscope/energy dispersive x-ray (SEM/EDX) techniques were employed. The BLA was then mixed with Portland cement (PC) to produce high-performance concrete (HPC) at 0, 5, 10, and 15% BLA contents by weight. Fresh HPC samples were evaluated for their workability with slump flow test. After 7, 21, 28, and 60 days of hydration, HPC samples' mechanical (compressive, splitting tensile, and flexural) and durability (water absorption, sorptivity, and influence of aggressive environments) were measured. As determined by XRF, the calcined BLA has pozzolanic properties, whereas the SEM micrograph exhibits irregular and angular morphologies. The incorporation of BLA into the HPC matrix enhanced the mechanical and durability qualities of the evaluated samples, primarily at a substitution rate of 10% PC. Therefore, it can be stated that 10% BLA can substitute cement in an HPC subjected to standard environmental conditions.",Bamboo leaf ash; High-performance concrete; Superabsorbent polymers; Superplaticiser; Supplementary cementitious materials; Sustainability,DOAJ
1868c138e4ed44b8831aed9dffc98925,Phytotherapy and Polycyclic Logging: Implication on Genetic Multiplicity and Diversity of African Mahogany in Tropical Rainforest,Amadu LAWAL; Victor A. J. ADEKUNLE; Oghenekome U. ONOKPISE,2019,Notulae Scientia Biologicae,RO,10.15835/nsb11110373,https://www.notulaebiologicae.ro/index.php/nsb/article/view/10373,"There are over 8,000 globally threatened tree species. For each species, there is a different story behind why they are threatened and what values we stand to lose if we do not find the means to save them. Mahogany, a member of Meliaceae, is a small genus with six species. Its straight, fine and even grain, consistency in density and hardness makes it a high valued wood for construction purposes. The bitter bark is widely used in traditional medicine in Africa. The high demand for bark has also led to the total stripping of some trees, complete felling of larger trees to get the bark from the entire length of the tree and bark removal from juvenile trees. These species are now threatened with extinction due to selective and polycyclic logging, and also excessive bark removal. The natural regeneration of mahogany is poor, and mahogany shoot borer Hypsipyla robusta (Moore) attacks prevent the success of plantations within the native area in West Africa. In developing countries, most of the Khaya species exists in the wild state; therefore, the regeneration and long-term conservation are at the mercy of the vagaries of nature and the profit driven herb collectors and timber merchants. It becomes urgently necessary by government of developing countries to place ban on further harvesting of mahogany species to allow the remaining few trees of mahogany in the forest to recuperate and produce substantial seeds for regeneration.",poor regeneration; species extinction; unsustainable harvesting,DOAJ
19b9dfd4bc224c2fb1ae30dc6b8a169e,Review of Agricultural Waste Utilization as Improvement Additives for Residual Tropical Soils,K. Ishola; O. A. Olawuyi; A. A. Bello; R. K. Etim; P. Yohanna; J. E. Sani,2019,"Arid Zone Journal of Engineering, Technology and Environment",NG,,https://azojete.com.ng/index.php/azojete/article/view/56/41,"The development of a nation partially depends on sustainable materials obtained from agricultural products. Increased agricultural products could increase the amount of waste generated yearly. This paper presents a review on the use of agricultural waste with pozzolanic properties (rice husk ash, Locust bean waste ash, Palm oil fuel ash, Banana leaf ash, Bagasse ash, Coconut shell ash, Bamboo leaf ash, Corn cob ash, Cassava peel ash and Palm kernel shell ash) in various geotechnical engineering applications. Interestingly, these wastes were subjected to various laboratory tests such as (particle size distribution, Compaction, Atterberg, unconfined compressive strength (UCS) and California bearing ratio (CBR)) to assess their effectiveness in soil improvement. In all these, the percentages of the materials required for soil improvement were discussed. The reports from various researchers have shown that agricultural waste having pozzolanic properties improves the engineering properties of soil. For instance, palm oil fuel ash (POFA) is mostly used as an admixture in concrete as reported elsewhere. Few studies have been carried out on the use of banana leaf ash and palm oil fuel ash as soil improvement materials. It is recommended that further researches should focus on the possibility of using other agricultural waste from Cocoyam, Yam peel, maize trunk, Cashew and Guava that have limited reporting researches for use as soil improvement materials.",,DOAJ
1a260c27d60c49aeb01dcd84ece2af41,"Review of the Properties, Acceptance, and Use of Eucalyptus as an Alternative Species in Ethiopia's Wood Industries",Gemechu  Kaba,2024,Indonesian Journal of Innovation and Applied Sciences,ID,10.47540/ijias.v4i3.1475,https://ojs.literacyinstitute.org/index.php/ijias/article/view/1475,"The demand for forest-related goods and services has continued to grow in Ethiopia due to the increasing population, urbanization, and the boom of the construction sector. In the past, the demand was covered by indigenous timber species, which now have declined due to unwise exploitations. To narrow down the gap between supply and demand an alternative solution is promoting and utilizing fast-growing species such as Eucalyptus wood. To effectively utilize this species identifying its special characteristics, level of acceptance in wood industries, and utilization practices are very important.  To achieve the goals of this review, a thorough search was carried out across multiple scholarly databases. Then, pertinent research, papers, and articles about the use of Eucalyptus in the wood industries were downloaded and reviewed. The study shows that Eucalyptus is widely cultivated in various regions of Ethiopia and plays a significant role in the socio-economic dimensions of many Ethiopians, providing livelihood opportunities, environmental services, and supporting sustainable development. Although it is being used as an alternative to traditional timber species in many places in the world, it is not being widely used in Ethiopia's wood industry for furniture manufacturing. This is because producers are unaware of the special properties of this species; its felling technique, sawing method, and drying behavior which demands proper attention and care. To ensure the sustainable use of Eucalyptus resources, better tree management techniques, innovative wood processing techniques, market development, and strengthening the capacity of relevant stakeholders are imperative.",alternative species; eucalyptus wood; wood industries; wood properties,DOAJ
1d997fe835e34d3b9aba3b040f7e94c0,Analyzing Mechanical Property and the Corresponding Power Output of Bamboo Plant for the Construction of Vertical Axis Wind Turbine Blade,Elias Alemu; Degnet Abose,2024,Ethiopian International Journal of Engineering and Technology,ET,10.59122/174CFC15,https://survey.amu.edu.et/ojs/index.php/EIJET/article/view/533,"Ethiopia has the largest bamboo plant coverage in Africa and has the third-largest wind power potential in Africa. These two factors inspired us to conduct this research. Use of Bamboo plant in Ethiopia is limited to a few common utilizations such as for furniture and civil construction. These applications resulted from less understanding of mechanical properties of the plant. Hence, this study aimed to determine the mechanical properties of bamboo, particularly tensile and fatigue strength. Mechanical properties were analyzed on lowland (Oxytenantheria abyssinica) and highland (Yushania alpina) untreated bamboo. Tensile test specimens were prepared from both species, and the test was conducted with calibrated universal testing machines (UTM). The expected outcome was to decide whether or not bamboo plant mechanical properties qualify for the construction of small-scale wind turbine blades. A total of 30 tensile specimens were prepared to conduct the test. Fatigue stress was calculated using the relationship between the tensile stress as various literatures revealed that fatigue strength equals 40 % to 60 % of the tensile stress. Experimental test output shows that lowland bamboo tensile strength is 178.1 Mpa while the corresponding fatigue strength is 71.24 Mpa. For highland bamboo, the tensile and the fatigue stresses are 122 Mpa and 48.8 Mpa respectively. This result confirmed that lowland bamboo has better strength compared to highland bamboo. This is because lowland bamboo is denser in fiber or microstructure than highland bamboo. This ensures that lowland bamboo has a larger load-bearing capacity. Fatigue stress (cyclic load) is the predominant stress for the failure of a structure when an intermittent load is subjected to the specific structure even if the exerted stress is below the yield stress of the component. Findings ensured that the bamboo plant has adequate strength for the construction of small-scale wind turbine blade production. In Ethiopia, the estimated wind power potential is nearly one Gigawatt, and the installed capacity is only 404 MW. Small-scale wind turbine installation was not offered sufficient attention. Integrating these two potential resources (bamboo as raw material and wind resources) will enhance and contribute to small-scale energy production.


Keywords: Fatigue Strength, Highland Bamboo, Lowland Bamboo, Tensile Strength",,DOAJ
1e5957983ee54caba3c524ad832a2966,Structural performance of fire-damaged concrete beams retrofitted using bamboo fiber laminates,Paul O. Awoyera; Ayomide Akin-Adeniyi; Alireza Bahrami; Lenin M. Bendezu Romero,2024,Results in Engineering,NL,10.1016/j.rineng.2024.101821,http://www.sciencedirect.com/science/article/pii/S2590123024000744,"Fire-induced damage is a serious threat to the structural integrity of reinforced concrete (RC) beams, necessitating an effective retrofitting strategy to restore and improve their performance. This study investigates the structural performance of fire-damaged RC beams retrofitted with bamboo fiber laminates. A comprehensive analysis was performed, incorporating degradation rules to quantify the effect of temperature on both the load-carrying capacity and ultimate deflection of the RC beams. Eight conventionally designed and reinforced RC beams were tested, with two serving as controls. The remaining six beams were tested in pairs at three different temperatures (400 °C, 600 °C, and 800 °C) for 2-h exposure, with one beam featuring the bamboo fiber laminates in each pair. The bamboo fiber laminates enhanced the load-carrying capacity and deflection of the fire-damaged beams when subjected to incremental loading until failure. The deflection was improved by 48.78% at 400 °C, restoring the load-carrying capacity to control levels. The load-carrying capacity was increased by 29.5% at 600 °C, while the deflection was restored by 39.37%. The load-carrying capacity was enhanced by 37% at 800 °C, while the deflection was improved by 4.83%. According to the findings, bamboo fiber laminate is a viable alternative to synthetic fibers for retrofitting fire-damaged beams.",Structural retrofitting; Bamboo fiber; Green material; Fiber-reinforced polymer; Fire-damaged beam; Deflection,DOAJ
1f8a59a589c0411fb9b16e15bc0b2853,"ATTITUDES AND PERCEPTIONS OF THE LOCAL COMMUNITY TOWARDS YAYO COFFEE FOREST BIOSPHERE RESERVE, ILU ABBA BORA ZONE OF OROMIA NATIONAL REGIONAL STATE",Dr. Daniel Getahun; Etana Tadesse Keno,2019,Ethiopian Journal of Science and Sustainable Development,ET,10.20372/ejssdastu:v6.i1.2019.80,https://ejssd.astu.edu.et/index.php/EJSSD/article/view/80,"Yayo Coffee Forest Biosphere Reserve is part of the Afromontane rainforest in south-western Ethiopia, and it is the center of origin for the most popular wild populations of Arabica coffee (Coffee arabica).  The forest was designated as UNESCO biosphere reserve to conserve coffee genetic resources and overall biodiversity of the forest. The coffee forest is, however, threatened by different factors. The major objective of the study was to collect data on attitudes and perceptions of the community towards the biosphere reserve in general and threats to it in particular. Data were collected through semi-structured interviews held with 212 (N = 1479) household heads selected randomly from 3 of the 5 gandas (ganda, in the local Afan Oromo language, is the lowest level of administrative body below district) which are considered by UNESCO as the most important transition zone in the biosphere reserve. Data were analyzed both quantitatively and qualitatively using descriptive statistics. About 51 % of the respondents supported the establishment of the Biosphere Reserve. The respondents recognized the forest values like as home of wild coffee (100 %), source of fuel wood 99.6 %) and construction materials (95.7 %) and because of these values, 57.7 % of them agreed that the community has the responsibility toprotect the forest from threats. All the respondents were aware of the presence of large-scale development projects like Yayo coal mining industry and Yayo fertilizer factory which were legally established around the forest, Gaba Hydropower Dam, road construction and electric transmission line established legally inside the forest, and coffee plantation carried out illegally inside and around the forest (27 %) which have adverse effects on the biodiversity of the area if not properly managed. Ninety-one percent of the respondents mentioned that there were conflicts between the management bodies of the biosphere reserve and the local community over timber logging (100 %), charcoal production (45.1 %), expansion of coffee plantation, and gain of no benefits/incentives form the government (92.5 %). Understanding the main source of conflict is critical to the resolution of conflict. Understanding the perceptions of the local people as they relate to forest value and attitudes towards the reserve is a key to gaining a better understanding the central issue of the conflict between community development and nature reserve management.","Attitude, biosphere reserve, conflict, perception, population growth, Yayo",DOAJ
1fe39443a79548f0be20c9d97ea2fdf4,Multivariate regression approaches to predict the flexural performance of cellulose fibre reinforced extruded earth bricks for sustainable buildings,Tido Tiwa Stanislas; Gbétoglo C. Komadja; Ifeyinwa I. Obianyo; Olugbenga Ayeni; Assia A. Mahamat; Josepha F. Tendo; Holmer Savastano Junior,2023,Cleaner Materials,GB,10.1016/j.clema.2023.100180,http://www.sciencedirect.com/science/article/pii/S2772397623000138,"Regression analysis is commonly used to predict the compressive strength of soil-based materials to reduce the time and cost of construction projects. This study presents the results of multivariate regression analysis on the prediction of modulus of rupture and specific energy of cement-stabilised earth bricks reinforced with bamboo cellulose fibres as a function of cellulose fibre percentage, curing temperature and curing time. Statistical modelling is carried out on the experimental data of the four-point bending test of clay brick stabilised with 10 wt% Ordinary Portland Cement reinforced with 0, 5, 7.5 and 10 wt% organosolv bamboo pulp fibres. The water content of the unreinforced specimen was adopted at 25 wt% of the solid materials based on the plastic limit value of the soil, while the value of the water content of the samples with cellulose fibres was 35 wt% due to the affinity of the cellulose with water as well as to allow good extrudability of the pulp. The bricks were cured under different conditions (23 °C, 60% RH and 60 °C, 100% RH) and at different ages (14 and 28 days). Regression analysis and two-way ANOVA were studied to assess the accuracy, correlation and effect of each variable on the prediction of the random response variable. The results showed that non-linear regression analysis provides the best-fitting statistical model with an accuracy of 96%. In addition, the curing temperature and the percentage of cellulose fibres significantly affect the bricks bending performance, while the effect of curing time is the least visible. This non-linear model can be adopted as a suitable model to predict the flexural properties of cellulose pulp fibre-reinforced earth bricks for a sustainable building solution in developing countries. For better generalization and practical application of this method to predict the flexural performance of cellulose pulp fibre-reinforced earth bricks, a large data set of a broader range should be explored.",Bamboo cellulose pulp; Earth-based bricks; Statistical modelling; Flexural performances; Non-linear regression model,DOAJ
20620c9ef0ff41c6b8ba056a934a3fa5,Experimental study of Yushania alpina bamboo fiber,Muluken Awulachew Asres; Girma Zerayohannes; Adil Zekaria; Denamo Addissie Nuramo,2024,Materials Research Express,GB,10.1088/2053-1591/ad3b67,https://doi.org/10.1088/2053-1591/ad3b67,"The characteristics of bamboo fiber depend on the source species. This study investigated the properties of Yushania alpina bamboo fibers extracted using mechanical, chemical, and combined methods. Samples from each extraction method were tested for tensile strength. Scanning electron microscopy was used to examine the morphology of the fibers. Fourier transform infrared was used to trace functional group changes. The absorption capacity of the fibers was also examined. The thermal properties of the fibers were investigated using thermogravimetric analysis. The chemical compositions of the fibers were studied using a gravimetric method. In contrast to mechanically and combinedly extracted bamboo fibers, chemically extracted fiber had up to 90.84% and 67.06% increments in tensile strength, respectively. Scanning electron microscopy revealed the removal of attachments on the surfaces of the fibers extracted chemically. The diameter of the fibers extracted chemically was reduced. Fourier transform infrared showed no change in functional groups among the extracted fibers. However, lignin content was reduced in chemically extracted fibers. The absorption capacity of the fibers was encouraging for use in composites. Thermal analysis showed improved thermal properties with the chemical method. Chemical analysis revealed reduced lignin and hemicellulose compositions in chemically extracted fibers. This study suggests bamboo fibers can be used in the construction industry for sustainability.",sustainability; extraction techniques; tensile strength; absorption; morphology; chemical composition,DOAJ
21f488a9b0564ccca190dfd545028fd7,Failure Behavior and Failure Locations of Oxytenanthera Abyssinica Bamboo Culms under Bending Load,Tadesse Mergiaw; Denamo Addissie; James Goedert,2023,Sustainable Structures,HK,10.54113/j.sust.2023.000029,http://www.sustain-dpl.com/UploadFile/article/202305211025350359.pdf,"Bending failure modes in solid stem wood and solid culm bamboo varies depending on material and geometric properties. Solid culm cross-sections of Oxythenantera Abyssinica round bamboo resemble to wood, but are anatomically different in their mode of growth and tissue organization. The bending stress gradient and failure behavior has highly related with the culm internal voids termed as hollowness which depends on age of bamboo. Hollowness (k) refers the relative proportion of void volume to solid volume with in a culm. Full culm beam specimens with length of 3.5 m were subjected to bending under 4-point static loading according to ISO 22155. Pattern of vertical deflection varies depending on the maturity of the culm. A statistical and experimental results showed that, for K values between 12-15% a mixed mode of local buckling with a longitudinal shear splitting failure mode was resulted in 4-year age bamboo specimens with a slight (14 mm) shift from the shear center inducing large vertical deflection (142 mm) at midspan. A kink buckle and green stick modes were observed in 2-year and 3-year ages culms at failure point of 124 and 158mm at length ‘L’ (L/2.5 to L/4.5) from shear center with a k value 25-27% and 18-22% respectively.",hollowness ratio; failure behavior; failure location; bending stress; longitudinal shear; shear center,DOAJ
2252eca06ffd4d6d9e4e797c8f47c302,Advancing green retrofitting: Investigating bamboo and coconut fiber composites under chemical and thermal stresses,Paul O. Awoyera; Oghenemaro Aghagba; Md Azree Othuman Mydin; Mohammed Nayeemuddin; Milica V. Vasić,2025,Journal of Engineered Fibers and Fabrics,GB,10.1177/15589250251403121,https://doi.org/10.1177/15589250251403121,"Natural fiber-reinforced polymers (NFRPs) are promising sustainable materials for structural retrofitting, yet their durability under chemical and thermal stresses remains underexplored. This study compares bamboo and coconut fiber-reinforced polymer composites exposed to 5% hydrochloric acid, 5% sodium hydroxide, 5% sodium chloride, and temperatures up to 200°C. Laminates were fabricated and tested for tensile and flexural properties, with microstructural analysis via scanning electron microscopy. Bamboo composites showed significant degradation, especially under acidic and saline conditions, with flexural strength reductions up to 67%. In contrast, coconut fiber composites demonstrated greater chemical and thermal resilience, maintaining or improving tensile strength and exhibiting better stability at elevated temperatures due to higher lignin content. These results suggest coconut fiber composites are more suitable for retrofitting applications in aggressive environments. The findings contribute to advancing sustainable construction by identifying natural fiber composites with enhanced durability for environmentally responsible structural rehabilitation.",,DOAJ
2428385f23924e04b1d7bfba125d90dc,"Assessing the energy demand, carbon footprint and other environmental impacts from mass timber production: a critical review and meta-analysis",Muzan Williams Ijeoma; Sovanroth Ou; Great William Ijeoma; Michael Stoner; Brandon Ross; Weichiang Pang; Patricia Layton; Dustin Albright; Hao Chen; Amin Nabati; Michael Carbajales-Dale,2025,Environmental Research Communications,GB,10.1088/2515-7620/ae1810,https://doi.org/10.1088/2515-7620/ae1810,"Mass timber products such as Cross-Laminated Timber (CLT) and Glued Laminated Timber (GLT) are increasingly positioned as low-carbon alternatives to concrete and steel in building construction. While widely cited for their carbon storage potential and reduced embodied emissions, their environmental performance assessment remains fragmented and geographically skewed. Existing environmental assessments disproportionately reflect European production conditions, limiting their relevance to other regions. This study addresses these gaps through a critical review and meta-analysis of 21 peer-reviewed and industry-based Life Cycle Assessments (LCA) and Environmental Product Declarations (EPD) of CLT and GLT production from North America, Oceania, and Japan, harmonized across key parameters such as system boundaries. Results show substantial regional variability in carbon emissions, with the median cradle-to-gate carbon emissions for CLT and GLT produced outside Europe being 52% higher (167 versus 110 kg CO _2 -eq/m ^3 ), mainly due to differences in wood species, manufacturing practices, and energy sources. Cumulative energy demand (CED) varies widely, from 800 MJ m ^−3 to 9602 MJ m ^−3 , depending on the electricity grid carbon intensity. Product-level differences also emerge: GLT shows markedly higher acidification (+60%), smog formation (+84%), and ozone depletion (+99%), while CLT is associated with higher eutrophication (+71%), freshwater consumption (+20%), and non-hazardous waste generation (+67%). Despite comparable biogenic carbon uptake, regional and process-level factors significantly shape the sustainability profile of mass timber products. This study recommends region-specific LCA guidelines, improved reporting transparency, and regionally differentiated environmental impact benchmarks to support informed procurement and policy. The findings help guide material choices, regulations, and low-carbon strategies for sustainable construction.",mass timber production; cross laminated timber; glued laminated timber; life cycle assessment; environmental product declaration; meta-analysis,DOAJ
2573e4ae7fed445a9717d1169fedd33f,Comparative analysis of leaf litter decomposition and nutrient release patterns of bamboo and traditional species in agroforestry system in Ghana,Daniel S. Akoto; Samuel T. Partey; Simon Abugre; Sellassie Akoto; Manfred Denich; Christian Borgemeister; Christine B. Schmitt,2022,Cleaner Materials,GB,10.1016/j.clema.2022.100068,http://www.sciencedirect.com/science/article/pii/S2772397622000284,"Understanding leaf litter decomposition dynamics is imperative owing to nutrient release rates and synchronization. The overarching aim is to sustainably manage agroforestry systems and ensure environmental integrity. Therefore, this study aimed at determining the decomposition and nutrient release of leaves of different bamboo species (Oxytenanthera abyssinica, Bambusa balcooa, Bambusa vulgaris), rarely used woody perennials in agroforestry system in Ghana, and compared with commonly used agroforestry species; Albizia lebbeck, Senna siamea, Gliricidia sepium, Leucaena leucocephala, and Eucalyptus grandis. Litterbag technique was used and freshly fallen leaves of the species (equivalent to 100 g on a dry weight basis) were collected and placed into 30 cm × 45 cm nylon litterbags with a 2-mm mesh size. The weight of the samples in the litterbags was based on local plant litter application rates (5 t dry matter ha1) for maize production in the study location. There was a total of 216 litterbags (27 per species) for the study. Eight transects spaced at 1.0 m apart were laid in a randomized complete block design and twenty-seven litter bags spaced 0.5 m apart were placed on each transect. The litterbags were buried at 2 cm depth and three samples of each species were retrieved and weighed for 210 days to determine weight loss and nutrient release. Compared with Oxytenanthera abyssinica (8 weeks) and Senna siamea (6 weeks) half-life, rate of decomposition was analogous and higher than the other species. Further, Bambusa balcooa and the other non-bamboo species showed similar rate of decomposition. However, Bambusa vulgaris had marginally slower rate of decomposition compared to the traditional species. The highest rate of N, P, K and Ca release was recorded for Albizia lebbeck. Nonetheless, rates of P, Ca and Mg release were comparable to the other non-bamboo species. Eucalyptus grandis and Bambusa vulgaris also showed dominance in initial nitrogen and lignin concentrations and release. Therefore, with the observed substantial and comparable litter quality and decomposition rate among the species, it may be imperative to consider using the bamboo species for soil amendment and green manure in agroforestry system.",Half-life; Litter quality; Mass loss; Nutrient concentration; Soil improvement,DOAJ
26cc88a383db4dae9d32d33d35eb1cae,"Woody Species Conservation, Management, and Its Socioeconomic Importance of Agroforestry Practice in Ethiopia",Tsegu Ereso,2023,International Journal of Forestry Research,GB,10.1155/2023/2623291,http://dx.doi.org/10.1155/2023/2623291,"The preservation of biodiversity is not at all a luxury. In many developing countries, the reduction in biodiversity caused by the conversion of primary forest to unsustainable agricultural landscapes has increased. Agroforestry provided habitat for various species of wildlife and had significant social and environmental advantages. However, there is a lack of knowledge on the significance of agroforestry in the management and conservation of woody species. The review’s main goal is to emphasize the socioeconomic significance of agroforestry in Ethiopia and the conservation and management of woody species. The most common agroforestry practices are typically carried out in different parts of the country on homegardens, crops, woodlots, and coffee farms. The most typical woody species utilized in agroforestry practices in southern Ethiopia are Cordia africana, Millettia ferruginea, Erythrina brucei, and Olea capensis. In Ethiopia’s northern region, you can find Croton macrostachyus, Vernonia amygdalina, Faidherbia albida, Acacia nilotica, Acacia seyal, and Grewia bicolor. The central highlands of Ethiopia also have Albizia gummifera, Cordia africana, Croton macrostachyus, Ficus vasta, and Vernonia amygdalina. Agroforestry improves the environment and the socioeconomic system by producing tree products such as timber, firewood, food, and building materials (reduce soil erosion, increase soil moisture and fertility, coffee shade, and keep microclimate balance). Woody species in agroforestry are managed through pollarding, thinning, and pruning.",,DOAJ
293867375f7741fea92f42f81c33b0b5,Assessment of the Use of Locally Available Materials for Building Construction in Ado-Ekiti Nigeria,Kehinde Alade; Adedeji Oyebade; Nnamaka Nzewi,2018,Journal of Construction Business and Management,ZA,10.15641/jcbm.2.2.449,https://journals.uct.ac.za/index.php/jcbm/article/view/449,"The potentials and benefits of local building materials (LBM) remain untapped and seem to progress at a slow rate in the Nigerian building industry. This research examined the availability and level of usage of LBM in Ado-Ekiti, South-Western Nigeria. Further, it considered hindering and helpful factors for the use of LBM in the study area. Based on the extensive review of literatures, ten (10) LBM were identified and examined in the study area. One hundred and fifty (150) professionals closely involved with building construction in Construction companies that are fully operational in Ado-Ekiti were investigated for this study. The Relative index analysis of the frequency in the use of LBM available for building construction in Ado Ekiti revealed that the following LBM are available and in the following order, in the study area: Stone(1) with RII 0.95 , timber(2) RII 0.93, laterite(3) RII 0.92, clay and mud(4) RII 0.91, bamboo(5) RII 0.90, leaves and barks of trees(6) RII 0.88, Palm kernel shells (7) RII 0.85, wild coconut trees(8) RII 0.79, animal wastes (9) RII 0.76 and dung(10) RII 0.74. However, the level of usage of these materials is still very low. Considering the economic, socio-cultural and environmental benefits of LBM, this study recommended more awareness campaign and sensitization of the public on LBM in order to promote its social acceptability. In addition, it recommended that Federal and State governments should facilitate more research in the use of the available local materials for building construction. Availing funds specifically for research and development of LBM will also promote its use.
Keywords: Affordable Housing, Building Materials, Construction, Local knowledge, Nigeria.",,DOAJ
29eb476208eb4b8292340aba8e958a3b,Affordable house designs to improve health in rural Africa: a field study from northeastern Tanzania,"Dr Lorenz von Seidlein, PhD; Konstantin Ikonomidis; Salum Mshamu, MSc; Theresia E Nkya, PhD; Mavuto Mukaka, PhD; Christopher Pell, PhD; Prof Steven W Lindsay, PhD; Jacqueline L Deen, MD; William N Kisinza, PhD; Jakob B Knudsen",2017,The Lancet Planetary Health,GB,10.1016/S2542-5196(17)30078-5,http://www.sciencedirect.com/science/article/pii/S2542519617300785,"Background: The population of sub-Saharan Africa is currently estimated to be 1245 million and is expected to quadruple by the end of the century, necessitating the building of millions of homes. Malaria remains a substantial problem in this region and efforts to minimise transmission should be considered in future house planning. We studied how building elements, which have been successfully employed in southeast Asia to prevent mosquitos from entering and cooling the house, could be integrated in a more sustainable house design in rural northeastern Tanzania, Africa, to decrease mosquito density and regulate indoor climate.
Methods: In this field study, six prototype houses of southeast Asian design were built in in the village of Magoda in Muheza District, Tanga Region, Tanzania, and compared with modified and unmodified, traditional, sub-Saharan African houses. Prototype houses were built with walls made of lightweight permeable materials (bamboo, shade net, or timber) with bedrooms elevated from the ground and with screened windows. Modified and unmodified traditional African houses, wattle-daub or mud-block constructions, built on the ground with poor ventilation served as controls. In the modified houses, major structural problems such as leaking roofs were repaired, windows screened, open eaves blocked with bricks and mortar, cement floors repaired or constructed, and rain gutters and a tank for water storage added. Prototype houses were randomly allocated to village households through a free, fair, and transparent lottery. The lottery tickets were deposited in a bucket made of transparent plastic. Each participant could draw one ticket. Hourly measurements of indoor temperature and humidity were recorded in all study houses with data loggers and mosquitoes were collected indoors and outdoors using Furvela tent traps and were identified with standard taxonomic keys. Mosquitoes of the Anopheles gambiae complex were identified to species using PCR. Attitudes towards the new house design were assessed 6–9 months after the residents moved into their new or modified homes through 15 in-depth interviews with household heads of the new houses and five focus group discussions including neighbours of each group of prototype housing.
Findings: Between July, 2014, and July, 2015, six prototype houses were constructed; one single and one double storey building with each of the following claddings: bamboo, shade net, and timber. The overall reduction of all mosquitoes caught was highest in the double-storey buildings (96%; 95% CI 92–98) followed closely by the reduction found in single-storey buildings (77%; 72–82) and lowest in the modified reference houses (43%; 36–50) and unmodified reference houses (23%; 18–29). The indoor temperature in the new design houses was 2·3°C (95% CI 2·2–2·4) cooler than in the reference houses. While both single and two-storey buildings provided a cooler indoor climate than did traditional housing, two-story buildings provided the biggest reduction in mosquito densities (96%, 95% CI 89–100). Seven people who moved into the prototype houses and seven of their neighbours (three of whom had their houses modified) participated in in-depth interviews. After living in their new prototype houses for 6–9 months, residents expressed satisfaction with the new design, especially the second-storey sleeping area because of the privacy and security of upstairs bedrooms.
Interpretation: The new design houses had fewer mosquitoes and were cooler than modified and unmodified traditional homes. New house designs are an underused intervention and hold promise to reduce malaria transmission in sub-Saharan Africa and keep areas malaria-free after elimination.
Funding: Ruth W Jensens Foundation, Copenhagen and Hanako Foundation, Singapore.",,DOAJ
2d6333de531a43e283249fa373d98329,A Life-Cycle Approach to Investigate the Potential of Novel Biobased Construction Materials toward a Circular Built Environment,Naomi Keena; Marco Raugei; Mae-ling Lokko; Mohamed Aly Etman; Vicki Achnani; Barbara K. Reck; Anna Dyson,2022,Energies,CH,10.3390/en15197239,https://www.mdpi.com/1996-1073/15/19/7239,"Conventional construction materials which rely on a fossil-based, nonrenewable extractive economy are typically associated with an entrenched linear economic approach to production. Current research indicates the clear interrelationships between the production and use of construction materials and anthropogenic climate change. This paper investigates the potential for emerging high-performance biobased construction materials, produced sustainably and/or using waste byproducts, to enable a more environmentally sustainable approach to the built environment. Life-cycle assessment (LCA) is employed to compare three wall assemblies using local biobased materials in Montreal (Canada), Nairobi (Kenya), and Accra (Ghana) vs. a traditional construction using gypsum boards and rockwool insulation. Global warming potential, nonrenewable cumulative energy demand, acidification potential, eutrophication potential, and freshwater consumption (FWC) are considered. Scenarios include options for design for disassembly (DfD), as well as potential future alternatives for electricity supply in Kenya and Ghana. Results indicate that all biobased alternatives have lower (often significantly so) life-cycle impacts per functional unit, compared to the traditional construction. DfD strategies are also shown to result in −10% to −50% impact reductions. The results for both African countries exhibit a large dependence on the electricity source used for manufacturing, with significant potential for future decarbonization, but also some associated tradeoffs in terms of acidification and eutrophication.",sustainable construction; biobased materials; coconut; bamboo; life-cycle assessment,DOAJ
2f2e29ee08dd4d199a264c63e466551f,"ATTITUDINAL BEHAVIOUR OF RURAL DWELLERS TOWARDS UTILIZATION OF SELECTED MEDICINAL PLANTS FOR MALARIA TREATMENT IN EGBEDA LOCAL GOVERNMENT AREA OF OYO STATE, NIGERIA",Oke O.O.; Adeoye A.S.; Abegunrin O.O.; Olayemi O.O.; Odeyale O.C.,2022,Russian Journal of Agricultural and Socio-Economic Sciences,RU,,http://rjoas.com/issue-2022-05/article_02.pdf,"The study investigated the attitudinal behavior of rural dwellers towards utilization of selected non-timber forest products, NTFPs medicinal plants for malaria treatment in Egbeda Local Government Area of Oyo State. A well-structured questionnaire was used for data collection from 120 respondents through purposive sampling procedure. Both descriptive and inferential statistics were used for the study analysis. The result showed that about 55.9% of the respondents were male with about 68.6% of the respondents within the age range of 46-55 years. Majority of them had primary education (43.1%) and farming (80.4%) is their major occupation. The finding also showed that a total of 14 species of medicinal plants were used for malaria treatment by the respondents in the study area. Results revealed that medicinal plants part frequently used by the respondents were leaves of bitter leaf (100%), tea bush (l00%), siam weed (100%), pawpaw (97.9%) and moringa (97.9%), The extracts were consumed in liquid form by the respondents. Majority of the respondents strongly agree to the use of medicinal plants for malaria treatment. There was significant relationship between the factors contributing to utilization of selected medicinal plants and attitude of respondents (r = -0.322, p = 0.001). Hence, it was recommended that government agencies and non-governmental agencies should put more effort to work by ensuring conservation and establishments of these medicinal plants as natural way of building immune system of man against malaria parasites.",attitude; non-timber forest products; utilization; malaria; treatment,DOAJ
2f4286fef7ad49618ad00967be2947e9,"Factors Influencing Non-Timber Forest Products on Household Welfare in Maraba Sector, Huye District, Rwanda",Alexis Mizero; Felicien Ndayisaba; Jean Nduwamungu; John Atsu Agbolosoo,2025,Jurnal Manajemen Hutan Tropika,ID,10.7226/jtfm.31.3.242,https://journal.ipb.ac.id/jmht/article/view/62351,"
Non-timber forest products (NTFPs) enhance rural household income. In Rwanda, natural forests cover 11.9% of the land and are key for biodiversity conservation, providing water catchment protection, tourism, medicinal plants, honey, and handicraft materials. Despite the forest sector's economic potential, rural residents dependent on NTFPs face challenges, leading to high unemployment and poverty. This research examines how socio-economic factors affect Huye district NTFP collectors' welfare. Using multi-stage sampling, 152 participants were selected, and data was collected through structured questionnaires in 2022. Data analysis used SPSS version 29 and STATA version 16 for multiple linear regression. The research identified NTFPs including fruits, vegetables, honey, traditional medicine, mushrooms, building materials, bush meats, art crafts, fuel, forage, and fodder. The main reasons for NTFP participation included food provision, income generation, education and health expenses, obtaining forage and fodder, building materials, and traditional medicine. Factors like distance to forest, training, extension services, credits, and market information significantly influenced household income. The study recommends increasing forestland allocation for NTFPs and implementing agroforestry systems to boost household income. Reforestation and afforestation initiatives should enhance forest conservation and biodiversity. The Ministry of Lands and Forestry and stakeholders should establish payment systems for ecological services benefiting community residents
",credit access; distance to forests; honey; mushrooms; traditional medicines,DOAJ
3002ee255416489f9af8f14be8d36428,Life Cycle Assessment with Carbon Footprint Analysis in Glulam Buildings: A Review,Ruijing Liu; Lihong Yao; Yingchun Gong; Zhen Wang,2025,Buildings,CH,10.3390/buildings15122127,https://www.mdpi.com/2075-5309/15/12/2127,"This study provides a bibliometric analysis of life cycle assessments (LCAs) to explore the sustainability potential of mass timber buildings, focusing on glulam. The analysis highlights regional differences in carbon footprint performance within the ISO 14040 and EN 15978 frameworks. LCA results from representative countries across six continents show that wood buildings, compared to traditional materials, have a reduced carbon footprint. The geographical distribution of forest resources significantly influences the carbon footprint of glulam production. Europe and North America demonstrate optimal performance metrics (e.g., carbon sequestration), attributable to advanced technology and investment in long-term sustainable forest management. Our review research shows the lowest glulam carbon footprints (28–70% lower than traditional materials) due to clean energy and sustainable practices. In contrast, Asia and Africa exhibit systemic deficits, driven by resource scarcity, climatic stressors, and land-use pressures. South America and Oceania display transitional dynamics, with heterogeneous outcomes influenced by localized deforestation trends and conservation efficacy. Glulam buildings outperformed concrete and steel across 11–18 environmental categories, with carbon storage offsetting 30–47% of emissions and energy mixes cutting operational impacts by up to 67%. Circular strategies like recycling and prefabrication reduced end-of-life emissions by 12–29% and cut construction time and costs. Social benefits included job creation (e.g., 1 million in the EU) and improved well-being in wooden interiors. To further reduce carbon footprint disparities, this study emphasizes sustainable forest management, longer building lifespans, optimized energy mixes, shorter transport distances, advanced production technologies, and improved recycling systems. Additionally, the circular economy and social benefits of glulam buildings, such as reduced construction costs, value recovery, and job creation, are highlighted. In the future, prioritizing equitable partnerships and enhancing international exchanges of technical expertise will facilitate the adoption of sustainable practices in glulam buildings and advance decarbonization goals in the global building sector.",glulam buildings; life cycle assessment; sustainability; carbon footprint disparities,DOAJ
3059cc5a8acc4608be91e9a619cf2cd9,"Manihot esculenta tuber microcrystalline cellulose and woven bamboo fiber-reinforced unsaturated polyester composites: mechanical, hydrophobic and wear behavior",Bhiksha Gugulothu; N Nagabhooshanam; M Arun; N Vinayaka; Pravin P Patil; K V S R Murthy,2023,Materials Research Express,GB,10.1088/2053-1591/acabb1,https://doi.org/10.1088/2053-1591/acabb1,"In this research Manihot esculenta (cassava) tuber stem microcrystalline cellulose (MCC) and woven bamboo fiber (WBF) reinforced unsaturated polyester (UP) composites are prepared and tested. The main aim of this study was to synthesis the microcrystalline cellulose from Manihot esculenta tuber stem and investigate the mechanical, wear and hydrophobic properties of UP resin composite made using MCC and WBF. The laminated composites were prepared by the hand layup method and characterized according to ASTM standards. According to the results, the composite containing 40 vol% of WBF increased the tensile strength and modulus, flexural strength and modulus, interlaminar shear strength, Izod impact as well as hardness by 39%, 10%, 42%, 27%, 1%, 91%, and 1%, respectively as compare to pure polyester resin composites. In comparison to all composites, the composite with 4 vol% of MCC exhibits the lowest sp. wear rate of 0.011 mm ^3 /Nm. The water absorption contact angle indicated that all composite designations had a wider contact angle of more than 70°, which indicates a stronger hydrophobicity of composites. The SEM fractography reveals improved bonding and toughness for 4 vol% of MCC and WBF reinforced UP composites. Such mechanically stronger, wear resistance, as well as high hydrophobic composites, could be used in aerospace, automobile, defence and industrial sector.",PMC; cellulose; fibre; mechanical properties; wear; hydrophobicity,DOAJ
315392dcd8c04be18b80cb703dbbd16a,Professionals’ views of vernacular building materials and techniques for green building delivery in Ghana,Kofi Agyekum; Ernest Kissi; James Cofie Danku,2020,Scientific African,NL,10.1016/j.sciaf.2020.e00424,http://www.sciencedirect.com/science/article/pii/S2468227620301629,"Vernacular architecture is associated with numerous advantages. However, its adoption in the development of sustainable buildings is not appreciated. This paper examines professionals’ views of vernacular building materials and techniques for green building delivery in Ghana. A questionnaire survey was conducted among 54 built environment professionals. Data were analyzed using descriptive and inferential statistics. The findings suggest that the key vernacular materials for green building delivery are timber, bamboo, and laterite. It further suggests that the key vernacular techniques which are suitable for green building delivery are timber-framed construction, sun-dried brick walling/Adobe, and rammed earth or Atakpame walling. This study is useful for built environment professionals who are active in the construction industry and who are responsible for green building delivery decision making during the design and construction stages of buildings.",Building; Ghana green building; Materials; Techniques; Vernacular,DOAJ
333cc3b88d754c1a867773e7e3444a34,"Spatiotemporal forest cover change and its implication for environmental sustainability in Dedo district of Jimma zone, southwest Ethiopia",Nigus Tekleselassie Tsegaye; Wakjira Takala Dibaba; Dessalegn Obsi Gemeda,2023,Environmental and Sustainability Indicators,US,10.1016/j.indic.2023.100262,http://www.sciencedirect.com/science/article/pii/S2665972723000399,"Forest is one of the key precious resources that support human well-being by providing ecosystem services. Unfortunately, the forest cover has decreased over time due to natural and anthropogenic factors. The present study aims to assess the spatiotemporal forest cover changes and its implication on environmental sustainability in Dedo district in southwestern parts of Ethiopia. We used three Landsat images from 1985, 2002 and 2019. The results show that forest cover areas declined from 64,872 ha in 1985 to 53,805 ha in the year 2019. The study area lost about 11,067 ha (7.7%) of forest over the past 34 years. In contrast, the farmland was increased from 38,801 ha (27.06%) in 1985 to 54,917 ha (38.3%) in 2019. The increasing trend of cultivated land is associated with the increment of human population. Forest cover has been declined in the study area for a variety of reasons, including fire wood collection, charcoal and timber extraction, semi-forest and khat investments, and settlements. Loss of forest cover can have significant implications for environmental sustainability, as forests have played an important role in ecosystem services, such as climate regulation, clean air, flood control, carbon sequestration, soil protection against soil erosion, and increased environmental resilience to the impacts of climate change. The existence of forest resources can contribute to sustainable development of local communities, as the majority of agricultural communities are directly or indirectly dependent on forest products. The findings of this study can be used to improve forest conservation and protection at different scales.",Deforestation; Forest; GIS; Remote sensing; Land use land cover; Landsat image,DOAJ
33f1ad56d1d74c929d88b961d471f8bf,Identification of factors on the possibility of bamboo as a scaffolding and a formwork material in Ethiopia,Ermias A. Amede; Ezra K. Hailemariam; Leule M. Hailemariam; Denamo A. Nuramo,2022,Cogent Engineering,GB,10.1080/23311916.2022.2051692,https://www.tandfonline.com/doi/10.1080/23311916.2022.2051692,"From several countries trend bamboo has been used as a scaffolding material in building projects. Nonetheless, Ethiopia is known for the high population of bamboo vegetation such utilization of the material remained untapped. The purpose of this paper is to identify factors that influence bamboo’s structural suitability as a temporary material and to create a conceptual map for using it as an alternative structural material. Following the identification of important applications influencing parameters via literature analysis, both qualitative and quantitative approaches were used to identify significant factors. The paper also used a series of protocols; at first, several documents were selected based on criteria to provide an overview of bamboo-based construction systems. Following that, four major categories for SWOT analysis were chosen to examine the Ethiopian construction industry’s stance on the use of bamboo as a scaffolding material. Finally, a scoring model was employed as a quantitative analysis protocol to calculate the weight of factors (safety, procedure and implementation, time, and cost) through expert opinions. The investigation revealed that the use of bamboo has a cost and time savings advantage, while an increase in trash at acute and intermittent areas was one of the challenges. Furthermore, one of the challenges in creating bamboo formwork is a lack of complementary joinery techniques. Besides that, it is expected that the bamboo content will fall short of technical requirements. On the Brightside, every single respondent stated unequivocally that bamboo-made formwork meets a low-cost requirement.",Bamboo material; scaffolding; formwork; structural material; SWOT analysis,DOAJ
3674418526ad43b5a52cdb5782172c43,"Review of the Properties, Acceptance, and Use of Eucalyptus as an Alternative Species in Ethiopia's Wood Industries",Gemechu  Kaba,2024,Indonesian Journal of Innovation and Applied Sciences,ID,10.47540/ijias.v4i2.1366,https://ojs.literacyinstitute.org/index.php/ijias/article/view/1366,"The demand for forest-related goods and services has continued to grow in Ethiopia due to the increasing population, urbanization, and the boom of the construction sector. In the past, the demand was covered by indigenous timber species, which now have declined due to unwise exploitations. To narrow down the gap between supply and demand an alternative solution is promoting and utilizing fast-growing species such as Eucalyptus wood. To effectively utilize this species identifying its special characteristics, level of acceptance in wood industries, and utilization practices are very important.  To achieve the goals of this review, a thorough search was carried out across multiple scholarly databases. Then, pertinent research, papers, and articles about the use of Eucalyptus in the wood industries were downloaded and reviewed. The study shows that Eucalyptus is widely cultivated in various regions of Ethiopia and plays a significant role in the socio-economic dimensions of many Ethiopians, providing livelihood opportunities, environmental services, and supporting sustainable development. Although it is being used as an alternative to traditional timber species in many places in the world, it is not being widely used in Ethiopia's wood industry for furniture manufacturing. This is because producers are unaware of the special properties of this species; its felling technique, sawing method, and drying behavior which demands proper attention and care. To ensure the sustainable use of Eucalyptus resources, better tree management techniques, innovative wood processing techniques, market development, and strengthening the capacity of relevant stakeholders are imperative.",alternative species; eucalyptus wood; wood industries; wood properties,DOAJ
369ebf56346a4a86ad4c7199433d840b,Spatial priorities for conserving the most intact biodiverse forests within Central Africa,H S Grantham; A Shapiro; D Bonfils; V Gond; E Goldman; F Maisels; A J Plumptre; T Rayden; J G Robinson; S Strindberg; E Stokes; A I T T Tulloch; J E M Watson; L Williams; O Rickenbach,2020,Environmental Research Letters,GB,10.1088/1748-9326/ab9fae,https://doi.org/10.1088/1748-9326/ab9fae,"The forests of Central Africa contain some of Earth’s few remaining intact forests. These forests are increasingly threatened by infrastructure development, agriculture, and unsustainable extraction of natural resources (e.g. minerals, bushmeat, and timber), all of which is leading to deforestation and forest degradation, particularly defaunation, and hence causing declines in biodiversity and a significant increase in carbon emissions. Given the pervasive nature of these threats, the global importance of Central African forests for biodiversity conservation, and the limited resources for conservation and sustainable management, there is a need to identify where the most important areas are to orientate conservation efforts. We developed a novel approach for identifying spatial priorities where conservation efforts can maximize biodiversity benefits within Central Africa’s most intact forest areas. We found that the Democratic Republic of Congo has the largest amount of priority areas in the region, containing more than half, followed by Gabon, the Republic of Congo and Cameroon. We compared our approach to one that solely prioritizes forest intactness and one that aims to achieve only biodiversity representation objectives. We found that when priorities are only based on forest intactness (without considering biodiversity representation), there are significantly fewer biodiversity benefits and vice versa. We therefore recommend multi-objective planning that includes biodiversity representation and forest intactness to ensure that both objectives are maximized. These results can inform various types of conservation strategies needed within the region, including land-use planning, jurisdictional REDD + initiatives, and performance related carbon payments, protected area expansion, community forest management, and forest concession plans.",forest intactness; biodiversity; conservation planning; Congo Basin,DOAJ
36aac95f7ef04fab94b57044964fdfd7,Evaluating the use of recycled sawdust in porous foam mortar for improved performance,Mydin Md Azree Othuman; Awoyera Paul O.; Abdullah Mohd Mustafa Al Bakri; Onyelowe Kennedy; Özkılıç Yasin Onuralp,2025,Reviews on Advanced Materials Science,PL,10.1515/rams-2025-0115,https://doi.org/10.1515/rams-2025-0115,"The disposal of sawdust, a major byproduct of the timber and woodworking industries, presents a growing environmental concern due to its large volume and limited reuse options. Finding sustainable and rational approaches to repurpose this lignocellulosic waste is essential to reduce its environmental footprint. In this study, recycled sawdust was investigated as a partial replacement for fine sand in the production of porous foam mortar (FM), aiming to develop lightweight, eco-friendly construction materials. The experimental tests were focused on the physical (slump flow, setting time, density), mechanical (compression, flexural, splitting tensile, modulus of elasticity), durability (water absorption, porosity, permeability), and microstructural characteristics of the mortars. The FM mixes were produced using sawdust substitutes ranging from 0 to 25% by weight of fine sand. With a 25% substitution, the compressive strength dropped by 33.7%, from 9.8 MPa for the control mix (0% sawdust) to 6.5 MPa. Durability tests indicated a linear increase in water absorption and porosity with higher sawdust content. Despite these reductions, mixes with up to 15% sawdust substitution maintained acceptable mechanical and durability performance, demonstrating potential for non-structural applications. Further optimization of mix designs is suggested to improve performance characteristics, and this study emphasizes the dual benefits of reusing sawdust waste and encouraging sustainable construction methods.",foam mortar; sawdust; mechanical properties; durability; microstructural; water absorption compressive strength,DOAJ
37f50b892378444b9e1d5bd27686c197,The study of impact factors on timber trade between Ghana and China,Gordon Pasiba Kombat; Xiaoqian Chen,2022,Forestry Economics Review,GB,10.1108/FER-01-2022-0002,https://www.emerald.com/insight/content/doi/10.1108/FER-01-2022-0002/full/pdf,"Purpose – Timber export is an important economic development pillar in Ghana, which has a direct effect on Ghana’s domestic forestry industry development, local communities’ income and sustainable forest management and deforestation. China, as the Ghana’s largest timber export destination, brought significant impacts on Ghana’s timber export. However, there is a lack of quantitative analyses on impact factors of timber trade between the two countries in the past, which this paper sought to do. Design/methodology/approach – The authors first collected Ghana’s timber exports to China from 1997 to 2017, and then based on the literature review and trade theories, the authors set up a least squares estimate (LSE)-based multiple linear regression (MLR) model to analyse the specific impact factors. In addition, multi-collinearity, autocorrelation and heteroscedasticity issues of the impact factors were checked to guarantee the accuracy of the results. Findings – The results showed China timber import volume, Ghana cedi (GHC)/US$ exchange rate, Ghana’s gross domestic product (GDP) and China timber consumption volume in construction sector had positive impacts; Ghana timber production volume and Ghana average timber export price had negative impacts. The results confirmed that China’s timber consumption had a positive linkage with Ghana’s timber export. The article also reviewed possible impacts caused by change in timber trade policies, which proved important but was hardly directly quantified. The authors pointed out the importance of optimizing these impact factors to make sure Ghana’s timber export to China went on the sustainable track. Originality/value – There is no literature about timber trade and its impact factors between Ghana and China, which used econometric models. This paper provided new perspectives on the impact factors in timber trade between the two countries.",Timber export; Ghana; China; Impact factors,DOAJ
39d62fab0b79429b88c1e8a15dca2a00,Assessing the policy issues relating to the use of bamboo in the construction industry in Nigeria,I.P. Okokpujie; E.T. Akinlabi; O.O. Fayomi,2020,Heliyon,GB,10.1016/j.heliyon.2020.e04042,http://www.sciencedirect.com/science/article/pii/S2405844020308860,"The Nigerian government has promoted industrial development based on the area of policy implementation. The development of policy and the use of bamboo in the construction company is very significant because of the role of bamboo cultivation in reducing environmental pollution. Bamboo, in its existence, applies to the environment in absorbing carbon dioxide of about 35% and releases to the environment a high amount of oxygen. This carbon dioxide absorbs by bamboo reduces the ozone layer depletion in the aspect of climate change. Another significance of bamboo is that it creates an environment that reduces the light intensity to protect against ultraviolet emissions. The use of Bamboo is considerable in the construction industry and also as useful reinforcement material. This research discusses the effects of policy issues relating to the use of bamboo in the construction industry in Nigeria. And also, study the significance of bamboo implementation in terms of bamboo used for biomass as a source for bio-energy, furniture, and building development. Also, how bamboo cultivation will affect economic growth in Nigeria. This study also discusses the three policy dimensions as it pertains to implementing bamboo policy in Nigeria and suggested ways of developing bamboo policy for proper regulations.",Civil engineering; Construction engineering; Energy policy; Economics; Health economics; Social policy,DOAJ
3d34d78de9c84e0f9f8439ea166e43b6,Changes in community perspectives on the roles and rules of church forests in northern Ethiopia: evidence from a panel survey of four Ethiopian Orthodox communities,Travis William Reynolds; Krystyna Anne Stave; Tizezew Shimekach Sisay; Alemayehu Wassie Eshete,2017,International Journal of the Commons,NL,10.18352/ijc.707,https://www.thecommonsjournal.org/articles/707,"Some of the only Afromontane forest in northern Ethiopia today is on lands managed by followers of the Ethiopian Orthodox Church, where for centuries priests and communities have conserved forest groves around church buildings. The ecological value of the thousands of church forests in Ethiopia has been widely acknowledged, but little is known about the diverse local institutions that govern these resources, or how such institutions might be changing in response to Ethiopia’s rapid recent economic development. This study uses a unique panel survey to explore changes in community perspectives on the social and ecological roles of church forests, and rules governing church forest use, in four Orthodox communities over time. Our sample consists of 122 household surveys conducted in 2002 and a further 122 surveys from 2014, with 71 households interviewed in both periods. We find that reported uses of church forests vary across forests and over time, with larger forests more likely to be used for extractive purposes such as firewood and construction timber, while smaller forests have become more restricted to renewable or non-extractive uses such as natural medicines, honey, and prayer. Results of logistic regression suggest church followers’ support for preserving church forests increases with age and access to alternative sources of firewood – including exotic Eucalyptus spp. plantations which are increasingly widespread in northern Ethiopia. We also observe a shift since 2002 away from an expectation that church followers themselves hold responsibility for rule enforcement in church forests to a perceived sharing of responsibility by church authorities (i.e. priests) and government (i.e. police) in 2014. Together the progressive introduction of exotic tree species in church forests combined with the erosion of religious norms surrounding local forest governance may threaten the integrity and diversity of these unique social-ecological systems.",church forests; community forest management; ethiopia; institutional diversity; land use; religious conservation; remnant forest patches,DOAJ
3df1c01de28241ac950ef1d3b3918ad7,The impact of urbanization on land use land cover change using geographic information system and remote sensing: a case of Mizan Aman City Southwest Ethiopia,Addis Bikis; Muluye Engdaw; Digvijay Pandey; Binay Kumar Pandey,2025,Scientific Reports,GB,10.1038/s41598-025-94189-6,https://doi.org/10.1038/s41598-025-94189-6,"Abstract Land use land cover change due to urbanization is the prime driving forces to environmental problem and land surface temperature. The gap of the study is the lack of awareness of stakeholders regarding the protection of native forests, fruit trees, and BEBEKA coffee plantations. Deforestation for urban functions, including timber production, construction materials, and firewood, adversely affects the environment. The aim of this study was to analyze the effect of urbanization on Land Use Land Cover Change (LULCC) at Mizan Aman city, southwest Ethiopia from 1992 to 2022 using geographic information systemand remote sensing technique. The study employed systematic sampling household surveys and high-resolution remote sensing techniques to identify the impact of urbanization on land use land cover change and land surface temperature change. Sample household survey was focused on family size, education level, parcel, year of construction of the house, type of employment and monthly household income. The LULC classification were based on eight land cover class (settlement, dense forest, moderate forest, sparse forest, closed grassland, open grassland, open shrub land, annual crop land). Preprocessing, classification of the images and accuracy assessment were tested separately using the kappa coefficient. The analysis incorporates factor graph optimization for ambiguity resolution. The results indicated that cumulative accuracy were 81.52%, 82.96%, 85.41% and 84.46% and kappa coefficient 82.41%, 84.86%, 89.45% and 88.76%% for the year 1992, 2002, 2012 and 2022 respectively. This research showed that dense forest, moderate forest, sparse forest and open shrub land were significantly decreased by 68.96%, 24.60%, 31.36% and 8.28% respectively in the last 30 years. Urban settlement were increased at alarming rate due to land demand for housing, infrastructure and manufacturing. Therefore, urban planners must prioritize sustainable environmental management, integrated land use zoning, and active community involvement in order to protect against unsustainable changes in land use and land cover. For future research, incorporating methodologies such as multi-source remote sensing and high-resolution imaging will help differentiate land cover more effectively. Mizan Aman City experiences a nine-month rainy season with a hot climate, and cloud cover can affect image quality, making it challenging to map land covers clearly. Utilizing SENTINEL high-resolution data can enhance ambiguity resolution and improve spatio-temporal monitoring frameworks. Furthermore, integrating CO2 estimation techniques could offer deeper insights into the environmental changes associated with urbanization.",Urbanization; Land use land cover; Mizan Aman City; Land surface temperature; GIS,DOAJ
3e9adf04eac543edad0f8c138870b6ea,Experimental Investigation on the Mechanical and Physical Properties of Particleboard From Residual Materials With Lowland Bamboo Chip Composition,Balemlay Alehegn Muche; Hailu Shimels Gebremedhen,2024,Advances in Materials Science and Engineering,GB,10.1155/amse/8396809,http://dx.doi.org/10.1155/amse/8396809,"In Ethiopia, there is a significant amount of agricultural residues produced, and finding sustainable ways to recycle them can help to avoid the negative impacts of improper disposal in landfills. The objective of this study is to evaluate the mechanical and physical properties of particleboard (PB) made from reused coffee husk (CH), maize cob (MC) residues, and lowland bamboo (LB) chips. The particles used ranged from 0.75 mm to 3 mm length, and boards were manufactured with different weight ratios of these materials. The particles were bonded together using a 12% urea-formaldehyde resin (UFR), and a hot-pressing machine was utilized to create the PB. Experimental tests were conducted on the PB to assess its mechanical properties (bending, compressive, and impact strength), both in dry and wet conditions, and also physical properties (density, water absorption, moisture content, and thermogravimetric analysis) and evaluated following the standards set by JIS A 5908 and ASTM D 1037. In comparison, PB crafted from 75% bamboo, 12.5% CH, and 12.5% MC exhibited superior mechanical and physical characteristics as compared with other types of PBs. Conversely, 12.5% bamboo, 75% CH, and 12.5% MC showed the weakest performance in both wet and dry conditions. The efficacy of the proposed solution was confirmed through testing against the commercial eucalyptus tree particleboard (EPB) and industry standards. In both dry and wet conditions, the mechanical properties of PB were enhanced by increasing the bamboo particle content and reducing the CH and MC particles. The experimental findings revealed that the proposed solution had superior bending, compressive, and impact strength compared with commercial products by 13.05%, 23.06%, and 14.07% in dry conditions and 23.03%, 15.45%, and 21.25% in wet conditions, respectively, and meeting IS3087 standards. This suggests that the proposed solution comprising 75% bamboo, 12.5% CH, and 12.5% MC particles could serve as a viable alternative to commercial EPB, thereby safeguarding the environment from the adverse effects of eucalyptus trees.",,DOAJ
3fc920676a6b4ea49f6ec17c3b46a6cf,Experimental data on the splitting tensile strength of bamboo reinforced lateritic concrete using different culm sizes,Olumoyewa Dotun Atoyebi; Samson O. Odeyemi; Joy A. Orama,2018,Data in Brief,US,10.1016/j.dib.2018.09.064,http://www.sciencedirect.com/science/article/pii/S2352340918311429,"In this data article, the splitting tensile strengths of bamboo reinforced lateritic concrete with varying bamboo culm sizes are presented and compared with bamboo reinforced pure concrete (i.e. no lateritic replacement for fine aggregate). 25% of fine aggregate was replaced with laterite and concrete cylinders were cast using bamboo reinforcements both full culm sizes and half culm sizes. The cylinders of 300 mm height and 150 mm diameter were cured for 28 days and subjected to splitting tensile load at 7 days, 14 days and 28 days. Three samples were tested for each conditions and the average value computed.",,DOAJ
409122290cd145aaac0e4ae23e961733,"Woody Species Diversity and Biomass Carbon Sequestration in Private Residential Green Infrastructure of Dilla Town, Southern Ethiopia",Zebene Asfaw; Yohannes Zergaw,2022,International Journal of Forestry Research,GB,10.1155/2022/4017094,http://dx.doi.org/10.1155/2022/4017094,"Urban forests have an important role in biodiversity conservation, environmental improvement, and ecosystem services including climate change mitigation enhancement. The objectives of the current study were to: assess plant types and management strategies of the owners; woody species’ composition, structure, and diversity; and estimate aboveground biomass of trees and associated carbon stock in private residential green infrastructure (PRGI) at Dilla town. This study was conducted at three kebeles, the lowest administrative unit in Ethiopia. Ninety-four households were randomly selected from a proportional sample size for each kebele. A complete inventory of woody species was done after measuring the area occupied by plants at each household. At plot level, the aboveground biomass of sampled trees was calculated by using an allometric biomass equation developed for agroforestry species. Diversity was described by using different indices The free software EstimateS 9.1.0 was used to generate data for the construction of sample-based rarefaction curves and SPSS version 20 for descriptive statistics. Based on plant types and arrangement, the households manage their PRGI in 15 categories on area size, ranging from 10 m2 to 1229 m2, with an average holding size of 207.5 m2. A total of 66 plant species belonging to 45 families were identified. Overall, a total of 1220 stem ha−1 contributed to an aboveground carbon stock of 64.35 ton ha−1 of which 50.4% is from fruit trees and the rest from timber trees. The results suggest that PRGIs can serve as reservoirs of non-native and native plant species, including five native tree species currently facing conservation concerns.",,DOAJ
414e6c227ce048f0852060cf32d9ac49,"Woody species diversity, structure, and carbon stock in a disturbed Dry Afromontane Forest in Ethiopia",Mindaye Teshome Legese; Nesibu Yahya Kedirkan ; Carlos Moreira Miquelino Eleto Torres; Pedro Manuel Villa ; Mehari Alebachew Tesfaye,2025,Pesquisa Florestal Brasileira,BR,10.4336/2025.pfb.45e202302284,https://pfb.cnpf.embrapa.br/pfb/index.php/pfb/article/view/2284,"Ethiopia is one of the tropical countries endowed with diverse forest formations. These forests supply the largest proportions of wood used for furniture, construction, and household energy consumption. Arbagugu forest is one of the Dry Afromontane forests under severe anthropogenic disturbances. Despite this fact, up to date information is lacking about the status of the forest. This study evaluates the woody species composition, diversity, population structure, and carbon stock in Arbagugu forest. We found that the forest had low woody species richness and diversity. Many woody species had inadequate regeneration status. The carbon stock density of the forest falls below values reported for other similar forests. Therefore, it is important to develop forest management strategies, utilization plans, and restoration initiatives that meet the local community’s interest. Minimizing anthropogenic disturbances is essential for preserving plant diversity and enhancing carbon storage in the forest. Our study recommends restoration of highly degraded areas through enrichment plantings and protection measures along with investments in awareness-raising about forest conservation. We also recommend further research quantifying the socio-ecological impacts of human activities on the forest and investigating the potential for sustainable timber harvesting using selected tree species from the forest.
",Biomass; Biodiversity; Forest regeneration,DOAJ
415978ce63a0472f8e1071bf6f9aedb1,Production of value-added decorative furniture items from recoverable wood wastes from construction site,Asibong Asibong  Icha; Nureni Adedapo  Adewole,2025,Maderas: Ciencia y Tecnología,CL,10.22320/s0718221x/2025.24,https://revistas.ubiobio.cl/index.php/MCT/article/view/7111,"
The cost of wood and non-wood lignocellulosic materials continues to escalate yet the demand keeps rising at the face of the climate change problem aggravated by unsustainable tree removal across the world. Lignocellulose waste is unavoidably generated during construction. The viability of producing decorative furniture items from recoverable wood wastes from a construction site was investigated. Ten construction sites were randomly chosen, for on-the-spot assessment to obtain information on characteristics of bio-wastes originating from construction sites. A 6-flat-storey building was selected for an in-depth study. Data were collected on the composition of bio-wastes, Retrievable volume, and exposure and deterioration status. Redundant fragments of wood wastes were retrieved and processed into glue-laminated panels, constituting intermediate raw material that was used for manufacturing three decorative furniture items. Although a wide range of bio-wastes was generated at the construction sites, wood, bamboo, and medium density fibreboard, wastes were generated more substantially and in decline order, respectively. Most of the bio-wastes had largely deteriorated, but about 60 % of the wood wastes can still be recovered for re-use. Re-using recovered wood for decorative furniture items may save as much as 73 % of the actual cost of wood needed for production, with a negligible increase in labour cost. Glued-laminated panels were used to manufacture shelves installed for office use. The study suggested that more values may be obtained from bio-waste reuse if retrieved without delay.


 
",Bio-waste; construction site; decorative furniture; laminated panel; lignocellulosic residues; recoverable wood waste,DOAJ
43836164ff99467bbfb0d89c0234740b,"Assessment of Useful Plants in the Catchment Area of the Proposed Ntabelanga Dam in the Eastern Cape Province, South Africa",Alfred Maroyi,2017,The Scientific World Journal,GB,10.1155/2017/3763607,http://dx.doi.org/10.1155/2017/3763607,"Background. The developmental projects, particularly construction of dams, result in permanent changes of terrestrial ecosystems through inundation. Objective. The present study was undertaken aiming at documenting useful plant species in Ntabelanga dam catchment area that will be impacted by the construction of the proposed dam. Methods. A total of 55 randomly selected quadrats were used to assess plant species diversity and composition. Participatory rural appraisal (PRA) methods were used to identify useful plant species growing in the catchment area through interviews with 108 randomly selected participants. Results. A total of 197 plant species were recorded with 95 species (48.2%) utilized for various purposes. Use categories included ethnoveterinary and herbal medicines (46 species), food plants (37 species), construction timber and thatching (14 species), firewood (five species), browse, live fence, and ornamental (four species each), and brooms and crafts (two species). Conclusion. This study showed that plant species play an important role in the daily life and culture of local people. The construction of Ntabelanga dam is, therefore, associated with several positive and negative impacts on plant resources which are not fully integrated into current decision-making, largely because of lack of multistakeholder dialogue on the socioeconomic issues of such an important project.",,DOAJ
43da257c86d84a5fb64c28371601b7af,"Contribution of Highland Bamboo for Income of the Households and Challenges in Gurage zone, Central Ethiopia",Hiwot Hailu; Gonche Girma; Tesfanesh Ababu; Tensaye Abate; Mister Abebe,2025,"International Journal of Business, Economics, and Social Development",ID,10.46336/ijbesd.v6i1.752,https://journal.rescollacomm.com/index.php/ijbesd/article/view/752,"Bamboo resource has numerous socioeconomic, ecological and cultural benefits. In Ethiopia, local farmers rely on bamboo as an alternative livelihood option. It provides a considerable share for the various household incomes. The main purpose of this study was to assess challenges and the contribution of bamboo for income of the households in Gurage Zone, across central Ethiopia. A sample of 216 households, were selected by using multistage sampling procedure. Data was collected through household survey, focus group discussion and review of reports. Descriptive, frequency and multiple linear regression model methods were used to estimate the contribution of bamboo and to identify determinants bamboo production. The finding revealed that respondents were highly relying on bamboo for household use, construction, fuel wood, fencing and fodder for livestock. The result of bamboo income share shows that, 14% Bamboo can contribute to the total income of the households. Income from bamboo ranks third next to crop and livestock production. The result of multiple linear regression model revealed that, Educational level of household head and Distance to the market were negatively affect income generated from bamboo. In contrast, the culm price Bamboo was positively and significantly affect income generated from bamboo production. Market related and knowledge on bamboo production and processing were the most challenges identified by the households. Bamboo contributes a remarkable income share for households in the study area. Creating conducive production environment for the bamboo sector plays a vital role to improve the income and livelihood of farmers.","bamboo contribution, income, challenges, households",DOAJ
45b7cafcd06849109c2e1c8e3a31db6b,Comparative analysis of machine learning algorithms and vegetation indices for mapping Eucalyptus tree woodlots using Sentinel‐2 imagery in the Akaki River catchments,Hailegebreal Tamirat; Meron Tekalign; Mekuria Argaw; Tulu Tolla,2025,"Agrosystems, Geosciences & Environment",US,10.1002/agg2.70215,https://doi.org/10.1002/agg2.70215,"Abstract Eucalyptus trees (ETs) cover approximately 20 million ha globally, with Brazil leading at 5.6 million ha. In Africa, ET plantations span around 1.5 million ha, primarily in South Africa and Ethiopia. In Ethiopia, ET plays a key role in agroforestry, covering 506,000 ha, which represents 90% of all planted trees in the form of woodlots. These woodlots, particularly in the Akaki River catchment, are essential for local livelihoods, providing timber, fuelwood, and construction materials. However, while the socioeconomic benefits and ecological effects of ET are well‐documented, the spatial distribution of ET across Ethiopia remains underexplored. Furthermore, previous studies have examined machine learning (ML) algorithms and vegetation indices (VIs) separately for identifying tree species, but limited research has compared these methods for mapping specific land features, such as ET distribution. This study aims to address this gap by comparing ML algorithms, including artificial neural networks (ANN), random forest (RF), and support vector machines (SVM), with VIs like the normalized difference vegetation index (NDVI), green optimized soil adjusted vegetation index, green chlorophyll index, and modified soil adjusted vegetation index to map the spatial distribution of Eucalyptus globulus Labill. woodlots using Sentinel‐2 imagery. Our results show that RF outperformed other ML techniques with 96.3% overall accuracy (OA) and a 0.93 kappa coefficient (K), while ANN and SVM attained 88.7% and 81.7% OA, respectively. Among the VIs, NDVI was the most reliable, with an OA of 90.7% and a K of 0.887. We conclude that ML algorithms provide a more robust method for mapping specific land features like ET distribution than VIs. Future research should investigate the effects of ET on ecosystem services, incorporating socioeconomic data and advanced ML techniques, such as deep learning, to enhance mapping accuracy.",,DOAJ
471c506ab3404250af483f4cdfb117f2,"Uses, Structures, and Biomass of Some Stands of Bambusa Vulgaris Schrad, ex J.C. Wendl in the Center Region of Cameroon",Jean Louis Fobane; Alain Christian Minfegue Bussard; Jules Christian Zekeng; Pierre Marie Chimi; Marie Marguerite Mbolo,2024,Forestist,TR,10.5152/forestist.2023.23013,https://forestist.org/en/uses-structures-and-biomass-of-some-stands-of-bambusa-vulgaris-schrad-ex-j-c-wendl-in-the-center-region-of-cameroon-132773,"Our work aims to improve the knowledge of the various ecosystem services rendered by Bambusa vulgaris, one of the non-timber forest products with high conservation value. The study was carried out in Ekali I and Ballong II, two localities in the Center Region of Cameroon. A semi-structured questionnaire on the ethnobotany of bamboo species was administered to 150 people selected in the two study localities. The clumping-based sampling design was used to collect structural data for Bambusa vulgaris. In addition, its biomass was estimated using allometric models developed using the destructive method. The survey revealed that Bambusa vulgaris is used for construction, food, handicrafts, household energy supply, and agriculture and as poles for transporting electric wires. The average culm density of Bambusa vulgaris in both localities is 4733.67 culms ha−1 with an average number of clumps of 96 ha−1 . The Ballong II locality has higher structural parameters than Ekali, with 120 clumps ha−1 , an average density of 5720 stems/ha−1 , an average diameter of 9.46 cm, and an average height of 12.61 m. The biomass of the Bambusa vulgaris stands estimated to average 24.66 ± 21.50 kg ha−1 , with a coefficient of variation of 1.19%. Because of the pressure on this species due to its uses and role in climate regulation, it is urgent to think of a robust policy for its development and conservation.",,DOAJ
49b65d5a6cb442d8aad7e914d838e499,Population status of Boswellia papyrifera woodland and prioritizing its conservation interventions using multi-criteria decision model in northern Ethiopia,Tesfay Gidey; Daniel Hagos; Hagos Mohammedseid Juhar; Negasi Solomon; Aklilu Negussie; Josep Crous-Duran; Tânia Sofia Oliveira; Abrham Abiyu; Joao HN Palma,2020,Heliyon,GB,10.1016/j.heliyon.2020.e05139,http://www.sciencedirect.com/science/article/pii/S2405844020319824,"Boswellia papyrifera woodland provides considerable economic, ecological and socio-cultural benefits in the drylands of Ethiopia. However, its populations are in rapid decline due to human pressure and environmental degradation. As a consequence, the species is now considered being endangered, demanding an urgent conservation intervention to sustain its existence. This study was carried out in the Abergele district, northern Ethiopia, with objectives to characterize the current population structure of B. papyrifera and prioritize its potential conservation intervention alternatives using Analytical Hierarchy Process (AHP) modelling techniques. The woody species related data were collected from 33 sample plots randomly established in the study area. Data related to the potential intervention alternatives and their evaluating criteria were collected from experts, personal experiences and intensive literature reviews, and then validated using stakeholders’ focus group discussion. Four candidate alternatives were then considered for the AHP: 1) free grazing with no tapping resting period (FGNTR), 2) free grazing with a rotational tapping (FGRT), 3) area exclosure with medium tapping resting period (AEMTR), and 4) area exclosure with long tapping resting period (AELTR). The results showed that the population structure of B. papyrifera is unstable and is characterized by low density (266 trees ha−1), absence of regeneration and saplings (DBH<10 cm) due to different interrelated disturbances such as overgrazing, over tapping, pests, agricultural expansion and poor managements. The overall priority ranking value of all stakeholders using the AHP techniques also indicated that AEMTR (with overall rank value of 0.352) and AELTR (0.294) as the best alternatives strategies, respectively, for sustainable B. papyrifera woodland conservation. For the success of these strategies, their economic impacts at their early implementation stages (5–10 years) should be minimized by collecting different non-timber forest products from the woodland. Continuous capacity building training on sustainable utilizations and managements of B. papyrifera woodland should also be provided for all relevant stakeholders.",AHP model; Area exclosure; Conservation alternatives; Frankincense tree; Free grazing; Regeneration,DOAJ
516693c76e13459e93d66fc62e461ce0,Utilization of Lesser-Used Timber Species in Clustered Furniture Industries of Ethiopia,Gemechu  Kaba; Omer  Hinde; Getachew  Desalegn; Azmera  Belachew; Saifu  Amanuel; Eyuel  Girmay; Mahadi  Mussa; Asfaw  Gelan,2022,Indonesian Journal of Social and Environmental Issues,ID,10.47540/ijsei.v3i1.492,https://ojs.literacyinstitute.org/index.php/ijsei/article/view/492,"Demand for all forest products has been increasing in Ethiopia, due to population, economic growth, and the rise in the construction sector. In the past, about 85% of this demand has been covered by indigenous timber species which are now endangered and protected from harvest. As an alternative, there are potential lesser-used timber species in the country that can be utilized to narrow down the gap between supply and demand. This study aims to describe the utilization practices of timber species and identify factors affecting the utilization of lesser-used timber species in furniture industries. The study was conducted in four (4) purposively selected towns based on their Wood business transaction and resource availability. Both quantitative and qualitative data were collected using semi-structured questionnaires. A binary logit model was employed to estimate factors influencing the utilization of lesser-used timber species for industrial application. The results show that the majority of wood furniture industries still depend on pit sawed valuable indigenous timber species of the country. The result indicated that Cordia africana is the main type of timber species preferred to be utilized in the majority of furniture industries. It also indicated that there is a negative perception towards lesser-used timber species, less access to appropriate information, and skill training on wood processing. Therefore, the study implicates the need to intervene in changing perceptions toward these species and build the technical capacity of the wood industries through skill training.",furniture industries; lesser-used; timber utilization; well-known; wood,DOAJ
539b7082809d44c3ab70d354da53ccc7,Expanding global commodities trade and consumption place the world’s primates at risk of extinction,Alejandro Estrada; Paul A. Garber; Abhishek Chaudhary,2019,PeerJ,US,10.7717/peerj.7068,https://peerj.com/articles/7068.pdf,"As a consequence of recent human activities. populations of approximately 75% of the world’s primates are in decline, and more than 60% of species (n = 512) are threatened with extinction. Major anthropogenic pressures on primate persistence include the widespread loss and degradation of natural habitats caused by the expansion of industrial agriculture, pastureland for cattle, logging, mining, and fossil fuel extraction. This is the result of growing global market demands for agricultural and nonagricultural commodities. Here, we profile the effects of international trade of forest-risk agricultural and nonagricultural commodities, namely soybean, oil palm, natural rubber, beef, forestry products, fossil fuels, metals, minerals, and gemstones on habitat conversion in the Neotropics, Africa, and South and Southeast Asia. Total estimated forest loss for these regions between 2001 and 2017 was ca 179 million ha. The average percent of commodity-driven permanent deforestation for the period 2001–2015 was highest in Southeast Asia (47%) followed by the Neotropics (26%), South Asia (26%), and Africa (7%). Commodities exports increased significantly between 2000 and 2016 in all primate range regions leading to the widespread conversion of forested land to agricultural fields and an increase in natural resource extraction. In 2016, US $1.1 trillion of natural-resource commodities were traded by countries in primate range regions. The Neotropics accounted for 41% of the total value of these exports, Southeast Asia for 27%, Africa 21%, and South Asia 11%. Major commodity exporters in 2016 were Brazil, India, Indonesia, Malaysia and South Africa, countries of high primate diversity and endemism. Among the top 10 importers were China, the US, Japan, and Switzerland. Primate range countries lag far behind importer nations in food security and gross domestic product per capita, suggesting that trade and commodity-driven land-use have done little to generate wealth and well-being in primate habitat countries. Modeling of land-use and projected extinction of primate species by 2050 and 2100 under a business as usual scenario for 61 primate range countries indicate that each country is expected to see a significant increase in the number of species threatened with extinction. To mitigate this impending crisis, we advocate the “greening” of trade, a global shift toward a low-meat diet, reduced consumption of oil seed, diminished use of tropical timber, fossil fuels, metals, minerals, and gemstones from the tropics, accompanied by a stronger and sustained global resolve to regulate and reverse the negative impacts of growing unsustainable global demands and commodity trade on income inequality, and the destruction of primates and their habitats.",Forest risk commodity trade; Agricultural expansion; Forest loss; Forest degradation; Logging; Mining,DOAJ
53b7d0f10f9f4a378bd7091e73fc862a,Smallholder Farmers’ Knowledge and Attitudes Toward Adoption of Exotic Bamboo in Southwest Ethiopia,Rusha Begna Wakweya; Diriba  Abdeta; Haile  Zerfu; Alemayehu  Negassa; Beliyu  Lemineh,2024,Indonesian Journal of Social and Environmental Issues,ID,10.47540/ijsei.v5i1.1370,https://ojs.literacyinstitute.org/index.php/ijsei/article/view/1370,"Bamboo is a fast-growing forest resource that offers significant economic potential and can contribute to sustainable development. Farmers' knowledge and attitudes about exotic bamboo influence the successful adoption and effective utilization of the technology. Enhancing farmers' knowledge and positive attitudes towards exotic bamboo can create economic opportunities and ensure environmental sustainability. However, empirical evidence on farmers' knowledge and attitudes towards exotic bamboo practices is limited. This study aims to assess farmers' knowledge and attitudes towards the adoption of exotic bamboo species through a combined survey and field demonstration in southwest Ethiopia over the past three years. The field demonstration is supported by continuous training and follow-up. A multi-stage sampling technique was used to select 30 respondents. The collected data was analyzed using descriptive statistics and correlation analysis. The results indicate that participating respondents had a low level of knowledge and positive attitudes towards adopting exotic bamboo before the implementation of the program. The outcomes of a three-year field demonstration program show the effectiveness of providing smallholder farmers with information and knowledge about the adoption and management of exotic bamboo technology. Almost all respondents recognize the importance of implementing exotic bamboo to narrow the demand and supply gap of wood and forest management. Moreover, the results reveal a positive correlation between farmers' knowledge and their willingness to adopt exotic bamboo technology. Therefore, the finding suggests the provision of capacity-building training and extension services for farmers to increase their knowledge and positive attitudes toward the adoption of exotic bamboo management practices.",adoption; attitude; exotic bamboo; knowledge; smallholder farmers,DOAJ
564607e0a27f43c498545ed58c8a249d,Inhibition of ammonia and hydrogen sulphide as faecal sludge odour control in dry sanitation toilet facilities using plant waste materials,Bernice Mawumenyo Senanu; Patrick Boakye; Sampson Oduro-Kwarteng; Divine Damertey Sewu; Esi Awuah; Peter Appiah Obeng; Kobina Afful,2021,Scientific Reports,GB,10.1038/s41598-021-97016-w,https://doi.org/10.1038/s41598-021-97016-w,"Abstract On-site dry sanitation facilities, although cheaper than wet sanitation systems, suffer from high malodour and insect nuisance as well as poor aesthetics. The high odour deters users from utilizing dry sanitation toilets as an improved facility leading to over 20% open defecation in Sub-Saharan Africa. To address this malodour concern, this study first assessed odour levels, using hydrogen sulphide (H2S) and ammonia (NH3) as indicators, on two dry sanitation facilities named T1 and T2. The potential of using biomass (sawdust, rice husk, moringa leaves, neem seeds), ash (coconut husk, cocoa husk) or biochar (sawdust, rice husk, bamboo) as biocovers to remove or suppress odour from fresh faecal sludge (FS) over a 12-day period was investigated. Results showed that the odour levels for H2S in both T1 (3.17 ppm) and T2 (0.22 ppm) were above the threshold limit of 0.05 ppm, for unpleasantness in humans and vice versa for NH3 odour levels (T1 = 6.88 ppm; T2 = 3.16 ppm; threshold limit = 30 ppm limit). The biomasses exhibited low pH (acidic = 5–7) whereas the biochars and ashes had higher pHs (basic = 8–13). Basic biocovers were more effective at H2S emission reduction (80.9% to 96.2%) than acidic biocovers. The effect of pH on suppression of NH3 was determined to be statistically insignificant at 95% confidence limit. In terms of H2S and NH3 removal, sawdust biochar was the most effective biocover with odour abatement values of 96.2% and 74.7%, respectively. The results suggest that biochar produced from locally available waste plant-based materials, like sawdust, can serve as a cost-effective and sustainable way to effectively combat odour-related issues associated with dry sanitation facilities to help stop open defecation.",,DOAJ
589162558e974153adc6924cdb89a254,"Leverage of weave pattern and composite thickness on dynamic mechanical analysis, water absorption and flammability response of bamboo fabric/epoxy composites",Gangadhar M. Kanaginahal; Suresh Hebbar; Kiran Shahapurkar; Mohammed A. Alamir; Vineet Tirth; Ibrahim M. Alarifi; Mika Sillanpaa; H.C.Ananda Murthy,2023,Heliyon,GB,10.1016/j.heliyon.2023.e12950,http://www.sciencedirect.com/science/article/pii/S2405844023001573,"Spar caps, which cover 50% of the cost of windmill blades, were made of unidirectional and biaxial glass/carbon reinforcements of 600 gsm with thicknesses ranging from 100 to 150 mm for blades 70–80 m long. The significance of this study was to utilize an economical biodegradable material i.e bamboo fabric of 125 gsm to fabricate a lightweight composite and study its behavior for spar caps applications. The aim of this research was to investigate the effect of weave pattern and composite size at coupon level under thermal, dynamic, water absorption, and flammability conditions. Composites comprising 125 gsm plain and twill weave bamboo as reinforcements/AI 1041 Phenalkamine bio-based hardener with epoxy B-11 as matrix were tested. Thermo-Gravimetric Analysis revealed that the weave pattern and composite thickness had an effect on the rate of weight loss and sustenance until 450 °C. The pattern had an effect on the glass transition temperature, as seen by Differential Scanning Calorimetry. The weave pattern and size thickness had an effect on energy storage and dissipation, displaying the damping behavior in DMA. The weave pattern and size had an effect on the rate of water absorption, which saturated after a few hours. The wettability and thickness of composites hampered the burning rate, with 5.4 mm thickness resulting in a 30% decrease.",Plain and twill bamboo; Phenalkamine bio-based hardener; Thermal analysis; Dynamic mechanical analysis; Water absorption and flammability,DOAJ
59974a47894640cfbbb1b1a5e2378b62,Forest Resource Use Patterns in a Protected Forest Reserve in Western Zimbabwe-the Case of Fuller Protected Forest,J. Mudekwe,2017,International Journal of Bio-Resource and Stress Management,IN,,https://ojs.pphouse.org/index.php/IJBSM/article/view/1118,"
Communal households in Zimbabwe are no different to other areas of the developing world when it comes to harvesting natural forest resources. A range of forest resources is harvested from protected forests and woodlands for direct home consumption and for sale. In Zimbabwe only a few studies have attempted to describe and characterise the dynamics of forest product use by communities living adjacent to protected forests. This study was conducted in the Baikiaea plurijuga forests in Fuller Forest, western Zimbabwe, protected since 1943. The study explored the characteristics and dynamics of forest resource use by communities surrounding this protected forest. Results indicated that all households, rich and poor, were harvesting at least some forest resources from the protected forest. The most frequently harvested resources being firewood, wood for curios, thatch grass, wild fruits, timber for construction and fencing and those who owned livestock used the forest for livestock grazing. The extraction and use of 23 different products was recorded across five villages. The top five harvested forest products in terms of the mean proportion of households using them were fuelwood, building poles, thatch grass, wild fruits and broom grass. Forest products were harvested both for own consumption and for sale.
","Forest products, protected forest, use patterns, livelihoods",DOAJ
5a0544e68fd649f5931a40e5d9351c63,Performance Analysis of Hybrid Steel–Concrete and Timber–Concrete Composite Pile Systems in Variable Density Sandy Soils Using Experimental and Numerical Insights,Ibrahim Haruna Umar; Müge Elif Fırat; Hang Lin; Hamza Tijjani Shehu; Rihong Cao,2025,Applied Sciences,CH,10.3390/app15115868,https://www.mdpi.com/2076-3417/15/11/5868,"Hybrid composite pile foundations face critical challenges in terms of optimizing load transfer mechanisms across variable soil densities, particularly in regions like Kano, Nigeria, characterized by loose to dense sandy deposits and fluctuating groundwater levels. This study addresses the need for sustainable, high-performance foundation systems that are adaptable to diverse geotechnical conditions. The research evaluates the mechanical behavior of steel–concrete and timber–concrete hybrid piles, quantifying skin friction dynamics, combining eight (8) classical ultimate bearing capacity (UBC) methods (Vesic, Hansen, Coyle and Castello, etc.) with numerical simulations, and assessing load distribution across sand relative densities (10%, 35%, 50%, 75%, 95%). Laboratory investigations included the geotechnical characterization of Wudil River well-graded sand (SW), direct shear tests, and interface shear tests on composite materials. Relative densities were calibrated using electro-pneumatic compaction. Increasing Dr from 10% to 95% reduced void ratios (0.886–0.476) and permeability (0.01–0.0001 cm/s) while elevating dry unit weight (14.1–18.0 kN/m<sup>3</sup>). Skin friction angles rose from 12.8° (steel–concrete) to 37.4° (timber–concrete) at Dr = 95%, with timber interfaces outperforming steel by 7.4° at Dr = 10%. UBC for steel–concrete piles spanned from 353.1 kN (Vesic, Dr = 10%) to 14,379 kN (Vesic, Dr = 95%), while timber–concrete systems achieved 9537.5 kN (Hansen, Dr = 95%). PLAXIS simulations aligned closely with Vesic’s predictions (14,202 vs. 14,379 kN). The study underscores the significance of soil density, material interfaces, and method selection in foundation design.",hybrid composite piles; ultimate bearing capacity; numerical simulation (PLAXIS 3D); skin friction angle; interface shear test; relative density effects,DOAJ
5f5be7d4a50049afa7a4b2e080fb1f8c,Impact and Compression Behavior of Habesha Moringa/Bamboo Fiber Reinforced Epoxy Composites,Kiran Shahapurkar; Mohamed Yassin; Venkatesh Chenrayan; Fadi Althoey; Yasin Onuralp Ozkilic; Vineet Tirth; Ali Algahtani; Tawfiq Al-Mughanam; Abdulaziz H. Alghtani,2024,Journal of Natural Fibers,GB,10.1080/15440478.2024.2311301,https://www.tandfonline.com/doi/10.1080/15440478.2024.2311301,"Nowadays, synthetic fiber composites are in decline because of their high initial cost and detrimental impact on the environment. The main aim of this work is to develop natural fiber composite materials that are made from moringa and bamboo fibers by using the hand lay-up method by maintaining a constant 40 vol.% of epoxy content. Both the natural composites were treated with NaOH and also compared with their hybrid composite. The mechanical properties, such as compression, hardness, impact, tensile, flexural properties were investigated. Additionally, thermo gravimetric analysis of composites was also carried out. The biggest boost in compressive strength was seen in bamboo with 60% volume, with improvements ranging from a pure resin value of 13.06 to 68.43% compared to moringa 60% and 30–30% moringa-bamboo. The maximum rise in impact strength was recorded by BM-30/30 at 21J. In addition to this, the highest hardness value was observed by moringa-reinforced composites (MM-60) and noted to be around 40.83 HV. Tensile and flexural properties of all the composites reveal improvement as compared with neat epoxy composites. Bamboo exhibits a considerable improvement in thermal stability as compared with other compositions. Scanning electron micrographs were used to analyze the structure-property correlations.",Natural fibers; moringa fiber; bamboo fiber; mechanical properties; thermo gravimetric analysis; 天然纤维,DOAJ
5f7a2728919241b3b09a5a8c5fd328f0,Highland bamboo value chains development to enhance local livelihoods in Southern Ethiopia,Berhane Kidane; Zenebe Mekonnen; Abera Getahun; Agena Anjulo; Habtemariam Kassa; Urgessa Teshome; Abdu Abdelkadir,2024,Journal of Innovation and Entrepreneurship,GB,10.1186/s13731-024-00406-3,https://doi.org/10.1186/s13731-024-00406-3,"Abstract Highland bamboo has been traditionally used in building construction, wall partitioning, ceiling, doors, windows, and roofs and has contributed in people’s livelihoods. This paper focuses on pinpointing bamboo value chain, its opportunities, and challenges. Site selection and observation, review of existing knowledge, key informant interview and market assessment in the value chain, stakeholders’ consultation workshop, processors workspace visit, and group discussion were performed. We found that highland bamboo is a raw material, semi-processed and processed product and sold at different locations passing through different routes based on the request and demand of the customers in the value chain. We identified different bamboo landraces in the studied areas. However, there are knowledge gaps by processors on the use of the different races for different purposes. Traders buy bamboo culms based on their sizes by giving different grades. The price of the product varied from product to product depending on the quality of bamboo raw material/culm used and the time (man-days) required to make the finished product. Local processors’ capacity to produce well-finished products is affected due to lack of important machineries and tools. Therefore, introducing and promoting modern processing tools and machines through credit support systems are crucial to make processors more competitive in the value chain. Moreover, the study identified major challenges faced by bamboo growers, culm traders, and processors that have effects on bamboo value chain development. Therefore, it is important to work towards alleviating/minimizing the major challenges in the bamboo value chain considering all actors to strive towards improving the value chain.",Highland bamboo; Value chain; Bamboo growers; Bamboo processors; Bamboo traders,DOAJ
6117109960cd4f3cb57864c975e1d9d3,Crystal and microstructure analysis of Pozzolanic properties of bamboo leaf ash and locust beans pod ash blended cement concrete,Catherine Mayowa Ikumapayi,2017,Journal of Applied Sciences and Environmental Management,NG,10.4314/jasem.v20i4.6,https://www.ajol.info/index.php/jasem/article/view/150880,"Pozzolans have been discovered recently to be of various benefits to the  construction industries and various researches are on the high gear to further discover, proof and established their suitability as substitute to cement. This research work has therefore work on the effectiveness of bamboo leaf ash (BLA) and locust beans pod ash (LPBA) as pozzolans with reference to crystal and microstructure of its hydrated paste. Ordinary Portland cement was partially  replaced with BLA and LPBA at different percentages, concrete pastes were made and cured at 7 and 28 days for the tests. The research work has been carried out using compressive strength test, X-ray fluorescence spectrometer, X-ray diffraction analysis as well as scanning electron microscopy to discover, present and analyze the quality and quantity of composition and hydration behavior of the different paste. The tests established BLA and LBPA as capable of successfully replacing cement in concrete production with added advantages in the properties of such concrete in term of mineral composition and microstructure  interlocking.

Keywords: Concrete, pozzolans, microstructure, crystal, hydration, silica ©JASEM",,DOAJ
616805e6607b49d8956b40b1826add24,Woody plant use and management in relation to property rights: a social-ecological case study from southwestern Ethiopia,Girma Shumi; Ine Dorresteijn; Jannik Schultner; Kristoffer Hylander; Feyera Senbeta; Jan Hanspach; Tola Gemechu Ango; Joern Fischer,2019,Ecosystems and People,GB,10.1080/26395916.2019.1674382,http://dx.doi.org/10.1080/26395916.2019.1674382,"Many people in less developed countries depend on woody plants, but sustainable management of woody plants often remains a challenge. We assessed people’s use, perceived property rights and management of woody plants in farmland and forests in a landscape of southwestern Ethiopia. We interviewed 180 households and surveyed woody plants in 192 plots. We found that 95 species were used for eleven major purposes. The majority of plants (52) were used for house construction followed by farming tools (42), fuelwood (38) and honey production (37). These benefits were sourced from farmland, forest with coffee management and forest without coffee management. Our study found that local people perceived land tenure security and tree use rights to be limited, especially for forests. We found abundant regeneration of the most widely used tree species in all land use types. However, some of these species, including important pole and timber species, appeared to be overharvested in forests. To improve biodiversity outcomes and sustainable use, it would be beneficial to recognize local people’s diverse needs for woody plants and grant them appropriate property rights. Conservation policies should encompass the entire landscape and empower local farmers to proactively manage tree populations while providing safeguards against overuse.",houria djoudi,DOAJ
617ba6f8a5e648f3b20ec9b8c4481c56,"Development of Laminated Bamboo Lumber from Lowland Bamboo (Oxytenanthera abyssinica) Culms Grown in Pawe, Ethiopia",Mahadi Mussa; Lamesa Abara; Misganaw Wale; Tsegaye Wubushet; Samson Waktole; Getachew Mezgebu; Getachew Desalegn; Daniel Gebeyehu; Getachew Desalegn,2025,Drvna Industrija,HR,10.5552/drvind.2025.0230,https://hrcak.srce.hr/file/492505,"The aim of this paper was to develop laminated bamboo lumber (LBL) from the two-culm position of Oxytenanthera abyssinica (O. abyssinica) and to examine its basic physical and mechanical characteristics. Samples of lowland bamboo (O. abyssinica) culms were selected and harvested from Pawe Agricultural Research Center site, Pawe, Ethiopia. Three-ply LBL samples were fabricated using urea formaldehyde resin, and then sample specimens were prepared from the fabricated LBL, and the selected basic properties were tested including density, static bending, impact bending and hardness strengths. The result depicted the mean values of density (863 kg/m3), modulus of elasticity (15743 N/mm2), modulus of rupture (149 N/mm2), impact bending strength (18633 Nm/m2), and side hardness (3145 N) obtained in the fabricated LBL of O. abyssinica culm. The results revealed that density and the tested mechanical properties in this study were significantly affected by culm position in the culm height, with the exception of the impact bending, which was not affected by culm position. Superior density and strength performances were observed in the middle position of bamboo compared to the bottom position. The laminated bamboo lumber produced from O. abyssinica culm has the potential to be utilized as a substitute for wood material in building and other end products.",culm position; density; hardness; modulus of elasticity; modulus of rupture,DOAJ
61a2b85e4e5c4b4caec0ba0bdc9948fc,"Ethnobotanical study of medicinal plants in Asagirt District, Northeastern Ethiopia",Muhidin Tahir; Hiwot Asnake; Tadesse Beyene; Patrick Van Damme; Amin Mohammed,2023,Tropical Medicine and Health,GB,10.1186/s41182-023-00493-0,https://doi.org/10.1186/s41182-023-00493-0,"Abstract Background The people in Ethiopia have developed their own specific knowledge to use, manage and conserve plant resources, giving traditional medicine its diverse nature. Documenting and investigating the traditional and cultural use of remedial plants is vital to extract bioactive chemicals and preserve plant species. This research was conducted with the aim of documenting ethnobotanical and associated knowledge on medicinal plants in Asagirt District, northeastern Ethiopia. Methodology The study was conducted from September 27, 2018, to April 9, 2019. A total of 367 informants (244 males and 123 females) were involved in the interviews. General informants (n = 349) were randomly selected, whereas key informants (n = 18) were selected purposively. Data were collected by using semistructured interviews, group discussions and guided field walks. We performed direct matrix ranking and preference ranking, and calculated the fidelity level and informant consensus factor (ICF). Descriptive statistics, including analysis of variance (ANOVA) and independent sample t-test were used to analyse the data. Results Overall, 103 medicinal plant species belonging to 96 genera under 45 plant families were recorded to be used by Asagirt people to alleviate different health problems. The species used to heal human diseases only were (64%, 66 species) followed by both livestock and human ailments (31%, 32 species) and livestock diseases only (5%, 5 species). Asteraceae and Fabaceae were best-represented (10.7%, 11 species each). The most frequently used plant parts were leaves (28%, 29 species), followed by seeds (16%, 17 species). The most important method of herbal remedy preparation was crushing (20.4%, 21 species). The common route of administration was oral (46.6%, 48 species), followed by dermal (22.3%, 23 species). Febrile illness, fever, headache, amoebiasis, typhoid and diarrhoea ailment categories had the highest ICF value (0.99). Ocimum lamiifolium Hochst. ex Benth. scored the maximum fidelity level value (98%). Conclusion Asagirt District is comparatively rich in medicinal plants and their associated knowledge. However, firewood collection, construction, the expansion of agricultural activities and timber production are the major challenges to medicinal plants. Hence, joint management with the people in Asagirt District in overall medicinal plant conservation would save medicinal plant resources.",Asagirt District; Conservation; Ethiopia; Ethnobotany; Indigenous knowledge; Medicinal plants,DOAJ
61de8b8a46fa4c2d8fc42c85ab6fa92a,"Contribution of Forest Production to GDP, and its challenges in Oromia National Regional State, Ethiopia",Hundessa Adugna Yadeta,2017,Jurnal Ekonomi dan Studi Pembangunan,ID,,http://journal.um.ac.id/index.php/jesp/article/view/8339,"A study was conducted on the regional GDP of Oromiya national regional state based on 10 years data, to analyze the contribution of forest production and challenges in forestry accounting. The result shows that market value of forest production and its contribution to GDP of Oromia showed continuous increment.  Forest products are used as a source of fuel, production of timber and source of construction materials. On an average, forest production contributed about 6.10% to GDP and became the second least contributor to the GDP of Oromia. Reduction of forest coverage due to deforestation, underestimation of value of forestry products and existence of missing attributes of forestry in the SNA are the main challenges in forestry contribution to GDP of Oromia. Thus, Bureau of finance and economic development of Oromia should re-examine how economic growth can be achieved through contribution of forest production, taking awareness of existing capacity to increase growth and alleviate poverty.  Resources should be directed into areas where there is adequate evidence of potential growth. This will be achieved through enhancement of conservation and wise use of forest resources, so that it can contribute more to the domestic income directly and indirectly through its contribution to other sectors. It is also recommended that the concerned body need to incorporate the real value of forest resources in SNA and give due attention to forest, and increase awareness to the society, so as to make a proper use of forest resources and boost its contribution to GDP of Oromia.",,DOAJ
646fe6bf88794de596b732814ddfea31,"Microstructure, mechanical and fracture properties of groundnut shell ash and silicon carbide dispersion strengthened aluminium matrix composites",Kenneth Kanayo Alaneme; Michael Oluwatosin Bodunrin; Adebimpe A. Awe,2018,Journal of King Saud University: Engineering Sciences,CH,10.1016/j.jksues.2016.01.001,http://www.sciencedirect.com/science/article/pii/S1018363916000052,"The mechanical properties of aluminium hybrid composites reinforced with groundnut shell ash (GSA) and silicon carbide was investigated. GSA and silicon carbide with different mix ratios (10:0, 7.5:2.5, 5.0:5.0, 2.5:7.5 and 0:10) constituted 6 and 10 wt.% of the reinforcing phase, while the matrix material was Al–Mg–Si alloy. The hybrid composites were produced via a two-step stir casting technique. Microstructural examination, hardness, tensile and fracture toughness testing were carried out to appraise the mechanical properties of the composites. The results show that with increasing GSA in the reinforcing phase, the hardness, ultimate tensile strength (UTS) and specific strength of the composites decreased slightly for both 6 and 10 wt.% reinforced Al–Mg–Si based composites owing to the amount of the oxides of Al, Si, Ca, K2 and Mg present in the composition of GSA. However, the percentage elongation improved marginally and was generally invariant to increasing GSA content while the fracture toughness increased with increasing GSA content. GSA offered a favourable influence on the mechanical properties of Al–Mg–Si hybrid composites comparable to that of rice husk ash and bamboo leaf ash.",Aluminium hybrid composites; Stir casting; Groundnut shell ash; Mechanical properties; Agro wastes; Silicon carbide,DOAJ
653fa070ea604384aeded32186ddf9e3,Mechanical properties and microstructure of High-Performance Concrete with bamboo leaf ash as additive,S.O. Odeyemi; O.D. Atoyebi; O.S. Kegbeyale; M.A. Anifowose; O.T. Odeyemi; A.G. Adeniyi; O.A. Orisadare,2022,Cleaner Engineering and Technology,GB,10.1016/j.clet.2021.100352,http://www.sciencedirect.com/science/article/pii/S2666790821003128,"The demand for High-Performance Concrete (HPC) is on the increase for its good workability, high strength, and better durability. HPC are obtained by incorporating supplementary Cementitious Materials (SCM) into concrete to attain a long-term strength and durability performance. Though, several SCM have been investigated in HPC, the use of Bamboo Leave Ash (BLA) in HPC as an SCM has not been considered. Thus, this research investigated the use of BLA as SCM in HPC. The bamboo leaves were calcined in an electric furnace at a temperature of 700 °C. The ash was characterized using Energy Dispersive X-ray Fluorescence (EDXRF) and were found to possess pozzolanic properties with silica content above 70%. Cement was replaced by BLA at 5%, 10%, 15%, and 20% by weight of cement. Concrete made from these combinations were tested for compressive and splitting tensile strengths at 7, 28 and 56 days of curing. It was observed that optimum strength was attained at 5% replacement at 56 days of curing. The microstructures of the concrete revealed that at 5% incorporation of BLA in concrete, there was a better interlocking of concrete grain. It was concluded that cement can be replaced with 5% BLA in High Performance Concrete.",Compressive strength; Bamboo; Ash; High performance concrete; Split tensile strength,DOAJ
6772196c39544228a82792d4b9b9c2f2,Experimental study on the suitability of highland bamboo sawdust in improving expansive soil,Sintayehu Begashaw; Alemineh Sorsa; Chemeda Alemu,2025,Sustainable Structures,HK,10.54113/j.sust.2025.000083,https://doi.org/10.54113/j.sust.2025.000083,"Soils are naturally existing materials that challenges civil engineering structures such as roads and buildings. However, not all soils are suitable materials to uses due to their changing in strength and stability under fluctuating environmental conditions. Expansive soils, in particular, pose substantial challenges due to their propensity to experience considerable volumetric changes with variations in moisture content. This instability can lead to structural damage and increased maintenance costs. The study aims on improving soil's engineering properties using highland bamboo sawdust as a stabilizing agent in Jimma City. This study considered two soil samples collected from Jimma City, around the Jimma University Institute of Technology campus and Urael area. The soil samples were mixed-up with the highland bamboo sawdust in proportions of 4%, 8%, 12%, 16%, and 20 %by weight. Tests in lab, such as Atterberg limit, specific gravity, free swell, compaction, California bearing ratio (CBR), and unconfined compressive strength (UCS) were performed for the improvement of subgrade soil. The laboratory tests were performed on mixed soil samples according to the American Association of State Highway and Transportation Officials (AASHTO) and ASTM laboratory test procedures. The designated soil samples were categorized as A-7-5 soil based on the AASHTO and CH based on the Unified Soil Classification System (USCS), which is clay soil with poor engineering characteristics. Tolerable strength was attained with 16%, which is the ideal Highland bamboo sawdust (HBSD) content in improvement of the expansive soil nature. Maximum Dry Density (MDD) improved from 1.45g/cm3 in natural soil to 1.57g/cm3 in 16% HBSD-treated soil. There is a significant change in CBR values from 1.31% to 9.8% with and without highland bamboo sawdust, respectively. Thus, the optimum values were attained at 16% HBSD. ",engineering properties; expansive soils; experimental; highland bamboo sawdust; optimum ratio,DOAJ
678e481943ce4f7da71b3db6e42f5132,"Examining the EU Forest Law Enforcement, Governance and Trade (FLEGT) action plan in Ghana through a governmentality lens",Christian Pilegaard Hansen,2022,Journal of Political Ecology,US,10.2458/jpe.2844,http://journals.librarypublishing.arizona.edu/jpe/article/id/2844/,"Over the past decade, the EU Forest Law Enforcement, Governance and Trade (FLEGT) action plan has emerged as a key global initiative in addressing deforestation and forest degradation. Yet, there is considerable scholarly debate and disagreement about the impact of FLEGT on forest governance, and ultimately, its effectiveness in arresting deforestation and degradation. This article contributes to this debate through a detailed examination of FLEGT in the case of Ghana. It applies a governmentality analytical lens that examines practices of problematization, knowledge production, intervention and subjectification. The article builds on a detailed review of the substantial literature on FLEGT in Ghana, the first timber producing country to enter into a voluntary partnership agreement with the EU. The article illustrates how FLEGT frames illegal logging as the central problem, and how this focus relegates other problems – especially those concerning tree tenure and benefit sharing – to secondary positions. This goes hand in hand with production of knowledge that stabilizes illegal logging as the key problem and provides legitimacy to the FLEGT implementation. The article then examines the many interventions which FLEGT has triggered. On the positive side, it has enhanced consultation and participation of private sector and civil society in forest governance, as well as increased forest sector transparency. Despite its stipulated aims, FLEGT has been less successful in nurturing deeper forest governance reforms that could provide incentives for agents in the sector to engage actively in forest conservation and cultivation of trees. FLEGT focuses on technical issues and challenges, failing to address inherently political issues concerning forest and tree tenure. It maintains local populations living in and close to the forest as passive subjects with limited rights to the forest or influence over its management. The article concludes that to achieve its aims, FLEGT needs to move away from its current technical focus and colonial forest governance model to seriously address issues of tree tenure, benefit sharing and access. It discusses what is required for such a change to take place, and more generally, what a governmentality lens has to offer political ecology.",Governmentality; Government rationalities; Illegal logging; Rendering technical; Forest governance,DOAJ
69118689f07448cc952abffd08d92b3d,Does the Introduction of N2-Fixing Trees in Forest Plantations on Tropical Soils Ameliorate Low Fertility and Enhance Carbon Sequestration via Interactions Between Biota and Nutrient Availability? Case Studies From Central Africa and South America,Lydie-Stella Koutika; Maurício Rumenos Guidetti Zagatto; Arthur Prudêncio de Araujo Pereira; Michael Miyittah; Silvia Tabacchioni; Annamaria Bevivino; Cornelia Rumpel,2021,Frontiers in Soil Science,CH,10.3389/fsoil.2021.752747,https://www.frontiersin.org/articles/10.3389/fsoil.2021.752747/full,"Plant and/or crop growth rely on nutrient dynamics driven by specific soil biota in different environments. This mini-review aims to provide an overview of interactions between soil organisms, nutrient dynamics, and C sequestration. To this end, we investigated published results from three forest plantations (eucalyptus monocultures and mixed plantations with N2-fixing acacia) on tropical nutrient-poor soils. One case study is located in Central Africa (Congolese coastal plains) and two others in South America (Southeastern Brazil). Overall, the studies showed that soil biota activity exerted positive effects on (i) C accretion, as both soil carbon and belowground and aboveground biomass are driven and enhanced by soil biota; and (ii) on nutrient dynamics and biogeochemical cycles in nutrient-poor soil of tropical ecosystems, which are boosted following C accumulation. On the other hand, the pedoclimatic environment may potentially impact soil functioning of mixed-species plantations through its influence on the composition and activity of bacterial communities. Regardless of the potential risk of acacia invasiveness, benefits such as pulp, fuelwood, electric pole and non-timber products supply, have been reported in Central Africa. We, therefore, conclude that including N2 fixing trees in forestry plantations as reported in this mini-review helps strengthen the links between soil biota, nutrient and SOC dynamics in mixed-species plantations on tropical nutrient-poor soils.",soil biota; soil nutrients; soil carbon sequestration; crop/plant growth; climate change mitigation,DOAJ
6b8ea25c8963427a8d3e280e4b628ec8,Experimental Investigation on Flexural Strength Enhancement of Eucalyptus based Bamboo Composite Deck Board,Yirga Z. Yimer; Alemayehu G. Gualu; Ermias A. Amede; Leule M. Hailemariam,2023,Cogent Engineering,GB,10.1080/23311916.2023.2188688,https://www.tandfonline.com/doi/10.1080/23311916.2023.2188688,"The study investigates the effect of the relative height position of specimen and bamboo layering in the preparation of composite flexural material from Eucalyptus Globules and Oxytenanthera abyssinica bamboo for the purpose of floor deck construction. Furthermore, flexural improvement was tested by laminating bamboo beneath eucalyptus, which has a high tensile stress resistance, using unsaturated polyester resin as the bonding medium. The experiment was carried out on specimens taken from the bottom and middle parts of the sample with regard to total height. The results of the tests revealed that single and double-layer bamboo laminated eucalyptus in the bottom part showed an increase in flexural strength by 26.5% and 33.06%, respectively, and that the bottom portion strength had improved due to the addition of bamboo. However, in the case of the middle part specimen, the addition of a bamboo lamination on the Eucalyptus resulted in a (20.31%) increase for single and (−41.79%) decrease for double layer in strength compared to the non-laminated middle part Eucalyptus.",Eucalyptus wood bamboo composite; flexural strength; strength enhancement; floor deck; experimental investigation,DOAJ
6d4b1e12bb9243778a6116ae8045e834,Impact of Shoring and Scaffolding on Construction Performance in Addis Ababa,Dr. Feseha Sahile; Tsedenia                                            Gebru,2025,Ethiopian International Journal of Engineering and Technology,ET,10.59122/184DFD16,https://survey.amu.edu.et/ojs/index.php/EIJET/article/view/676,"The construction sector in Ethiopia contributes significantly to economic growth, but it continues to suffer from delays, cost overruns, and safety risks. This is partly due to inadequate shoring and scaffolding practices. This study investigated the impact of shoring and scaffolding systems on the performance of building construction projects in Addis Ababa. Data were collected from 167 professionals across 57 public projects using questionnaires, interviews, and case studies and were analyzed through descriptive statistics and factor analysis. Findings show that poor practices in shoring and scaffolding lead to collapses, cracks, deflections, and misalignments in concrete structures, while also contributing to up to 5% of project costs and 17.5–27.6% of project durations. Moreover, 51% of site accidents were associated with failures in these systems. Material type (metal vs. eucalyptus), quality of components, and working methodology were found to be the most influential factors. Case study comparisons confirmed that metal systems are safer, faster, and more cost-effective than timber, despite their higher initial cost. The study recommends integrating proper design, planning, and monitoring of shoring and scaffolding early in project development. For the industry, adopting standardized metal systems, enforcing safety training, and implementing quality control can substantially reduce risks, enhance productivity, and improve overall project performance.


Keywords:Cost, Project Performance, Quality, Safety, Scaffolding, Shoring, Construction in Addis Ababa",,DOAJ
72b4b10594544268b3c859d22802031d,Survey and Identification of Didymellaceae Causing Stem Canker Disease of Eucalyptus (E. camaldulensis) in Ethiopia,Wendu Admasu; Assefa Sintayehu; Alemu Gezahgne,2022,Research in Plant Disease,KR,10.5423/RPD.2022.28.3.132,http://online-rpd.org/upload/pdf/RPD-2022-28-3-132.pdf,"Plantation forests are established by planting Eucalyptus tree species to provide timber and pulp for the construction industries and to meet the energy needs in Ethiopia. Besides the extensive Eucalyptus plantations in the country, fungal pathogen-related diseases are the main challenges to successful production and management. The disease survey was conducted in the Eucalyptus growing areas of Ethiopia during 2019/2020 and 2020/2021. The objective of this research was to assess the diseases associated with Eucalyptus plant species and identify the causal fungal species. Plants of E. camaldulensis were the dominant species in the survey fields and were severely associated with stem and branch canker diseases. Diseased samples were collected and fungal species were identified as Didymellaceae according to culture morphology and affirmed by internal transcribed spacer sequence analysis. In phylogeny, isolates in the study and a reference strain formed supportive monophyletic clades with strong 90% and 95% support with Didymella coffeae-arabicae and Didymella pinodella respectively. Pathogenicity tests revealed that Didymellaceae could infect E. camaldulensis. The findings are the first reports of Eucalyptus stem canker disease caused by Didymellaceae in Ethiopia.",didymella pinodella; eucalyptus; incidence; phylogeny; severity; stem canker,DOAJ
75a9e2380f954b6082bd50ee5369b9b1,Effect of experimental wet and dry cycles on bamboo fibre reinforced acrylic polymer modified cement composites,Akinyemi Banjo A.; Omoniyi Temidayo E.,2020,Journal of the Mechanical Behavior of Materials,PL,10.1515/jmbm-2020-0009,https://doi.org/10.1515/jmbm-2020-0009,"This study experimentally evaluated the effect of accelerated wet/dry cycles on the dimensional stability and some selected mechanical properties of polymer modified vegetable fibre cement composites. The bamboo fibres were pre-treated with 10% conc. of sodium hydroxide and varied from 0 – 2.0% while acrylic polymer admixture of 10% w/w of cement was added to improve the properties. The modified fibre-cement composites were subjected to 50 cycles of wet/dry processes to simulate natural weathering process of the environment. The samples were subjected to water absorption, thickness swelling, modulus of rupture (MOR) and modulus of elasticity (MOE) after 28 days of curing and aging cycles respectively using 5 replicates. One way ANOVA at p<0.05 was used to analyse the results. Scanning electron microscope (SEM) and Fourier Transformer Infrared Spectroscopy (FTIR) analyses were conducted on the samples. The results showed improvement of 33.3, 64, 71 and 57% in MOR and 135, 85, 101 and 188% in MOE for samples with 0.5, 1, 1.5 and 2% fibre inclusion after ageing tests. Significantly improved dimensional stability values were observed in this study in comparison with data from similar ageing tests conducted on unmodified vegetable fibre-cement matrix. SEM micrographs showed marginal increase in the size of the pores before and after ageing tests. FTIR analysis indicated increase in intensities during the ageing tests especially for spectra bands located at 3384 – 3520cm−1 which are denoted for OH vibration stretching as well as 1676, 1726 and 1794 cm−1 which depict the presence of carbonyl groups because of absorption of polymers to the fibre surface during the ageing cycles. The study has shown thatwet/dry ageing cycles showed less harmful effect on vegetable fibre cement composites provided the cement matrix is modified with polymer admixtures.",natural fibres; weathering; improvement; properties; durability; modify,DOAJ
7718898ed91c4ed3956802c5077a660b,"Imperative Seasoning Characteristics of Yushania alpina (Highland Bamboo) Culms Grown in Dire-Inchini, Ethiopia",Gemechu  Kaba; Mahadi  Mussa; Getachew  Desalegn; Anteneh  Tesfaye; Tsegaye  Wubishet; Getachew  Mezgebu,2022,Indonesian Journal of Innovation and Applied Sciences,ID,10.47540/ijias.v2i3.546,https://ojs.literacyinstitute.org/index.php/ijias/article/view/546,"Bamboo is the world's fastest-growing plant and the finest conceivable substitute for future wood. It has a wide range of applications, from traditional use to industrial manufacture in many countries. Bamboo has been traditionally used in Ethiopia for the construction of huts and fencing, furniture, containers, beehives, and other small-scale objects. Lack of proper processing practices such as seasoning among the reasons for its low use. When bamboo culms are not properly seasoned, they have a high split and shrinkage rate that led to biological and physical degradations. 3–5year-old samples of Yushania alpinia culms were gathered from Dire-Inchni (Oromia Region). After harvesting culms, were cut into three portions (bottom, middle and top) to investigate the imperative characteristics of the material during the drying process. Kiln and air-drying procedures were used to dry the culms. Regression analysis was used to describe the functional relationship between moisture loss in the kiln and air drying. They had an average initial MC 103.67%, final MC 12.33%, and basic density 0.69 g/cm3. Bamboo culms dried in the kiln took 7.7 days to attain about 12 % final MC, while air-seasoned culms took 97 days. proper stacking, drying, and handling is critical for improving the quality, productivity, and service life of bamboo culms-based constructions and goods in the future.",bamboo culms; density & shrinkage; stacking & drying,DOAJ
77ed34c9f8304e06b934ab7bfe6c0c7d,Modelling Nigerian residential dwellings: bottom-up approach and scenario analysis,Chibuikem Chrysogonus Nwagwu; Sahin Akin; Edgar G. Hertwich,2024,Buildings & Cities,GB,10.5334/bc.452,https://account.journal-buildingscities.org/index.php/up-j-bc/article/view/452,"Nigeria’s residential buildings consume a substantial amount of the country’s energy, so achieving a net-zero building sector with a rapidly growing population is a key challenge. To bridge the gap in research at a national level and support Nigeria’s commitment to an unconditional 20% reduction in emissions by 2030, this study develops bottom-up archetype models of different residential building typologies to estimate the energy and material use of Nigerian residential buildings. This creates an overview of the residential stock and how different archetypes perform. The study calculates a baseline energy and material use of Nigeria’s residential building stock using the BuildME tool and converts these data into CO2 emissions using a life-cycle assessment. Scenarios are modelled for 2020. Nigeria’s residential dwellings use approximately 0.3 kt of material per dwelling over a lifetime of 50 years and 2404 kWh/yr of energy per dwelling. Annualised, dwellings emit 2500 kgCO2-eq per dwelling due to material and energy use. Scenarios proposed for meeting Nigeria’s emissions targets will require improved energy efficiency, decarbonising the building envelope through a shift in construction materials and decarbonising grid electricity. Policy relevance This study provides a comprehensive analysis of the energy and material use of residential buildings in Nigeria, focusing on achieving the country’s commitment to a 20% reduction in emissions by 2030. It employs a bottom-up approach to model energy and material use, revealing the peculiarities of the dwelling stock across Nigeria’s four climatic zones. The study explores the implications of different policy scenarios on sustainable housing. The research suggests that meeting Nigeria’s emissions targets requires improved energy efficiency, a shift in construction materials and decarbonisation of grid electricity. It also highlights the potential benefits of a policy switch to materials such as timber, earthen blocks, adobe bricks and clay, which could significantly reduce construction-related emissions. These changes could improve the quality of life of households in Nigeria, combat climate change on a global scale and bring economic advantages to Nigeria.",archetype; building stock; energy modelling; life-cycle assessment; residential buildings; nigeria,DOAJ
79fc01adc01948f3926c92c8ec4af5c3,Identifying threats from invasive alien species in Bangladesh,Sharif A. Mukul; Mohammed Abu Sayed Arfin Khan; Mohammad Belal Uddin,2020,Global Ecology and Conservation,NL,10.1016/j.gecco.2020.e01196,http://www.sciencedirect.com/science/article/pii/S235198942030737X,"Bangladesh has a long history of species introductions from different geographic regions. The country was a major international trade route during the early-modern era and was under British colonial rule until 1947. During this time, many invasive alien species (IAS) that now threaten the country’s native flora, fauna and ecosystems were inadvertently introduced. In recent years, deliberate preferences for fast-growing, high-yielding exotic species has also threatened the existence of native species in the country. Here, we provide an overview of IAS in Bangladesh, their suspected origin, the purpose of their introduction, and their impacts on ecosystems and people. Based on a literature review, we identified 69 IAS reported to occur in Bangladesh. The majority of these species were plants (46 species), followed by fish (16 species), and insects (5 species). The identified species were introduced from South America, Asia, Africa and Australia, primarily to provide food and timber. Although initially introduced to favor the productivity of food and timber, and to provide certain environmental benefits, the identified IAS are increasingly threatening native flora, fauna and ecosystems in Bangladesh. We recommend a need for appropriate policies and legislation to address the introduction, monitoring, and regulation of IAS in the country. A comprehensive list of IAS and a robust protocol to differentiate harmful from advantageous species is also necessary. Community awareness, advocacy, surveillance, capacity building of government officials, and cooperation with neighboring countries for transboundary management and monitoring of IAS is also important to minimize the risks posed by IAS in Bangladesh.",Agriculture; Biodiversity loss; Ecosystems; Exotic species; Fisheries; Forestry,DOAJ
7c72b6ef6aa54d95a6e8fd0b8d0beb6d,Monitoring of Forest Changes in Mount Kenya National Park Based on Domestic High-Resolution Satellites,K. Liu; Z. Luo; L. Liu; Y. Gan; X. Mu; H. Wang; X. Du,2025,"The International Archives of the Photogrammetry, Remote Sensing and Spatial Information Sciences",DE,10.5194/isprs-archives-XLVIII-G-2025-973-2025,https://isprs-archives.copernicus.org/articles/XLVIII-G-2025/973/2025/isprs-archives-XLVIII-G-2025-973-2025.pdf,"With the increase in population and the growing demand for timber, especially fuelwood, Kenya's forests are facing the threat of serious deforestation and illegal logging activities. At present, remote sensing has become an important means of monitoring the dynamic changes of forest resources with its advantages of wide monitoring range, fast speed and low cost. This paper selected Mount Kenya National Forest Park as the study area, employing domestic 2-meter resolution satellite images (Gaofen-1 satellite constellation, Gaofen-6 and the Ziyuan-3 satellites) to conduct dynamic forest change monitoring from 2019 to 2023. The optimized semantic segmentation model DeepLabv3+, which is based on the Pytorch deep learning framework, was used to achieve fine segmentation of forest element boundaries via a spatial pyramid pooling module and an encoder-decoder architecture. The method of manual annotation was used to mark the forest changes and their causes from 2019 to 2023. The newly added forest was mainly restored by artificial planting, covering an area of 3078.71 ha. The total area of forest reduction was 2,425.91 ha. There were 542 patches of forest land occupied by new arable land, covering an area of 1,613.41 ha. It was the most important cause for the forest reduction. 327 patches of forest reduction were due to artificial logging, covering an area of 408.34 ha, which was the secondary cause of forest loss. Human activities were more constrained at higher altitudes, hence, the most of planting and lost forest patches usually occurred below 2,600 meters above sea level. Effective implementation of environmental protection policies was an important reason for the emergence of large areas of new plantation while the occupation of arable land and logging were main factors for the forest reduction in Mount Kenya.",,DOAJ
828ff55bbb934f108b4f9d743b7b74c8,"Density and Mechanical Properties of Casuarina equisetifolia Wood Grown in Oromia Regional State, Bishoftu, Ethiopia",Mahadi Mussa; Seyoum Kelemwork; Mesganaw Wale,2025,Indonesian Journal of Innovation and Applied Sciences,ID,10.47540/ijias.v5i2.1760,https://ojs.literacyinstitute.org/index.php/ijias/article/view/1760,"Ethiopia's rapid expansion of urbanization, industrialization, modernization, and population growth has led to an insistently increase in the demand for wood for construction, furniture, and other end products. This study aimed to investigate the effect of tree height and the diameter tree section (sapwood and heartwood) on the density and mechanical properties of Casuarina equisetifolia timber. For this study, ten sample of C. equisetifolia trees were selected and harvested from Bishoftu, Oromia Regional State, Ethiopia. The collected sample logs were sawn into 3-cm-thick lumber, and sample specimens were prepared for density and mechanical properties testing. Sample specimens of heart and sapwood sections were prepared from the bottom, middle, and top portions of the tree for testing density, static bending (MOE and MOR), compression strength parallel to the grain, impact bending strength, and hardness strengths in tangential and radial directions according to ISO standards. The results revealed that tree height had significantly affected density and hardness strengths in tangential and radial directions. On the other hand, the diameter section (heart and sapwood) significantly affected the density, impact bending, and hardness strength in the radial direction. On the contrary, tree height and tree diameter section didn’t show a significant effect on MOE, MOR, and compression strength parallel to the grain. Due to the high density of Casuarina equisetifolia wood, it is very hard to convert into lumber, and the lumber is also difficult to machine. Based on the basic properties studied, Casuarina equisetifolia wood could be used for wood flooring, chipwood, particleboard, furniture, and other products such as tool handles.",casuarina equisetifolia; compression strength; hardness strength; heartwood; modulus of elasticity,DOAJ
82b7c007e21845d68bccd27adcf4f15a,Multi-Product Forwarder-Based Timber Extraction: Time Consumption and Productivity Analysis of Two Forwarder Models Over Multiple Products and Extraction Distances,Kayla Gagliardi; Simon Ackerman; Pierre Ackerman,2020,Croatian Journal of Forest Engineering,HR,10.5552/crojfe.2020.736,https://hrcak.srce.hr/file/348788,"Accurate predictions in forest operations can be used towards effective planning, costing, and maximizing the productivity of machines in mechanised cut-to-length (CTL) harvesting. There is a general and substantial gap in forwarder productivity data available for pine sawtimber in South Africa at present, and as the number of product assortments being harvested increase there is a need for more work to quantify the effects of extracting products of different dimensions. The aim of this study was to calculate the time consumption and productivity of two models of Ponsse forwarders (15 t and 20 t capacity) to consider and compare the effects of multiple variables including machine capabilities, product assortment, load size, extraction distance and fuel consumption. Productivity averaged at 34.08 m3 per productive machine hour excluding delays longer than one minute (PMH1) for the smaller machine, and 55.94 m3/PMH1 for the larger machine. Productivity and average log volume were strongly positively correlated. Regression models were created for each machine where load volume and extraction distance were both significant factors for predicting productivity. Average fuel consumption of the smaller machine was 15.55 l/PMH1 and 0.47 l/m3, and 20.57 l/PMH1 and 0.43 l/m3 for the larger machine. The product with the largest volume was found to require the least fuel per m3. The models developed could aid in predicting system productivity and potentially carbon emissions under similar conditions in a South African context of industrial plantation forestry.","cut-to-length, cycle time, fuel consumption, plantation, south africa, pinus patula",DOAJ
830cc65e829b4387a216d11841f668ac,Evaluation of Shear Connection Methods for Bamboo–Concrete Composite Structures,José Henriques; Jemal Jibril,2025,Buildings,CH,10.3390/buildings15234320,https://www.mdpi.com/2075-5309/15/23/4320,"The construction sector faces growing pressure to reduce its environmental impact, particularly in regions with limited access to conventional materials and urgent housing needs. Bamboo, a fast-growing and renewable resource with favorable mechanical properties, offers a sustainable alternative for structural applications. This study aims to enhance the efficiency of bamboo–concrete composites by investigating shear connection methods for composite floor systems. Different connection configurations were examined: (i) notch-type, (ii) dowel-type, and (iii) combined systems. Symmetric push-out tests were conducted to evaluate the load transfer mechanisms between bamboo logs and concrete layers. The mechanical behavior of each configuration was characterized through load–slip responses, failure modes, stiffness, strength, and deformation capacity. The results show that notch-type connections with longer grooves provided the highest stiffness and strength. In contrast, dowel-type connections exhibited superior ductility but lower stiffness and strength. The combined configuration delivered a balanced performance, integrating favorable aspects of both systems. A predictive model for each connection type was developed and validated against the experimental data, demonstrating satisfactory accuracy and reliable prediction of failure modes. These findings highlight the potential of optimized shear connections to advance sustainable bamboo–concrete composite construction, while also revealing the significant influence of bamboo’s natural variability, such as differences in diameter, node geometry, straightness, and material properties, on structural performance.",bamboo-concrete composite; shear connection; notch; dowel-type; push-out tests,DOAJ
83553297178c47c2b4d7603b82139502,Assessment of camera focal length influence on canopy reconstruction quality,Martin Denter; Julian Frey; Teja Kattenborn; Holger Weinacker; Thomas Seifert; Barbara Koch,2022,ISPRS Open Journal of Photogrammetry and Remote Sensing,NL,10.1016/j.ophoto.2022.100025,http://www.sciencedirect.com/science/article/pii/S266739322200014X,"Unoccupied aerial vehicles (UAV) with RGB-cameras are affordable and versatile devices for the generation of a series of remote sensing products that can be used for forest inventory tasks, such as creating high-resolution orthomosaics and canopy height models. The latter may serve purposes including tree species identification, forest damage assessments, canopy height or timber stock assessments. Besides flight and image acquisition parameters such as image overlap, flight height, and weather conditions, the focal length, which determines the opening angle of the camera lens, is a parameter that influences the reconstruction quality. Despite its importance, the effect of focal length on the quality of 3D reconstructions of forests has received little attention in the literature. Shorter focal lengths result in more accurate distance estimates in the nadir direction since small angular errors lead to large positional errors in narrow opening angles. In this study, 3D reconstructions of four UAV-acquisitions with different focal lengths (21, 35, 50, and 85 mm) on a 1 ha mature mixed forest plot were compared to reference point clouds derived from high quality Terrestrial Laser Scans. Shorter focal lengths (21 and 35 mm) led to a higher agreement with the TLS scans and thus better reconstruction quality, while at 50 mm, quality losses were observed, and at 85 mm, the quality was considerably worse. F1-scores calculated from a voxel representation of the point clouds amounted to 0.254 with 35 mm and 0.201 with 85 mm. The precision with 21 mm focal length was 0.466 and 0.302 with 85 mm. We thus recommend a focal length no longer than 35 mm during UAV Structure from Motion (SfM) data acquisition for forest management practices.",UAS; TLS; Aerial survey; Focal length; Forest inventory; Structure from motion,DOAJ
87662bc58d9743288771e8903c768ffb,An Experimental Investigation on the Effect of Incorporating Natural Fibers on the Mechanical and Durability Properties of Concrete by Using Treated Hybrid Fiber-Reinforced Concrete Application,Anteneh Geremew; Amelie Outtier; Pieter De Winne; Tamene Adugna Demissie; Hans De Backer,2025,Fibers,CH,10.3390/fib13030026,https://www.mdpi.com/2079-6439/13/3/26,"This research explores the use of treated hybrid natural fibers—wheat straw and bamboo—as reinforcements in concrete for pavement applications. Motivated by environmental and economic benefits, the study investigates how these fibers can enhance the mechanical and durability properties of concrete. Wheat straw fibers, abundant in Ethiopia due to extensive wheat farming, help control micro-cracks and increase the tensile strength of concrete, while bamboo fibers, also locally available, reduce macro-crack propagation and improve concrete toughness. To prepare these fibers, wheat straw was cut to 25 mm in length and bamboo fibers were treated with a 5% sodium hydroxide solution before being cut into lengths of 30, 45, and 60 mm. A concrete mix targeting a cube compressive strength of 30 MPa incorporated 0.1% wheat straw fibers, with varying bamboo fiber contents (0.5%, 1%, and 1.5%) by weight of cement. The results indicate that the uniquely treated hybrid natural fiber-reinforced concrete mix exhibits noticeable enhancements in mechanical properties, with approximate increases of 4.16%, 8.80%, and 8.93% at 7, 28, and 56 days, respectively. Furthermore, the split tensile strength, flexural strength, and durability properties of the concrete were significantly improved by the proposed fiber concentration and length compared to the control concrete mix design. This treatment also shifted the failure mode of the concrete from brittle to ductile and enhanced its energy absorption capacity up to 7.88% higher than that of the control concrete. Based on the AASHTO 1993 pavement design guidelines, this fiber-reinforced concrete reduces pavement thickness by 11% compared to the control concrete while improving post-cracking behavior. This hybrid natural fiber-reinforced concrete presents a promising, sustainable, and eco-friendly alternative for rigid pavement construction.",natural fiber; hybrid fiber-reinforced concrete; surface modifications; workability; percentage by weight; mechanical and durability properties,DOAJ
88d6fa454b0242eb92e2e505093fb20e,Characterization of High Strength Concrete‐Like Glass Ceramics Developed Using Borosilicate Waste Glass and Silicon Carbide,Bidemi Omowumi Elesho; Olajide Tunmilayo Sanya; Seun Samuel Owoeye; Andrew Ojonugwa Adejo,2025,International Journal of Ceramic Engineering & Science,US,10.1002/ces2.70013,https://doi.org/10.1002/ces2.70013,"ABSTRACT Concrete‐like materials like glasscrete, woodcrete, hempcrete, and ashcrete present alternatives to traditional concrete used for building materials. This study focused on characterizing concrete‐like glass ceramics to determine its strength for applications where compressive stress and other harsh factors are prevalent. Glass ceramics was developed by combining borosilicate waste glass obtained from laboratory ware with silicon carbide. Which was processed, analyzed, and mixed in three different percentage variation: 60:40, 70:30, and 90:10. The mixed batches were compacted into shapes of tiles and fired at 900°C and the glass ceramics were analyzed by X‐ray diffraction and scanning electron microscopy and property test like compression strength and water absorption were carried out. The resultant glass ceramics indicated a major presence of mullite crystalline phase and a glassy phase, also the property tests showed that the glass ceramics produced exhibit better properties than materials like traditional concrete used for building applications like pavements.",alternative materials; building materials; concrete‐like glass ceramics; high strength materials; waste recycling,DOAJ
8b581c5e7ba14a6191dc1094241ccdc0,COMPARISON OF EXPERIMENTAL CHARRING RATE OF SOME SELECTED CONSTRUCTIONAL WOOD SPECIES FROM SOUTH WESTERN NIGERIA WITH SELECTED CHARRING MODELS,O. A. Adetayo; B. I. O. Dahunsi,2019,"Arid Zone Journal of Engineering, Technology and Environment",NG,,http://azojete.com.ng/index.php/azojete/article/view/562,"The rate at which timber chars varies between species and predominately dependent on density and moisture content. This study involved determination of charring performance of Nigerian wood species used for constructional purposes and comparing their charring rate with selected existing models. Six out of ten identified wood species commonly used for constructional purposes: Terminalia superba (Black Afara), Milicia excels (Iroko), Nauclea diderrichii (Opepe), Khaya ivorensis (Mahogany), Mansonia altissima (Mansonia), Tectona grandis (Teak) were selected for the study. The densities of the woods were determined at Moisture Contents (MC) of 9.0, 12.0, and 15.0%. Selected samples from each species, were exposed to fire at temperature ranges of 20° to 230°C for 30 min; 230° to 300°C for 30 min; 20° to 300°C for 60 min. The charring rate results based on 15% moisture content for all 0 - 30 min, 30 - 60 min and 0 - 60 min, being the ones having the lowest correlation values at each of the fire exposure time were analysed using ANOVA at  and compared with selected models; Australian standard AS 1720.4 relation, Eurocode EN recommendation and White's model. At 0-30 min fire exposure (20 to 230°C), and 15% MC, the experimental charring rate results showed significant regression relations at R2 = 0.9961, 0.8586, and 0.9523 for Eurocode EN recommendation, Australian standard AS 1720.4 relation, and White's model respectively. At 0-60 min fire exposure (20 to 300°C), and 15% MC, the results of experimental charring rate also showed significant regression relations at R2 = 0.9925, 0.8926, and 0.9701 for Eurocode EN recommendation, Australian standard AS 1720.4 relation, and White's model respectively. Afara at 15.0% MC, and 20° to 300°C temperature, had the highest mean charring rates of 0.68 ± 0.02mm/min, while Opepe had the lowest charring rates of 0.47 ± 0.02 mm/min at the same MC level and temperature. The experimental test results indicated that density was a major predictor of the charring rate of constructional timber. Opepe specie, having the highest density exhibited the lowest charring rate and is recommended to ensure the safety and comfort of occupants in case of fire outbreak.",,DOAJ
8b763334d5af461ba5281862326ae45a,The commercialisation of NTFPs and conservation of forest: a systematic review for forestry policy,Enoch Atinga; Richard Kwasi Bannor,2024,Forestry Economics Review,GB,10.1108/FER-08-2023-0010,https://www.emerald.com/insight/content/doi/10.1108/FER-08-2023-0010/full/pdf,"Purpose – This current review examines the scientific literature report on non-timber forest products (NTFPs) commercialisation and forest conservation in different jurisdictions. Design/methodology/approach – A systematic review using Scopus-indexed articles on NTFP commercialisation and forest conservation was done using the PRISMA framework. Findings – The review categorised the factors influencing the commercialisation of NTFPs and forest conservation into five broad factors and sub-factors: socioeconomic, market-based, ecosystem, cultural and institutional factors. The scholarly publications on NTFP commercialisation and forest conservation have been undulating, with two years recording no publication on the subject matter under review. Besides, China and India in Asia are leading in the number of publications on NTFPs’ commercialisation. The review revealed ambivalence and symbiotic relationship among the factors influencing the commercialisation of NTFPs and forest conservation. Specifically, tenure arrangement, strict regulations to forest entry, market information asymmetry, bureaucracy in certification acquisition, seasonality and distance were identified as barriers to NTFPs’ commercialisation. While market demands for NTFPs increased, NTFPs’ prices and unsustainable harvesting activities were threats to forest conservation. Policymakers should focus on safeguarding customary property rights and indigenous knowledge in forest conservation, designing workable capacity-building schemes for NTFP entrepreneurs and reducing the cost and processes in certification acquisition. Originality/value – There are reviews on NTFPs’ commercialisation and livelihoods, but a synergy between NTFPs’ commercialisation and forest conservation for forest policy direction is yet to be done in the literature. Also, while earlier studies systematically reviewed literature on NTFPs’ commercialisation, they did not relate the studies to forest conservation.",NTFPs’ commercialisation and marketing; Income; Forest conservation; Systematic review,DOAJ
8c56b3c67bc1464aa6b70962112afb73,Characteristic investigations on bio-silica gel prepared from teff (Eragrostis tef) straw: effect of calcination time,Belete Tessema; Girma Gonfa; Sintayehu Mekuria Hailegiorgis; Sundramurthy Venkatesa Prabhu,2023,Materials Research Express,GB,10.1088/2053-1591/ad09a7,https://doi.org/10.1088/2053-1591/ad09a7,"Bio-based silica gel is having many commercial significances in various sectors, such as medical, cleansing agents in industries, laboratory analysis, cosmetics, food additives, and so forth. In view of crucial requirements, this study aimed to synthesize and characterize the silica gel from Ethiopia’s primary post-harvest biomass residue, known as teff straw. The present study has been emphasized to investigate on the influence of calcination time for teff straw ash [Joshi et al 2022 Investigation of bamboo leaves as an alternative source of silica: extraction, characterization and its application as an adsorbent for methylene blue sequestration Chem. Select. 7 , e202200011] preparation between 2 to 5 h. Further, the specific surface area of the resultant TSA samples was examined for preliminary understandings of processing time. By adopting the standard procedures through template-mediated sol–gel process, acquired TSA samples were subjected to treatment with NaOH to result sodium silicate solution and the amorphous silica. From the findings, it was apparent that the yield of silica gel has significantly influenced by calcination time. Accordingly, the maximum yield (90.0%) was attained at the calcination time of 4 h at 900 °C. Further, physiochemical and morphological characteristics of acquired silica gels were ascertained using sophisticated instrumental techniques such as BET, FTIR, XRD, SEM, and EDX. The XRD analysis of the crystallographic characteristics showed that the silica extracted from TSA at 900 °C for 2, 3, 4, and 5 h was found to be in amorphous state. The surface morphological studies of silica gel samples have been carried out using SEM studied. the EDX spectra showed the negligible amount of other impurities, nevertheless a larger amount of silica was found with highest purity of 99.77% e silica gel was obtained in TSA calcinated at 3 h. FTIR spectrum confirmed the presence of siloxane (Si–O–Si) vibrations of amorphous silica that are responsible for the strong bend observed at 1070 cm ^−1 . It was found that the silica gel prepared at 3 h of calcination time had the largest specific surface area of 739.242 m ^2 g ^−1 , pore volume of 0.32 cm ^3 g ^−1 , and a pore diameter of 1.68 nm.",Teff straw; Biosilica gel; Sol-gel method; Characterization; Teff straw ash; silica gel; Sol-gel method; Characterization; Calcination time,DOAJ
8eee29691ab641b6b78d78a84c03ecdc,Investigation of Flexural Strength of African Copalwood (Daniella Oliveri) as Reinforcement in Concrete Slab,Kareem Kehinde Abdulraheem; Abdullahi Jimoh; Muktar Oladapo Raji,2024,ABUAD Journal of Engineering Research and Development,NG,10.53982/ajerd.2024.0701.25-j,https://journals.abuad.edu.ng/index.php/ajerd/article/view/416,"
This study investigates the potential of African Copalwood as a reinforcing material in concrete slabs.  The timber rods were randomly selected from the timber market because there is always variation in timber properties with position in stem, location and soil condition. Various test specimen were prepared according to the Code of practices BS EN 408:2003 using structural size specimens. Thirty (30) slabs of size 75 mm x 300 mm x 700 mm were cast in five sets (1 to 4%) for Timber-reinforced concrete slab (TRCS) and Steel-reinforced slab (SRS) with a mix ratio of 0.5:1:2:4 denoting water-cement ratio, cement, fine and coarse aggregate respectively. Longitudinal bars were varied in 1% to 4% slab cross-sectional area in different TRCS samples while the transverse bar was restricted to be 3% by standard and made constant in all the slab samples specimen.  A 10 mm diameter steel bar is used as reinforcement in the SRS. Findings revealed that the mean failure stress for Tensile strength parallel to grain was 41.80 N/mm2, Bending strength parallel to grain was 37.05 N/mm2, Compression parallel to grain was 13.48 N/mm2, Compression perpendicular to grain was 8.88 N/mm2, Local Modulus of Elasticity (MOE) was 3800.17 N/mm2, Apparent MOE was 59.42 N/mm2. Also, with regards to TRCS, the flexural strength test at 28 days for 1% to 4% reinforcement in concrete slabs is 3.61, 5.29, 5.49 and 7.22 N/mm2 respectively. The SRS has a flexural strength of 11.54 N/mm2 at 87.5% composition in slabs. These findings indicate enhancement in the strength properties of the concrete slabs with the incorporation of the African Copalwood reinforcement.
",African Copal Wood; Timber-reinforced Concrete Slab (TRCS); Longitudinal Bar; Transverse Bar; Modulus of Elasticity (MOE),DOAJ
9178b6d0313a45c1bf21642b11c860f7,Structural behaviour of bamboo-reinforced foamed concrete slab containing polyvinyl wastes (PW) as partial replacement of fine aggregate,Efe Ikponmwosa; Christopher Fapohunda; Olamiposi Kolajo; Otu Eyo,2017,Journal of King Saud University: Engineering Sciences,CH,10.1016/j.jksues.2015.06.005,http://www.sciencedirect.com/science/article/pii/S1018363915000185,"This paper reports the findings of experimental study to investigate the structural behaviour of bamboo-reinforced foamed concrete slab with polyvinyl waste as partial replacement of fine aggregates. The structural properties studied were: compressive strength, density, crack development pattern and propagation, failure pattern, load–deflection characteristics and the ultimate moment. Compressive strength and the density tests were also conducted using 150 × 150 × 150 cube specimens. The flexural behaviour was investigated by using 1300 × 500 × 100 mm slab specimens. The results showed that: (i) partial replacement of sand with polyvinyl waste (PW) improved the compressive strength of the foamed aerated concrete specimens, (ii) that slab specimens with polyvinyl waste as partial replacement sand exhibited shear bending failure, (iii) all the slab specimens with polyvinyl waste as partial replacement sand recorded lower values of deflection for the same loading, as the level of sand replacement with polyvinyl wastes increased, and (iv) increase in the amount of sand replaced with polyvinyl wastes resulted in improved bending performance of the slab specimens.",Bending moment; Compressive strength; Crack propagation; Deflection,DOAJ
93cbb0056947404f80d944a5285f2e98,Surface modification of bamboo fibers through alkaline treatment: Morphological and physical characterization for composite reinforcement,Anteneh Geremew; Pieter De Winne; Tamene Adugna Demissie; Hans De Backer,2024,Journal of Engineered Fibers and Fabrics,GB,10.1177/15589250241248764,https://doi.org/10.1177/15589250241248764,"This study primarily emphasizes the effect of alkaline treatment on the surface morphology, and the physical properties of extracted bamboo fibers were investigated in detail. The bamboo fibers were extracted from raw bamboo culms using a mechanical extraction process followed by roller-milling techniques. The physical properties of the extracted bamboo fibers and their chemical composition were examined based on standard requirements. The extracted and sun-dried bamboo fibers were subjected to surface modifications by treating them with a 5 wt.% NaOH solution. The process involved soaking the extracted bamboo fibers for 1 day at ambient temperature; subsequently, the alkali-treated fibers were washed with distilled water several times to remove alkali content from the fiber surface until it became neutral. Finally, the fibers were dried under the sun for a week. The alkali-treated and untreated extracted bamboo fibers underwent characterization using Fourier transform infrared spectroscopy (FTIR), Thermogravimetric analysis (TGA), X-Ray diffraction (XRD) analysis, and Scanning electron microscopy (SEM). The investigation revealed an improvement in the surface morphology of the alkali-treated extracted bamboo fibers, with a significant reduction in surface roughness, as illustrated by SEM. Test results from FTIR, XRD, and TGA indicated that the alkali-treated fibers had removed lignin and hemicellulose from their surface. This study strongly suggests that bamboo fibers prepared using these techniques could be utilized as reinforcing material in composite production.",,DOAJ
954b2f4a57f242c2af7a1b26b0b4138b,"Diversity of use and local knowledge of wild and cultivated plants in the Eastern Cape province, South Africa",Alfred Maroyi,2017,Journal of Ethnobiology and Ethnomedicine,GB,10.1186/s13002-017-0173-8,http://link.springer.com/article/10.1186/s13002-017-0173-8,"Abstract Background Traditional ecological knowledge among indigenous communities plays an important role in retaining cultural identity and achieving sustainable natural resource management. Hundreds of millions of people mostly in developing countries derive a substantial part of their subsistence and income from plant resources. The aim of this study was to assess useful plant species diversity, plant use categories and local knowledge of both wild and cultivated useful species in the Eastern Cape province, South Africa. Methods The study was conducted in six villages in the Eastern Cape province, South Africa between June 2014 and March 2017. Data on socio-economic characteristics of the participants, useful plants harvested from the wild, managed in home gardens were documented by means of questionnaires, observation and guided field walks with 138 participants. Results A total of 125 plant species belonging to 54 genera were recorded from the study area. More than half of the species (59.2%) are from 13 families, Apiaceae, Apocynaceae, Araliaceae, Asparagaceae, Asphodelaceae, Asteraceae, Fabaceae, Lamiaceae, Malvaceae, Myrtaceae, Poaceae, Rosaceae and Solanaceae. More than a third of the useful plants (37.6%) documented in this study are exotic to South Africa. About three quarters of the documented species (74.4%) were collected from the wild, while 20.8% were cultivated and 4.8% were spontaneous. Majority of the species (62.4%) were used as herbal medicines, followed by food plants (30.4%), ethnoveterinary medicine (18.4%), construction timber and thatching (11.2%). Other minor plant use categories (1–5%) included firewood, browse, live fence, ornamentals, brooms and crafts. Conclusion This study demonstrated that local people in the Eastern Cape province harbour important information on local vegetation that provides people with food, fuel and medicines, as well as materials for construction and the manufacturing of crafts and many other products. This study also demonstrated the dynamism of traditional ecological knowledge, practices and beliefs of local people demonstrated by the incorporation of exotic plants in their diets and indigenous pharmacopoeia.",Eastern cape province; Plant biodiversity; Traditional ecological knowledge; Useful plants,DOAJ
96be751557764a25853e50815d8da19c,"Imposing legality: hegemony and resistance under the EU Forest Law Enforcement, Governance, and Trade (FLEGT) initiative",Rodd Myers; Rebecca L Rutt; Constance McDermott; Ahmad Maryudi; Emmanuel Acheampong; Marisa Camargo; Hoàng Cầm,2020,Journal of Political Ecology,US,10.2458/v27i1.23208,https://journals.uair.arizona.edu/index.php/JPE/article/view/23208,"Timber legality trade restrictions and verification are a bundle of contemporary mechanisms triggered by global concerns about forest degradation and deforestation. The European Union Forest Law Enforcement, Governance and Trade initiative is a significant effort to not only screen out illegal timber and wood products from the EU, but also support trading partner countries to improve their legality definitions and verification processes. But by using bilateral agreements (Voluntary Partnership Agreements) as a key mechanism, the EU legitimizes trade partner nation-states as the authority to decide what is legal. We engage in a theoretical debate about the complexities of the meaning of legality, and then analyze empirical data collected from interviews in Ghana, Indonesia, Vietnam and Europe with policy, civil society and industry actors to understand how different actors understand legality. We find hegemonic notions of Westphalian statehood at the core of 'global' notions of legality and often contrast with local understandings of legality. Non-state actors understand these hegemonic notions of legality as imposed upon them and part of a colonial legacy. Further, notions of legality that fail to conform with hegemonic understandings are readily framed by nation-states as immoral or criminal. We emphasize the importance of understanding these framings to elucidate the embedded assumptions about what comprises legality within assemblages of global actors.

Key words: FLEGT, timber legality, hegemony, power, globalization",,DOAJ
9917c5ca89594130808d9b2a227547f9,Combined Effect of Bamboo Fiber and Kaolin on Concrete Properties: An Experimental Study,Dr. Feseha Sahile; Bikale  Barko Songa,2025,Ethiopian International Journal of Engineering and Technology,ET,10.59122/184DFD17,https://survey.amu.edu.et/ojs/index.php/EIJET/article/view/675,"Concrete is the most widely used construction material globally, but its production is energy-intensive, depletes natural resources, and contributes significantly to CO₂ emissions. This study investigates the potential of using locally sourced waste materials—calcined kaolin (CK) as a partial cement replacement and bamboo fiber (BF) as reinforcement—to develop a more sustainable concrete. An experimental program was conducted to evaluate the mechanical properties of concrete mixes with CK (4%, 8%, 12% by weight of cement) and BF (0.5%, 1%, 1.5% by volume of concrete). The compressive, splitting tensile, and flexural strengths were tested after 7, 14, and 28 days of curing. The results indicate that the combination of 8% CK and 1% BF (mix CK8BF1) yielded the optimal performance, with a 28-day compressive strength of 37.9 MPa, approximately 10.5% higher than that of the control concrete (34.3 MPa). Strength improvements were also observed in splitting tensile and flexural tests for this optimal mix. Beyond these optimum percentages, strength declined due to a reduction in cementitious content and the balling effect of fibers. This research demonstrates that the synergistic use of calcined kaolin and bamboo fiber can enhance mechanical properties while reducing the environmental footprint of concrete, offering a promising alternative for sustainable construction, particularly in regions where these materials are abundant.


Keywords: Bamboo Fibers, Calcined Kaolin, Concrete, Mechanical Properties, Metakaolin, Sustainable Construction",,DOAJ
9a8206c74ca247749bd1b5852b1f7cf4,"The Spatial and Temporal Distribution of Mangrove Forest Cover from 1973 to 2020 in Chwaka Bay and Menai Bay, Zanzibar",Mohamed Khalfan Mohamed; Elhadi Adam; Colbert M. Jackson,2023,Applied Sciences,CH,10.3390/app13137962,https://www.mdpi.com/2076-3417/13/13/7962,"Mangroves in Zanzibar have a high value for biodiversity and scenic beauty. However, mangroves are susceptible to anthropogenic and natural environmental disturbances. Although global mangrove monitoring systems exist, it is the practitioners focused on small mangrove areas who are knowledgeable about the area in which they work. This study examined the change in mangrove cover in Chwaka Bay and Menai Bay, between 1973 and 2020, using Landsat satellite data. The transformed divergence (TD) index and Jeffries–Matusita (J-M) distance were used to calculate separability of land cover classes before classification. The overall accuracies ranged between 82.5 and 92.7% for Chwaka Bay and 85.5 and 94.5% for Menai Bay. The kappa coefficients (ĸ) were in the range of 0.72–0.90, while the producer’s and user’s accuracies were between 72 and 100%. Chwaka Bay’s annual decrease in mangrove cover between 1973 and 2020 was 48.5 ha, compared to Menai’s 6.8 ha. The loss of mangroves in Zanzibar is linked to illegal timber/pole cutting, firewood collection, charcoal burning, unsustainable aquaculture, and agricultural and urban development. Others are changes in environmental conditions that are suitable for mangroves and climate change. This study is crucial in providing a basis for the ecological restoration and management of Zanzibar’s mangrove ecosystem.",mangroves; maximum-likelihood classifier; Landsat data; transformed divergence (TD) index; Jeffries–Matusita (J-M) distance; change detection,DOAJ
9c580341022a434380700b2ed385be94,Structural retrofitting of RC slabs using bamboo fibre laminate: Flexural performance and crack patterns,Paul O. Awoyera; Fadi Althoey; Alireza Bahrami; Pius U. Apuye; L.M. Bendezu R; Badr S. Alotaibi; J.M. Prado M; Mohammed A. Abuhussain,2024,Heliyon,GB,10.1016/j.heliyon.2024.e23999,http://www.sciencedirect.com/science/article/pii/S2405844024000306,"Enhancing the durability of structural elements is a viable approach to promote sustainability in civil engineering. Research has shown that well-maintained slabs outperform degraded ones, which deteriorate rapidly due to insufficient upkeep. The occurrence of cracking and deformation in slabs subjected to sustained loads significantly impacts their functionality. However, the implementation of appropriate retrofitting techniques utilizing locally available materials can effectively minimize deflection and crack propagation while also improving flexural capacity. This particular study aimed to evaluate the flexural performance of slabs that were retrofitted using bamboo fibre laminate (BFL). Also, the study investigated two alternative replacement methods alongside the conventional mix; one involved replacing all fine aggregates with ceramic fine aggregate and the other involved a complete replacement of coarse aggregates with ceramic coarse aggregate. These mixes were represented in both the retrofitted and non-retrofitted samples. The retrofitting process included using the combined external bonding and near surface-mounted method. Twelve slab samples were made, with six being non-retrofitted and the other six retrofitted with BFL. Each of the samples had dimensions of 300 mm × 300 mm × 50 mm for reinforced concrete (RC) slabs. The slabs were tested employing the three point-bending system, and the retrofitted slabs with the conventional mix exhibited the highest ultimate failure load and flexural strength (62.1 kN), which compared to the non-retrofitted slabs of the same mix was a 60.76% increase. Additionally, the study did a thorough analysis of the presence of flexural and diagonal shear cracks, as well as the occurrence of debonding between BFL and the slabs. Non-destructive tests were also conducted on the slab samples to further confirm accurate results. These findings offer helpful insights into the development and application of a sustainable retrofitting material that can remarkably improve RC slabs.",Bamboo fibre laminate; Flexural performance; Crack pattern; Mode of failure; Sustainable material; Retrofit,DOAJ
9cc6fcf86b324400927f4db7a3362200,Structural Characterization and Grading of Timber Species for Engineering Applicability in Kenya,Christine O. Mutayi; Bernadette Sabuni; Samuel Waweru; Geoffrey Mwasame,2024,Jurnal Teknik Sipil,ID,10.28932/jts.v20i2.8310,https://journal.maranatha.edu/index.php/jts/article/view/8310,"An investigation was carried out in Kakamega County to determine the characteristic grade of eucalyptus and cypress timber species that are commonly used in construction. The physical and mechanical properties of two timber species for structural use; eucalyptus and cypress were determined. Six logs of each species were obtained from different areas of Kakamega County, sliced into 2” by 12” size before seasoning under a shade and their structural strength properties were determined at a moisture content of 12%. These logs were cut into test samples for the determination of their strength properties. A total of 800 samples (100 samples for each test) free from visible defects were used for each species. Basic physical properties of the samples like moisture content and density were determined. Tensile strength, compressive strength parallel the grain, compressive strength perpendicular to the grain, and bending strength were the mechanical strength tests carried out according to Eurocode 5 (1995) and BS 5268 (2002) specifications on Universal Testing Machine (UTM). Results were analyzed statistically using Statistical Package for Social Sciences (SPSS) while grading was done according to Eurocode 5 (EC5). Cypress was graded into strength class C20 while eucalyptus was graded into strength class D24. Strength class C20 is used in load-bearing structures that require high strength, such as roof trusses and floor systems. D24 is a common structural grade for a variety of structures exposed to high environmental conditions.",characterization; grading; mechanical properties; structures; timber species,DOAJ
9e201be8b12c43d5984cbee397cd25ad,"Determinants of the Market Outlet Choice of Bamboo Culms (Yushania alpine) Producers in Banja District, Western Ethiopia",Mulat Mengstu; Asmamaw Alemu; Abebe Dagnew; Chernet Worku,2023,International Journal of Forestry Research,GB,10.1155/2023/5578146,http://dx.doi.org/10.1155/2023/5578146,"Bamboo meets a growing and various bamboo product demand and generates revenue. The study is aimed at analyzing the critical variables that affect the choice of alternative bamboo market outlets. By using two stages sampling procedures, 114 bamboo producers were randomly and proportionally selected. The determinants that affect the choice of bamboo market outlet were analyzed by multivariate probit model. Based on the model result, the probability of bamboo producers to select wholesaler, retailer, processor, and local traders’ outlet were 16.8%, 46.2%, 60.8%, and 54.3%, respectively. The probability of success and failure to select four market outlets were 2.5% and 2.2%, respectively. The result of MVP revealed that family size, total land holding size, amount of culm production, farming experience, distance to the market, and silviculture management practice affected the probability of farmers’ market outlet choice. Therefore, improving the producers’ knowledge and skills through capacity building and creating framers’ organization for collective action can help producers select the right market to sell bamboo products.",,DOAJ
9e4cf9eb25e5499bb5cd6bf22184cc5e,Development of Natural Fiber Hybrid Composites Using Sugarcane Bagasse and Bamboo Charcoal for Automotive Thermal Insulation Materials,Fasika Abedom; S. Sakthivel; Daniel Asfaw; Bahiru Melese; Eshetu Solomon; S. Senthil Kumar,2021,Advances in Materials Science and Engineering,GB,10.1155/2021/2508840,http://dx.doi.org/10.1155/2021/2508840,"The effective utilization of fibers from natural sources is the main objective of this research work, but natural fibers alone are not meeting the required strength properties. The objective of this study focuses on the experimental study of composites developed from bagasse fiber/bamboo charcoal for technical applications by investigating its diverse mechanical and thermal insulating properties. For this investigation, five hybrid composites with bagasse fiber/bamboo charcoal proportions of 100%/0%, 70%/30%, 50%/50%, 30%/70%, and 0%/100% with 65% polyurethane foam in all by using compression molding technique and their mechanical properties are evaluated experimentally under the ASTM standards. The fiber alignments, internal crack, and binding properties are checked by morphological test. It is observed that the tensile strength of sugarcane bagasse/charcoal composites produces 255.80 MPa which is approximately the same strength (260.10 MPa) as artificial fiber composites. The bagasse fiber/bamboo charcoal 30/70-based composites show a higher thermal insulation coefficient than the other four samples-reinforced composites. The impact and flexural strength of the 30/70 sample are higher than those of other samples. The results obtained report the possibility of exploitation of natural fiber sugarcane bagasse and bamboo charcoal for the production of reinforcements based on composites with good mechanical and thermal characteristics to utilize as automotive interior materials in component systems.",,DOAJ
a0e63b50a38a4132a3e14209d16149d0,A Reliability-Based Design of Africa-Birch Timber-Reinforced Concrete Beams,Alhassan  Aliyu Abdulrazaq; Uwemedimo  Nyong Wilson; John  Engbonye Sani; Ibrahim  Rabiu,2024,Journal of Building Materials and Structures,DZ,10.34118/jbms.v11i2.4085,http://journals.lagh-univ.dz/index.php/jbms/article/view/4085,"
This study investigates the reliability-based design of African-Birch (AB) timber-reinforced concrete beams. This study investigated Some of the physical and engineering properties of the constituent materials for the reinforced concrete beams were tested and preparing the reinforcement in four different composition and configurations (steel-steel, Steel- AB, AB-Steel, and AB-AB) of the beams were prepared, cast and cured for varying durations (3, 7, 14, 21, and 28 days), and the concrete was tested for its flexural strength and deflection and consequently  reliability analysis (in terms of  flexural strength and deflection) of all the beam configurations using First Order Reliability Analysis-5 (FORM5) to assess the beam performance was carried out. The flexural strength and deflection analysis reveals Steel-AB outperforming other sections and was found to be optimal under various loading conditions. For flexure, Steel-AB achieved a safety index (β) of 1.98 and probability of failure (Pf) of 0.0238 at a span length of 10,000mm and effective depth of 400mm. Similarly, for deflection, Steel-AB demonstrated a safety index (β) of 1.786 and probability of failure (Pf) of 0.037 at a span length of 2500mm. This study demonstrates that African-birch timber is a viable and sustainable alternative to traditional steel reinforcement for structural applications, particularly for medium span and depth beam-configurations.
",African-birch timber; reinforced concrete; sustainable construction; steel reinforcement alternative,DOAJ
a2191eace2a8414d90dad504230319e8,"Resilience, remoteness and war shape the land cover dynamics in one of the world's largest miombo woodlands",Christopher A. Andrews; Samuel Bowers; Luisa F. Escobar-Alvarado; Kai Collins; Kyle G. Dexter; Casey M. Ryan,2024,"Trees, Forests and People",NL,10.1016/j.tfp.2024.100623,http://www.sciencedirect.com/science/article/pii/S2666719324001304,"The highlands of southeast Angola are one of the world's largest intact formations of miombo woodland. Recent interest from conservation groups is increasing the possibility of a new protected area in this conflict-afflicted, remote region, contributing to the “30 × 30” target of the Global Biodiversity Framework. With the potential for a new protected area, it is important to quantify the extent and change of natural and anthropogenic land covers in the region, not least because of the close dependence of livelihoods on natural resources in the miombo. We developed a 1990–2020 land cover time series, analysing deforestation, canopy opening, canopy closure, and vegetation regrowth after disturbance. Regional woodland extent has remained roughly constant despite frequent transitions between dense and open woodlands. Canopy opening peaked post-civil war, potentially related to the resettlement of displaced people. Over 30 years, 61 % ± 2 % of canopy opening was offset by subsequent canopy closure, which peaked a decade after the war ended, indicating the resilience of miombo systems. A woodland resource-use frontier, consisting of deforestation and canopy opening, is evident in the north-west of the area, likely driven by urban demand for agricultural products, charcoal, timber and other wood-derived goods. A distinct “core” of dynamic woodland occupies 52 % of the study region, where there is no evidence that shifting cultivation and local livelihoods are a net cause of land cover change. We do not find evidence for extensive net woody encroachment, only 2 % of the study region is being encroached by woody vegetation. This canopy closure is associated with remoteness from anthropogenic pressures and biophysical drivers that facilitate woody vegetation growth. Policymakers and conservation managers can use these data to aid in locating and prioritising interventions to sustainably produce agricultural and wood fuel products to meet increasing urban demand. Additionally, supporting conditions for maintaining both biophysical processes and livelihoods in remote areas is crucial to achieving 30 × 30 equitably.",Land-cover change; Remote sensing; Landsat; Miombo woodlands; Angola,DOAJ
a339a68948d6440b9510e70804b9cbcf,Initial Structural Characteristics of Built-up I-section Cold-formed Steel with Oriented Strand Board Short Column,Mohd Syahrul Hisyam Mohd Sani; Fadhluhartini Muftah; Ahmad Rasidi Osman; Kenny Mudenda,2024,BioResources,US,,https://ojs.bioresources.com/index.php/BRJ/article/view/24067,"Roof truss systems and wall panels are two examples of popular structural components made by cold-formed steel (CFS) which is classified as a steel-based building material available in a wide range of shapes, and thicknesses. The use of CFS is increasing due to its many desirable properties, including a high strength-to-weight ratio, low weight, resistance to corrosion, and fast installation. In contrast, the thin-surfaced and opened section of CFS buckles easily when utilised as a beam or column. When the load is applied directly, the CFS section fails in modes such as web crippling, torsion, and buckling. As a result, the new I-section with top and bottom flange elements was produced by using CFS channel section, and timber board from the type of oriented strand board (OSB) as a web element. The study aimed to determine the initial structural characteristics of the built-up I-section CFS with OSB short column. A single or double web element made by yellow and dark brown OSB was used to construct the I-section for determining the initial structural characteristics. The I-section with a double web of yellow OSB showed the highest value of ultimate load and compressive strength as compared to other specimens in the range of 8.00% to 14.00%.",built-up i-section; cold-formed steel; oriented strand board; composite short column; structural characteristic,DOAJ
a6493fb3a7a7443491b9fb9224f9f647,"Agroforestry Contribution to Native Woody Species Conservation, Carbon Sequestration, and Livelihood Benefits in Ethiopia: A Systematic Review",Getachew Goremsu; Mulatu Abu,2024,Journal of Landscape Ecology,PL,10.2478/jlecol-2024-0012,https://doi.org/10.2478/jlecol-2024-0012,"The conservation of endangered native species and climate change are currently the two most pressing environmental problems on the planet. Therefore, the general objective of the review was to synthesize evidence of the contributions of agroforestry systems to the conservation of native species, carbon sequestration, and livelihood benefits in Ethiopia. A total of 104 publications from 2000 to 2024 publication years were used to provide available evidence and research gaps on agroforestry contribution to native species conservation (n=21), carbon sequestration (n=33), and livelihood benefits (n=35) in Ethiopia. Furthermore, 38 papers from other parts of the world were used to support ideas and relevant evidence linked to the title. The review’s findings confirm that agroforestry can serve as in-situ conservation for endangered native species including Cordia africana Lam., Hagenia abyssinica (Bruce) J.F. Gmel., Acacia abyssinica Hochst. ex Benth, Croton macrostachyus Hochst. ex Delile, Ficus sur Forssk and Faidherbia albida (Delile) A. Chev. The review systematic review indicated that agroforestry systems store an average of 40.04 ± 10.4 Mg C ha −1 in biomass and 68.9 ± 9.9 Mg C ha−1 in soil in Ethiopia. Hence, the above-ground carbon was highest for coffee-based agroforestry (17.12 ± 6.3 Mg ha−1) followed by homegarden (16.6 ± 3.2 3 Mg ha−1) and woodlot (7.1 ± 1.09 Mg ha−1). Fuelwood, food, fodder, income, timber, fruits, and poles for construction were the main benefits of livelihood; which have been reported in 37, 30, 26, 25, 23, and 20,18 published articles, respectively. Empirical studies show that an agroforestry system, which can significantly reduce the vulnerabilities of households and store a large amount of carbon dioxide in the atmosphere, is an important strategy for climate adaptation and mitigation. Moreover, further scientific research on agroforestry on the sustainability of agroforestry is needed from responsible bodies in Ethiopia.",agroforestry; biodiversity conservation; carbon sequestration; native species; sustainable livelihoods,DOAJ
a933698af16d49d8b92b2d3690ee88bd,Global challenges and insights in disaster risk management at world cultural heritage sites,Min Li; Takeyuki Okubo; Dowon Kim; Shakya Lata; Aya Miyazaki,2025,Progress in Disaster Science,NL,10.1016/j.pdisas.2025.100477,http://www.sciencedirect.com/science/article/pii/S2590061725000742,"Cultural heritage has faced significant challenges due to both natural and human-induced hazards, as well as the impacts of climate change in recent years. To safeguard the outstanding universal value of World Cultural Heritage (WCH) sites, this study focuses on disaster risk management (DRM) across these WCH sites globally. A questionnaire was distributed to 972 WCH sites, with 57 responding. The survey gathered information on hazard-related characteristics, historical disasters, the current status of DRM plans and measures, and the traditional knowledge related to DRM. The study found that approximately 72 % of the surveyed heritage sites feature timber structures or masonry structures with wooden elements, making them vulnerable to fire. Additionally, 40 % of WCH sites are located in mountainous, coastal, or riverside areas, exposing them to multiple natural hazards. Many sites (79 %) have been repurposed for commercial use, and about 42 % of the surveyed sites attract a large number of tourists, which may further increase disaster risks. The study findings also highlight the diverse range of hazards affecting monuments and archaeological sites in Africa, Asia, and Europe, with Africa and Europe facing particularly significant challenges due to climate change. From past disasters, it is evident that floods, strong winds, fires, and earthquakes have become more frequent in recent years, causing substantial damage to heritage sites. Notably, climate change is a key factor behind disasters like floods, fires, droughts, and extreme wind events. In addition, human-induced disasters, such as armed conflicts and vandalism, have also caused serious destruction to WCH sites. However, only about half of the surveyed heritage sites have a DRM plan in place or are in the process of developing one. The study further reveals that the lack of financial and material resources, expertise, and awareness of the importance of a DRM plan are the key reasons for the absence of DRM plans. On the other hand, traditional knowledge identified at these WCH sites, including specialized drainage system designs, traditional fire-fighting methods, and climate-resilient architectural features, could be integrated as effective disaster risk reduction measures in future DRM plans.",World cultural heritage; Disaster risk management; Natural hazards; Human-induced hazards/disasters; Climate change-related hazards/disasters; Historical disasters,DOAJ
aa5538f1d92a427aa0069336f477eb29,Potentials of bamboo and its ecological benefits in Nigeria,Efe Jeffery Isukuru; Akinyemi Olufemi Ogunkeyede; Adedoyin Ayorinde Adebayo; Matthew Freedom Uruejoma,2023,Advances in Bamboo Science,NL,10.1016/j.bamboo.2023.100032,http://www.sciencedirect.com/science/article/pii/S2773139123000186,"Bamboo is a versatile resource with a long history of use in construction, paper production, medicine, textiles, and food. It also offers ecological benefits such as carbon sequestration and soil conservation. Bamboo's fast growth rate makes it a potential tool for mitigating climate change, while its organic matter can improve soil quality and prevent soil erosion. In Nigeria, favourable conditions for various bamboo species exist, and the plant's parts can help with environmental clean-up. However, low bamboo cultivation and potential issues like lack of genetic diversity and loss of biodiversity through monoculture cultivation need to be addressed. Further research is necessary to fully harness bamboo's potential and establish sustainable cultivation methods in Nigeria.",Bamboo; Nigeria; Ecological benefit; Phytoremediation; Reforestation; Carbon sequestration,DOAJ
acff5c199fd747c3ba8d76d8654d71cd,"Strength Properties of Steel and Bamboo Reinforced Concrete Containing Quarry Dust, Rice Husk Ash and Guinea Corn Husk Ash",S. O. Odeyemi; R. Abdulwahab; M. A. Akinpelu; R. Afolabi; O. D. Atoyebi,2022,Iranica Journal of Energy and Environment,IR,10.5829/ijee.2022.13.04.05,https://www.ijee.net/article_151531_66f06d850918689a6766089103c9a098.pdf,"The rising cost of concrete production due to the global recession in world economy caused by the COVID-19 pandemic and the greenhouse gases emitted in the production of cement has necessitated the need for alternative materials for cement. In this study, bamboo strips and steel rebars were used as reinforcements in a ternary blended concrete to determine their strength properties. In alignment with standard requirements for testing, concrete specimens were tested at curing ages of 7, 14 and 28 days for compressive, splitting tensile and flexural strengths. The morphological and bond characteristics of the bamboo were determined through the Scanning Electron Microscopy (SEM) and Fourier Transform Infra-Red Spectroscopy (FTIR), respectively; while its tensile strength was determined and compared with that of steel reinforcement. These results showed that bamboo is ductile and has stretching vibrational spectrum. The combinations of quarry dust, river sand, Rice Husk Ash (RHA) and Guinea Corn Husk Ash (GCHA) yielded compressive and split tensile strengths of 20.4 N/mm2 and 2.18 N/mm2, respectively. Concrete with 50 % river sand and 50 % quarry dust performed better in flexure for both Bamboo Reinforced Concrete (BRC) and Steel Reinforced Concrete (SRC) at 28 days with strengths of 12.75 N/mm2 and 22.49 N/mm2, respectively. Therefore, bamboo, quarry dust, rice husk and guinea corn husk ash can be used for reinforced concrete production.",bamboo; cement replacement; compressive strength; flexural strength; waste use,DOAJ
ad419697d4e942938f2de6edc2195f65,Multivariate statistical detection of interactions between the use of ecosystem services and willingness to protect the Kaya Kambe (Kenya) based on survey data,Marlon  Wichmann; Winfried Schröder; Alexandra  Reith; Marco Rieckmann; Halimu Shauri,2025,Environmental Sciences Europe,GB,10.1186/s12302-025-01224-4,https://doi.org/10.1186/s12302-025-01224-4,"Abstract Background Kenyan coastal forests comprise about 145 fragmented islands of different size and protection status. Cultural ecosystem services provided by Kaya forests for the Mijikenda community in Kenya have helped to preserve relevant parts of this tropical landscape, which today, however, are exposed to strong land use pressures due to a growing population living in poverty. With regard to conservation measures for the Kaya, there is an urgent need to analyse the human–environment relationship of the local population. The aim of the study was to identify the factors and their interactions on the willingness of the local population to protect Kaya Kambe, which was defined as a dependent variable in two statistical models. Methods. The data needed were collected in the year 2022 by means of a questionnaire. The two statistical models were carried out using Chi Square Automatic Interaction Detection. In the first model, those descriptive variables were used that were also used in the hypothesis test based on individual contingency tables not presented here. This hypothesis-verifying approach was supplemented by a hypothesis-explorative second model. It also used descriptive variables that were not considered in the hypothesis testing. Results The first model confirms the following interacting constraints on willingness to protect: importance of Kaya trees, personal benefit from protecting Kayas, importance of Kaya animals and usefulness of Kayas as a source of minerals. The second model discovers the following additional influences: access to Kaya, independent tree planting in own plot and in Kaya, monthly income, knowledge of national laws governing the use of Kayas, cultural value of Kayas, and Kayas as a source of energy. Conclusions The following recommendations were derived from the results and their discussion: creation of alternatives for the extraction of construction timber and firewood, participation of the local population in sustainable forest management, creation of alternative sources of income, enabling reforestation on private land and in the Kaya, as well as education and awareness-raising measures.",Biodiversity; CHAID; Mijikenda; East African tropical forest; Ecosystem services,DOAJ
adc6dab62591469980d82d65cccf758a,"Earthquake loss estimation of residential buildings in Bantul regency, Indonesia",Mohamad F.N. Aulady; Toshio Fujimi,2019,Jàmbá,ZA,10.4102/jamba.v11i1.756,https://jamba.org.za/index.php/jamba/article/view/756,"Bantul regency in 2006 had experienced considerable earthquake and suffered many casualties. The factors such as high population density and lack of seismic design of residential buildings in Bantul besides its location in a high seismic region have increased its vulnerability to earthquake disasters that can lead to a widespread economic losses and casualties. This research aims to capture earthquake risk in Bantul towards economic losses and casualties by using risk curve. Risk curve is a combination of several sources from literatures containing hazard curve and vulnerability curve together with exposure. The result showed that the expected economic loss in 50 years for residential building is $647.22 million; however, the highest value of economic losses shows the value up to $7600m which occurs in earthquake of 7.15 MW scale. The same worst-case scenario caused the casualties up to 49 000 people at night-time and 15 000 people at daytime. The result established that confined masonry building type conduces the highest value of economic losses and timber frame building shows the highest vulnerability to the earthquake disaster than other building types. Furthermore, in order to reduce the risk, we applied the hypothetical policy to build a simple earthquake-resistant house called Simple Instant Healthy House. The result indicates that this mitigation policy can effectively reduce both economic losses and casualties.",seismic vulnerability; risk curve; economic losses; casualties; hypothetical policy; Bantul regency,DOAJ
b235c5814ebb4922a270c13e6be015fe,Mainstreaming precast and block hempcrete—a carbon sequestering solution for the built environment,Pandwe Gibson,2024,Academia Materials Science,US,10.20935/AcadMatSci7369,https://www.academia.edu/125884845/Mainstreaming_precast_and_block_hempcrete_a_carbon_sequestering_solution_for_the_built_environment,"
          The International Residential Code (IRC) appendix, which offers guidance on acceptable building materials, was updated in 2023 to include hempcrete for the first time in its 2024 version. Hempcrete, a blend of hemp hurd, lime, and water, has emerged as a sustainable and carbon-negative building material with promising applications in the construction industry. This review article provides a comprehensive overview of hempcrete, starting with its historical roots and the basic science behind its composition. Hemp was used in Rome as far back as Julius Caesar’s time and in the sixth century when France was still Gaul. Lime building construction dates to before its use in the pyramids and can be found in ancient Africa, Persia, Rome, and throughout many indigenous cultures. Exploring the role of lime in enhancing the material’s properties, we delve into the reasons behind its inclusion in hempcrete formulations. Opportunities and challenges in the adoption of hempcrete are discussed, highlighting its potential to revolutionize the construction sector. The evolution of curing techniques for hempcrete, from traditional methods to modern innovations, is examined, offering insights into future advancements. We explain why the utility of hemp has historically been overshadowed by a false narcotics narrative and association. We codify hempcrete’s performance to underscore its environmental benefits and economic viability. We explore how lime, CO2, and structural components can increase commercial viability and create the scale necessary for the United Nations Intergovernmental Panel on Climate Change’s (IPCC) call for nations to maintain the global temperature increase below 1.5°C and net zero by 2050 while tackling the global housing crisis. Thus, this article serves as a valuable resource for researchers, architects, and policymakers interested in advancing adoption of sustainable construction practices.",,DOAJ
b34e26ddb8fc4b4cba389610d07a81a7,Non-timber Forest Product Use and Market Chains Along a Deforestation Gradient in Southwest Malawi,Sophie Mahonya; Charlie M. Shackleton; Kate Schreckenberg,2019,Frontiers in Forests and Global Change,CH,10.3389/ffgc.2019.00071,https://www.frontiersin.org/article/10.3389/ffgc.2019.00071/full,"The importance of non-timber forest products (NTFPs) to rural livelihoods is widely acknowledged globally, as is the income generated from casual or fulltime trade on village and urban markets. However, there is less understanding of how the condition or status of the neighboring landscapes influence the use of and trade in NTFPs. Here we report on the use and trade in NTFPs in four villages situated along a gradient of decreasing forest cover in southwest Malawi using a mixed-methods approach. Data were sourced via a survey of 286 households, value chain analysis of the four most commonly traded NTFPs (thatch grass, edible orchids, mushrooms, and wild fruits), key informant interviews with NTFP traders and direct observations. All households used at least one NTFP, with the most widely used being firewood (100% of households), bamboo (96%), thatch grass (94%), and timber for construction (92%). Overall, 15% of households sold at least one NTFP and the prevalence of selling within a village was correlated with forest cover, whereas buying of NTFPs was inversely correlated with forest cover. There was a wide range in mean annual income (US$20–456) from selling NTFPs based on the product, whether the trader sold on a casual or full-time basis and the market. Of those households selling NTFPs, approximately two-thirds sold more than one NTFP product, which is rarely recognized in income studies of individual market chains. The returns to labor were variable between villages and products, but were generally double or more than the national minimum hourly wage. The NTFP value chains were short, dominated by traders and some intermediaries. Most of the products were sold in local markets with little value addition. Overall, NTFPs were an integral part of the household economy, with multiple participants and users, partly shaped by the forest cover of the surrounding landscapes.",deforestation; income; Malawi; non-timber forest products; selling; trade,DOAJ
b7ef0854b0874ea38773769406ca0f01,Flexural Strength Behaviour of Apa (Afzeliabipindensis) Reinforced Stabilized Lateritic Soil Beam,Philip Baki OZIGI; Lawrence Zahemen TULEUN; Alao Abdullahi JIMOH,2020,Civil Engineering Dimension,ID,10.9744/ced.22.1.22-28,https://ced.petra.ac.id/index.php/civ/article/view/22772,"This paper reports on the flexural strength behaviour of Apa reinforced stabilized lateritic soil beams. The potential of using timber as a reinforcement material is because timber is abundant, cheap and locally available compared to conventional steel. Apa timber possess a tensile strength of 68.34 N/mm2. Experimental and Finite Element Analysis using ANSYS 15 were carried out to determine the flexural strength of Apa reinforced lateritic soil beams. The results showed an increase in the load-bearing capacity with increase in the percentage area of Apa reinforcement used in Lateritic soil beams. BS 8110-1:1997 requires that area of reinforcement for beams should not exceed 4%. At 4 percent area, the flexural strength of the Apa reinforced lateritic soil beams (ALB) was 0.763 N/mm2 with corresponding load capacity of 3.435 kN which is slightly higher than the steel reinforced lateritic soil beams (SLB) of 0.740 N/mm2 with corresponding load capacity of 3.329 kN obtained in the report",Lateritic soil; Apa (Afzeliabipindensis) reinforced soil beam; flexural strength,DOAJ
b8cd35a139274fe197fc522b4a0b1cae,Acid Resistance and Strength Performance of Bamboo Leaf Ash–Bone Ash Concrete under Simulated Acid Rain Conditions,Abdullahi Umar Auwal ,2025,Journal of Building Materials and Structures,DZ,10.34118/jbms.v12i2.4316,http://journals.lagh-univ.dz/index.php/jbms/article/view/4316,"
Concrete infrastructure in oil and gas environments faces rapid degradation due to exposure to acid rain and chemically aggressive discharges. Conventional Ordinary Portland Cement (OPC) concrete is particularly vulnerable in such zones, necessitating the development of more durable and sustainable alternatives. This study investigates the use of Bamboo Leaf Ash (BLA) and Bone Ash (BA) as partial OPC replacements for enhancing concrete's resistance to acid attack. A binary pozzolanic system was developed by replacing OPC with 5–30% BLA–BA blends while maintaining a fixed water-to-binder ratio. Concrete mixes were evaluated for slump, compressive strength (3–56 days), hardened density, and acid resistance through mass loss and residual strength after 28-day immersion in a simulated acid rain solution (1% H₂SO₄ + 1HNO₃). Statistical techniques including ANOVA, regression modeling, and Pearson correlation analysis were employed to analyze and predict performance trends. The optimum mix, containing 10% BLA + 5% BA, achieved a 28-day strength of 33.14 N/mm², residual strength retention of 97.59%, and the lowest mass loss (2.4%) under acid exposure. Regression models yielded R² values exceeding 0.84, indicating strong predictive reliability. Visual inspection confirmed reduced surface degradation compared to the control. These findings demonstrate that BLA–BA concrete offers superior acid durability and aligns with sustainability objectives through waste valorization and reduced cement demand. The proposed mix is particularly suitable for acid-prone infrastructure in refineries, petrochemical plants, and industrial wastewater systems.
",Pozzolanic binder; Compressive performance; Agro-waste utilization; Mass loss; Residual durability; Regression analysis,DOAJ
b98afb51f6d1429c92b7068056cdcb98,Durability and strength sustainability assessment of rockwool-bamboo reinforced ceiling boards,Olumoyewa D. Atoyebi; Oluwafemi O. Kolajo; Oluwasegun J. Aladegboye; Olayinka O. Alabi; Salome O. Aina,2023,Advances in Bamboo Science,NL,10.1016/j.bamboo.2023.100046,http://www.sciencedirect.com/science/article/pii/S2773139123000320,"It is increasingly important to explore means of reducing deforestation in our environment by sourcing alternatives for timber in the forest. Bamboo (Bambusa vulgaris) is known for its strength and flexibility, which makes it a popular material for construction, furniture, and other uses that are still being explored. This paper evaluated the use of bamboo for the design of ceiling boards based on the physical and mechanical properties of bamboo. We explored the use of bamboo powder, bamboo fibre, and bamboo sticks that are usually discarded during construction activities, using urea-formaldehyde as a binding agent. The bamboo ceiling boards were tested for their physical (water absorption, thickness swelling, and density) and mechanical (modulus of rupture and modulus of elasticity) properties. Water absorption ranged from 41.9% to 86.4% after 2 h immersion in water and from 41.9% to 97.6% after 24hrs immersion. The modulus of rupture was 78.915 N/mm2 and the highest density was 0.424 g/cm3. Given these results, bamboo is a suitable material for the production of ceiling boards.","Bamboo fibre; Bamboo powder; Ceiling board, Rock wool; Bamboo utilization",DOAJ
ba03fe2a21e94ef6a9fc394ab6048ca0,Effects of burnt sawdust ashes from timber species on the strength properties of laterite-interlocking blocks,Sampson Assiamah; Charles K. Kankam; Kwadwo Adinkrah-Appiah; Russell Owusu Afrifa; Jones Owusu Twumasi,2024,Discover Civil Engineering,CH,10.1007/s44290-024-00093-9,https://doi.org/10.1007/s44290-024-00093-9,"Abstract The most basic problem facing man is shelter, apart from food. This problem is acute in Ghana and other developing countries due mainly to the high growth rate of the population, inflation, unemployment and poor economic resources. Today in Ghana both middle and low income earners can hardly afford their own houses. From one point of view one can see that some of the materials used in building are of good quality and can last. The study aimed to partially replace ordinary Portland cement (oPc) with burnt sawdust ash (BSDA) from different timber species (Wawa, Mansonia, Teak, Odum, Ceiba, Essah and Mahogany) in making interlocking laterite blocks by replacing 0–30 wt %. Mix proportion was 1:8 (cement + BSDA: laterite) with a 0.60 water-to-cement ratio. 528 specimens of size 185 mm × 220 mm × 120 mm were produced and cured at normal temperature and humidity under shady and sunny conditions for 7, 14, 21 and 28 days. Compressive and tensile strengths were subsequently evaluated. However, an initial strength increase was observed with curing time for specific wood species (Wawa, Mansonia, Teak, Odum, Essah, Ceiba, and Mahogany). Notably,Wawa, Mansonia and Odum ash exhibited superior strength performance at 10–20% replacement levels, potentially satisfying relevant standards for load-bearing wall construction. This research suggests that up to 10% replacement with Wawa, Mansonia or Odum BSDA presents a promising eco-friendly approach for partially substituting oPc in LIB production.",Interlocking blocks; Burnt sawdust ash; Compressive strength; Tensile strength; Bulk density,DOAJ
bbb62a279c894dee9c676dea3c07b130,The comparative study on the performance of bamboo fiber and sugarcane bagasse fiber as modifiers in asphalt concrete production,Kemal Umer Ahmed; Anteneh Geremew; Abubekir Jemal,2022,Heliyon,GB,10.1016/j.heliyon.2022.e09842,http://www.sciencedirect.com/science/article/pii/S2405844022011306,"Highway pavement structures are expected to be adequately strong and durable for their design life which can be achieved only when the pavements are properly designed, constructed, maintained, and managed. In Ethiopia, most of the asphalt pavement is suffering from fatigue, creep, and rutting in long term. These stresses may be occurred due to the shortage in the mechanistic properties of either the binder or the asphalt mixtures as well as due to the increase in traffic loads. Failures of some roads can be attributed to the poor design of the asphalt mixes and materials being used. The properties and dosage of additive materials in hot mix asphalt affect the overall performance of pavement structure. Hence, modifying the properties of asphalt is necessary to enhance the performance of HMA. This study aims to investigate the performance of bamboo fiber and sugarcane bagasse fiber on the mechanical properties of Hot Mix Asphalt production. This research was conducted by using an experimental research design method and Non-Probability sampling techniques were adopted to collect samples. A sample preparation method of asphalt mixture specimens for asphalt mix design was performed based on AASHTO, ASTM and EN Standard specifications. The tests required were aggregate tests, a Bitumen test, Marshall test, and performance tests such Indirect Tensile Strength test and Rutting Test (RT) were conducted to evaluate a comparative study on the performance of bamboo fiber and sugarcane bagasse fiber as a modified Hot Mix Asphalt production. The preparing HMA mixes using crushed stone coarse aggregate, Fine aggregate, Mineral fillers 60/70 Bitumen, and by using bamboo and sugar cane bagasse fiber as additives were used to compare the results at a varying bitumen content of 4.5,5,5.5,6% bitumen. The Asphalt additives were used in the range from 0.2% to 0.5% of the total weight of the sample. Then, finally, the results of the laboratory were compared to standards of specifications. The optimum both fibers content obtained at 0.3% and OAC &amp; OMF (5.2% &amp; 4%) respectively, suggests that using both BF &amp; SCBF fibers in asphalt concrete mixture improves the performance of asphalt pavements to resist external loads. Both fibers at 0.3% content better modify asphalt marshal stability, ITS of HMA, and Rutting resistance of AC. Finally, based on this study it was proved that the performance and properties of Asphalt concrete are affected by Fiber type and its content.",Aggregate test; Marshall test; Indirect tensile strength test and rutting test (RT); Bamboo fiber; Sugarcane bagasse fiber; Percentage by weight,DOAJ
bbd441f727ab4add801742600d4340bc,"Assessment of Community Participation in the Co-Management of Abasumba Globally Significant Biodiversity Area (GSBA), Ghana",Felix T. Kabutey,2024,Silva Balcanica,BG,10.3897/silvabalcanica.25.e122889,https://silvabalcanica.pensoft.net/article/122889/download/pdf/,"Despite the global rise in protected areas and their role in biodiversity conservation, significant gaps exist in evaluating their management. Forest reserves are vital for ecosystem services, human well-being, and contribute culturally, socially, and economically to local communities. Yet, they face challenges in management that require a new assessment approach. However, factors viz. forest degradation from agriculture, settlement, resource extraction, and conflicts with fringe communities, thwart conservation efforts. Hitherto, forests were solely managed by the state with little community participation. Recently, there has been a shift towards involving local communities. This study focused on the role of fringe communities and the Community Biodiversity Advisory Group in the co-management of the Abasumba Forest Reserve in Ghana. It assessed participation in planning, implementation, benefit-sharing, and monitoring, as well as the socio-economic impact of the establishment of Abasumba on community livelihoods. Qualitative data was gathered through focus group discussions with CBAG members, opinion leaders, and fringe community members, while quantitative data via a survey of 120 households from four fringe communities. Findings reveal that community participation through CBAG was minimal at 22.5%, with a higher participation index of 0.3 in monitoring and evaluation activities. The benefits accrued to communities include employment, building materials, firewood, medicinal plants, and non-timber products. The study highlighted the need for government intervention to enhance community involvement by developing useful schemes viz. micro-credit facilities, alternative livelihood opportunities, and entrepreneurial training in non-timber forest products. These could allay rural-urban drift and improve livelihoods, thereby strengthening conservation efforts.",Abasumba; Forest Reserve; Fringe Communities; Co-M,DOAJ
bcf7882e2c8842158c5202a2cb8c66c3,Estimating the Contribution of Various Construction Materials on Construction Waste Generation Onsite in South Eastern Nigeria,M. E. Onyia; C. U. Aroh,2024,Journal of Applied Sciences and Environmental Management,NG,,https://www.ajol.info/index.php/jasem/article/view/271155,"
There are many challenges arising from the generation of construction waste onsite, chief of them are environmental pollution and material loss. A number of factors can lead to the generation of construction waste. Hence, the objective of this paper was to ascertain the construction material that leads greatest onsite generation of construction waste in Nigeria using structured questionnaire to gather data from primary source by surveying fourteen most common construction materials. Results obtained revealed that timber, ceramic tiles and mortar ranked  1st , 2nd and 3rd with standard deviation of  1.14, 1.156  and 1.265; while roofing sheets, PVC water pipes and paint contributed the least 12th, 13th and 14th with a standard deviation of  1.115, 1.222 and 1.095 respectively.
",Waste generation; urbanization; construction materials; civil engineering works; environmental pollution,DOAJ
bd01757accbc4a07b309a62d5cc0792f,"Diversity and Management of Useful Homegardens Plant Species in Arba Minch Town, Southern Ethiopia: Implication for Plant Diversity Conservation and Food Security",Mulugeta Kebebew,2018,International Journal of Economic Plants,IN,,https://ojs.pphouse.org/index.php/IJEP/article/view/4560,"
Homegardens host a significant portion of plant biodiversity and played an important role towards the development of early agriculture and domestication of crops and fruit trees, a still ongoing process. The study was conducted on homegardens of Arba Minch town, Southern Ethiopia with the aim of documenting the indigenous knowledge on categorization, use and management of useful plants species in homegardens. A random sample of 100 homegardens from four sub-cities of Arba Minch town was used to collect useful plant species data. Techniques used were focus group discussion, semi-structured interviews, home garden tour and free listing. A total of 138 useful plant species were documented, of which 12.36% were edible plants, 11.90% income source plants, and 8.92% shade plants. Fabaceae was the dominant family represented by 17 species, followed by Euphorbiaceae with 10 species and Asteraceae and Poaceae with 6 species each. Homegarden size of the study area ranged from 220 to 1235 m2 with an average size of 727.5 m2. The age of homegarden is ranged from 10 years old to 50 years old with an average age of 30. The number of species in the homegarden ranges from 10 to 45 with the average of 27.5.  The study indicates that homegardens are contributing to food security, income generation and livelihoods in Arba Minch town through production of ornamental, food plants, fodder, medicinal, timber and construction. The study recommended that the management of useful plant species in homegardens will be scaled up and further expanded and assisted by agricultural extensions in urban areas in Ethiopia.
","Plant species diversity, home garden, indigenous knowledge, conservation",DOAJ
be160b9ef32e4a06a2d415b35d0da449,Determinants and governance of bamboo production and marketing in Ethiopia: A critical review,Asabeneh Alemayehu; Alemayehu Hido,2023,Advances in Bamboo Science,NL,10.1016/j.bamboo.2023.100047,http://www.sciencedirect.com/science/article/pii/S2773139123000332,"Oldeania alpina (highland) and Oxytenanthera abyssinica (lowland) bamboo are two indigenous bamboo species and are vigorous in highland and lowland agro-ecologies, respectively. They have enormous socioeconomic, ecological, and traditional roles in the community. We address bamboo plantations and their distribution, identify factors influencing bamboo planting and marketing, and assess the role of bamboo for smallholder farmers and customers in Ethiopia. We also examine planting and management practices, governance, and challenges and opportunities for bamboo production and marketing. The decisions to plant bamboo are influenced by many demographic and socioeconomic factors, such as age, educational status, family size, income, farm size, land scarcity, bamboo culm price, and market information. They are also influenced by institutional factors, including market distance, marketing linkages, access to markets, tenure security, and psychological factors such as the perception of risk and attitude towards bamboo production. Bamboo plays a variety of socio-economic, ecological, and traditional roles in the community. It is one of the essential components of agricultural tasks and practices for most households and provides considerable cash income. For instance, it provides material for house and fence construction, furniture, wood fuel, and musical instruments. It is used as a source of food, medicine, and fodder and also for soil and water conservation, biodiversity functioning, and mitigating global climate change, as well as an alternative source of timber and non-timber products for rural and urban people, forest industries, construction, and energy sectors. Despite this, its significance has been affected by deforestation and degradation, overexploitation, increased agricultural investment, and social issues. Although there is a positive policy environment, there is still a lack of coordination, overlap of roles and responsibilities, and limited dedicated manpower and resources in the bamboo sector, as well as limited government support for the value chain development of the sector. Creating an enabling market environment and constructing a value chain are critical for the development of the sector. Furthermore, the selection of higher-quality bamboo landraces, extension support, and the local application of the established regulations are all critical.",Bamboo; Determinants; Governance; Socio-economic; Ethiopia,DOAJ
c371746e073846cb8443af997935cdbc,"Value Chain Analysis of Highland Bamboo (Yushania alpina) in Banja District, Awi Zone, Ethiopia",Mulat Mengstu; Asmamaw Alemu; Chernet Worku; Sosina Bezie,2023,International Journal of Forestry Research,GB,10.1155/2023/3378810,http://dx.doi.org/10.1155/2023/3378810,"Bamboo is one of the most important vegetation resources in highlands of Ethiopia. In Ethiopia, understanding the socioeconomic significance of bamboo resources and linkages between policy makers and other organizations is a persistent issue for the expansion of bamboo industry. This study aims at analyzing the value chain of highland bamboo originating from Banja district, Awi zone, Ethiopia. Specifically, it investigates the current value chain structure of highland bamboo and the role of actors and identifies the existing upgrading strategies along the chain, estimates the market performance, analyzes the determinants that affect the market supply of highland bamboo, and analyzes the governance structure along the highland bamboo value chain. Primary data were collected from direct value chain actors such as 122 sampled households, 13 traders, 16 processors, and 30 final users through semistructured interview schedules, key informant interviews, focus group discussions, and personal observation. Descriptive statistics, multiple linear regression, and value chain analysis were employed to analyze the data. Government offices and international network of bamboo and rattan and micro and small enterprises were support service providers. The governance structures in the bamboo value chain differ from one stage to the other stage. The result of multiple linear regression model indicated that the land size allocated for bamboo plantation, number of culm harvested, access of market information, and silviculture management practice positively affected the market supply of bamboo culm, whereas distance to the market affected the market supply of bamboo culm negatively and significantly. Based on the findings of this study, designing policies help to increase farmers’ knowledge and skills through capacity building and help to improve information access, silviculture management practice, and market supply of culm.",,DOAJ
c375b48a5b8a47a79132a16834f72ef5,Environmental impacts of bamboo as a substitute constructional material in Nigeria,J. Atanda,2015,Case Studies in Construction Materials,GB,10.1016/j.cscm.2015.06.002,http://www.sciencedirect.com/science/article/pii/S2214509515300048,"The environment in Nigeria is exceptionally exposed to diverse natural hazards. Due to this factor, this paper investigates a material which can be substituted for wood or steel in construction. Bamboo, a natural raw material, is one of the fastest growing plants on earth. Bamboo use in construction is not new; it has been regularly utilized for building mud houses and small huts in villages for centuries. Bamboo is a durable and exceptionally flexible building material. It has been utilized for flooring, walls, roofing, concrete reinforcement, and scaffolding, is light in weight and easily transported. This paper will examine bamboo and its environmental benefits, its properties and qualities. In Nigeria, the rate of bamboo use is low; therefore, this paper will investigate bamboo and its uses in Nigeria, conceivable uses that can be embraced demonstrating its accessibility and impacts on the environment in Nigeria.",Bamboo; Environment; Nigeria; Construction; Substitute; Material and raw material; Sustainable development; Natural; Planning,DOAJ
c609b278a6a24837ac1ac34d90cf80b0,Enhancement of mechanical properties of concrete using microwave cured bamboo composites,Ajayi Joseph Adeniyi; James Gana; Ariyo Adanikin; Kola Ogedengbe; Abundance Idowu,2022,Archives of Civil Engineering,PL,https://doi.org/10.24425/ace.2022.141902,https://journals.pan.pl/Content/124534/PDF/art33_corr2.pdf,"Microwave curing of bamboo fiber increases the physical and mechanical qualities of cement concrete, according to previous studies. However, there are limited research on their endurance when used as an additive in concrete manufacturing to increase strength. The impact of bamboo fiber and Styrene Butadiene Rubber (SBR) on the mechanical and microstructure of the resulting concrete is investigated in this study. With the inclusion of bamboo fiber ranging from 0–1.5%, a mix ratio of 1:1.5:3 was used. To make the samples, 10% SBR by weight of cement was dissolved in the mixing water. The batching was done by weight, with a water cement ratio of 0.6. Compressive strength, water absorption, swelling, modulus of elasticity, and modulus of rupture were all studied as mechanical properties. Various characterization tests such as SEM, EDS, FTIR, XRD, and TGA were performed on the microstructure, crystalline nature, and mineral composition of certain samples. According to the FTIR study’s findings, peak levels were detected in the O–H stretching, C–H fiber and CH2 functional groups, carbonyl group, C–O and C–C functional groups. As the temperature climbed, TGA measurements showed a drop in weight. The XRD test revealed peak levels of 6.611, 4.255, and 3.855 for sanidine, quartz, and calcite, respectively. After 28 days, the inclusion of bamboo fibers as an additive in concrete shows some promising outcomes in compressive strength, with samples containing 1% and 1.5% bamboo fiber cured at 80°C having a higher compressive strength value.",bamboo fiber; compressive strength; microwave curing; modulus of rupture; swelling; styrene butadiene rubber,DOAJ
c68fec257ab34328badd0b1f44e9b434,Comparative Analysis of Flexural Strength in Timber-Reinforced Concrete Beams Using African-Birch Timber and Steel Reinforcement, Abdulrazaq Alhassan Aliyu; Wilson  Uwemedimo Nyong ; Ibrahim  Rabiu,2025,Journal of Building Materials and Structures,DZ,10.34118/jbms.v12i2.4206,http://journals.lagh-univ.dz/index.php/jbms/article/view/4206,"
This study aimed to investigate the feasibility of African-Birch (AB) Timber-Reinforced Concrete (ABTRC) as an eco-friendly alternative to traditional steel-reinforced concrete. The objectives were to determine some material properties (e.g. specific gravity, moisture content, fineness modulus, sieve analysis etc.), develop mix designs, and evaluate the flexural strength of ABTRC beams. Four reinforcement configurations {Steel (hanger bar) + Steel (main bar), Steel (hanger bar) + AB (main bar), AB (hanger bar) + Steel (main bar), and AB (hanger bar) + AB (main bar)} were tested, with beams cured for 3, 7, 14, 21, and 28 days. Some physical properties were determined for African-Birch timber (specific gravity, moisture content and tensile strength), fine and coarse aggregates. A mix design was developed using the BS 196-3-2016 (1:2.39:3.24 and water-cement ratio of 0.6). The flexural strength was evaluated using a 3-point bending test on a Universal Testing Machine (UTM). The results/findings demonstrated a significant 127% increase in flexural strength for Steel (hanger bar) + Steel (main bar), while AB (hanger bar) + Steel (Main bar) improved by 19.32%. AB (hanger bar) + AB (main bar) exhibited the lowest strength values. While Steel-based and hybrid configurations showed minimal density changes, AB (hanger bar) + AB (main bar) experienced a 22.32% reduction. Additionally, ultimate loadingss increased by 19.4% for AB (hanger bar) + Steel (main bar) and 27.1% for Steel (hanger bar) + Steel (main bar), highlighting the potential of African-Birch timber for sustainable construction applications.
",African-Birch Timber-Reinforced Concrete (ABTRC); sustainability; flexural strength; hybrid reinforcement; eco-friendly construction,DOAJ
c9ed245e4c084bc6956a3b11fad2f514,"Forest cover change, driving forces and its implication for livelihoods in Bure district of Illubabor zone, southwest Ethiopia",Solomon Tadesse,2024,EQA,IT,10.6092/issn.2281-4485/19224,https://eqa.unibo.it/article/view/19224,"Developing sustainable forest management strategies requires careful understanding of changes in forest cover and its driving forces. Therefore, this study was conducted to detect the spatial extent and trends of forest cover change, identify driving forces, and its implication for livelihoods in the Bure district of Illubabor zone, southwest Ethiopia. Landsat images of 1986, 2000, and 2023 were used to detect the forest cover changes. Focus group discussions, survey questionnaire, key informant interviews and field observation were used to identify the drivers for forest cover change. Results identified four different land use and land cover classes, namely forestland, cultivated land, grassland and wetland.  The results of the change detection showed that there has been a notable spatiotemporal change in the forest cover in the study district from 1986 to 2023. The forest's initial extent was 52,800 ha in 1986; between 1986 and 2000, it reduced by 3,300 ha, between 2000 and 2023, it shrunk by 30,200 ha, and between 1986 and 2023, it minimized by 33,500 ha. There were several factors that contributed to the observed changes in forest cover, including the expansion of farmland, rapid population growth, demand for fuelwood and construction materials, charcoal making and timber production, and overgrazing. Reduced agricultural productivity, soil erosion, climate change, and biodiversity loss were all caused by changes in the forest cover.  Based on the study findings, it is recommended that afforestation and reforestation programs be put in place in order to increase forest cover in the study area.",change detection; drivers; remote sensing; vegetation cover,DOAJ
cb1cba8f60ac4d219ba292fdd2802881,"Deflection-Based Numerical Evaluation of Steel, Bamboo Fibre, and Carbon Fibre Polymer Reinforced Portal Frame",S.O  Odeyemi ; M.A  Olawale ; M.O  Adisa ; O.D  Atoyebi ; Z.T  Giwa ,2024,Journal of Building Materials and Structures,DZ,10.34118/jbms.v11i1.3952,http://journals.lagh-univ.dz/index.php/jbms/article/view/3952,"
Reinforced concrete, a flexible building material, enjoys worldwide acceptance. Yet, its environmental footprint, especially regarding steel production, is substantial. The extensive mining of iron ore contributes to global warming, prompting the quest for greener alternatives. Bamboo fibre and carbon fibre were employed in sustainable industrial and construction practices to fulfill tensile requirements in reinforced concrete, effectively managing lateral loads on structural elements. This study aims to compare numerically the deflection resistance of portal frames reinforced with steel, bamboo fibre, and carbon fibre polymers using Abaqus version 6.14. The replacement of steel with carbon fibre within the portal frame exhibited comparable effectiveness to that of utilizing steel, whereas the introduction of bamboo fibre was observed to yield relatively diminished efficacy. However, differences between the results for steel, bamboo fibre, and carbon fibre are minimal, and carbon fibre performs similarly to steel. The maximum lateral movement values are 2.43 mm for steel, 2.68 mm for bamboo fibre, and 2.39 mm for carbon fibre.
",Abaqus; bamboo fibre; carbon fibre; concrete; deflection; steel,DOAJ
cc443371498e4a09b7d02b7cb524115f,Acceptability and Use of Innovative Bamboo Products for the Construction of Residential Buildings in Nigeria,John Ameh; Aliu Soyingbe; Olukayode Oyediran,2019,International Journal of Technology,ID,10.14716/ijtech.v10i4.2574,http://ijtech.eng.ui.ac.id/article/view/2574,"The high cost and environmental
and health hazards attributed to conventional building materials, coupled with
the adverse effect of massive exploitation of forest resources for construction
purposes, have necessitated the search for alternative construction materials
that are eco-friendly, sustainable, economical and socially acceptable. This
study aims to explore the acceptability and use of innovative bamboo products
for residential building construction in Nigeria. One hundred and fifty-two
survey questionnaires were distributed to built environment professionals
within the Lagos region using the convenience sampling technique. The results
show a likely disposition to the use of innovative bamboo products for building
construction, except for roof beams and trusses, wall beams and columns, and
composite roofing sheets. Major barriers to the acceptability and use of bamboo
for construction include lack of knowledge about bamboo connections and
detailing; the absence of governmental policy on bamboo as an alternative
construction material; the absence of design standards for bamboo products; and
poor public perception of the use of bamboo in building construction.&nbsp; The value of this study is that it provides
an excellent platform for further research on the optimization of bamboo for
construction, which will boost economic activities, reduce capital flight for
the importation of machinery and the constituents of conventional building
materials, and enhance the country’s GDP.",Bamboo; Building materials; Eco-friendly; Nigeria; Sustainable material,DOAJ
cd0165a78746492ebc90c7f9d97af75f,Strength properties of bamboo and steel reinforced concrete containing manufactured sand and mineral admixtures,S. Karthik; P. Ram Mohan Rao; P.O. Awoyera,2017,Journal of King Saud University: Engineering Sciences,CH,10.1016/j.jksues.2016.12.003,http://www.sciencedirect.com/science/article/pii/S1018363916300484,"In a quest to ensure sustainability of the future generation, various research attempts are focusing on the use of alternative materials for construction. In this study, bamboo strips were used as reinforcement in a concrete that was made with supplementary cementitious materials and partial replacement of river sand with manufactured sand (m-sand). Cement was partially replaced by 25% of combination of admixtures such as fly ash and Ground Granulated Blast Furnace Slag (GGBS). In alignment with standard requirements, concrete samples such as cubes, cylinders and beams were produced and tested at stipulated periods. Micro scale analysis was performed on the bamboo using SEM and FTIR, and its tensile strength was also determined. The results of the micro scale and tensile strength tests revealed that bamboo is a strong and ductile material. The study showed that a combination of fly ash, GGBS and m-sand used as alternative materials in concrete improves the compressive and split tensile strengths. Under flexural loading, performance of bamboo reinforced concrete (BRC) made with alternative materials (fly ash, GGBS, and m-sand) was significantly low compared to BRC containing conventional materials. In addition, BRC made with conventional materials developed more flexural strength than the SRC, with a variation representing 6.5% strength gain.",Bamboo; Steel reinforcement; Flexural strength; GGBS; Fly ash; Strength properties,DOAJ
cd74f5df2bd64f9b9b1d567df23dd59e,"Physical, mechanical and durability properties of Bambusa vulgaris Schrad. ex J.C.Wendl.: implications for sustainable construction in Nigeria",Abraham Orianegbena Osezuah; Ifeyinwa Ijeoma Obianyo; Abdulganiyu Sanusi; Anthony Muoka; Assia Abuobakar Mahamat; Abubakar Dayyabu,2025,Advances in Bamboo Science,NL,10.1016/j.bamboo.2025.100195,http://www.sciencedirect.com/science/article/pii/S2773139125000746,"The incidence and severity of climate-related problems such as flooding, erosion and extreme heat are increasing across the globe. Such problems are in part attributed to the construction industry’s dependency on high CO2-emission materials such as concrete and steel. Although there is a range of alternative materials, such as bamboo, which are in abundant supply, have low carbon footprints and are great thermal insulators, their use is quite low in Nigeria. We investigated how bamboo, specifically Bambusa vulgaris, from Abuja, Nigeria, could help meet the demands of building construction while being resilient to climate change. Laboratory tests were done to establish the physical, mechanical and durability properties of bamboo to evaluate its performance under different environmental conditions. Average water absorption percentages for fresh and dry bamboo samples were determined to be 16.0 % and 19.1 %, respectively, with moisture content averaging at 28.0 % and 17.7 %, respectively. The dry specimens had the greatest tensile strength, with a value of 84.8 MPa. The average compressive strengths were 13.7 MPa and 16.6 MPa for fresh and dry bamboo samples, respectively. We provide quantitative information on the physical and mechanical properties of Bambusa vulgaris, demonstrating its structural performance and environmental impact as well as its sustainability and potential ability to counteract the negative effects of climate change. Our research will assist in the formulation of building regulations and standards in addition to encouraging the use of bamboo in eco–friendly construction uses.",Bamboo; Bambusa vulgaris species; Climate change; Mechanical properties; Durability; Sustainable construction,DOAJ
cd7815f0b68949af8f6490762a0fa03c,Species site matching of highland bamboo (Oldeania alpina) in Ethiopia,Berhane Kidane; Agena Anjulo; Yigardu Mulatu; Selim Reza; Abera Getahun; Solomon Mulat; Urgessa Teshome; Melkamu Abere,2023,Heliyon,GB,10.1016/j.heliyon.2023.e13593,http://www.sciencedirect.com/science/article/pii/S2405844023008009,"Highland bamboo (Oldeania alpina) is fast growing perennial plant that occurs as small holder plantation and naturally in the highlands of Ethiopia with a wide range of values and uses. This study assessed environmental conditions where the species grows, and related the sites-suitability information to other potential regions in Ethiopia. Field survey was conducted to Oldeania alpina growing areas in Ethiopia. Data were collected on dendrometric and environmental variables from field plots of 400 m2 of bamboo stands in three replications in each of the study districts in the regions. Consultations were also held with key informants, women, youth and elder focus group discussants on the common uses and production constraints of the species. The study identified wider uses of the species from being raw material for household utensils, furniture, fencing to building local houses in Ethiopia. Observations indicate that Oldeania alpina grows in the south, south-western, central and north-western highlands of Ethiopia at altitudes ranging from 2200 to 4000 m.a.s.l. It grows rapidly, where after planting from offset, starts to yield useable culm within three to four years. The species growing sites characteristics in the present study indicated that it’s well performing in the altitudinal range between 2387 and 2979 m.a.s.l. We recommend promoting highland bamboo in Ethiopia for better culm yield on sites with elevation from 2300 up to 3500 m.a.s.l with mean annual rainfall >1200 mm, temperature varying from min. 6 °C to max. 30 °C and slope from 0 to 60% to attain optimum growth across the country.",Highland bamboo; Site suitability; Culm growth; Potential areas; Species matching,DOAJ
cf112594852e46d08a972e41284dc8e7,Viability of community forests as social enterprises: A Cameroon case study,Divine Foundjem-Tita; Lalisa A. Duguma; Stijn Speelman; Serge M. Piabuo,2018,Ecology and Society,US,10.5751/ES-10651-230450,http://www.ecologyandsociety.org/vol23/iss4/art50/,"Since the concept of community forests was instituted in Cameroon in 1994, there has been an upsurge of such forest management arrangements in the country. However, up to now there is no conclusive evidence as to whether such schemes can operate as profitable ventures and at the same time meet their social and environmental objectives. The latter is the core objective of a social enterprise that constitutes the basis of our analysis. In fact, little attention has been paid to understanding the business side of community forests. In this regard, we review existing evidence about community forests making profits and simultaneously meeting their social and sustainable forest management goals. The analysis is based on a range of literature covering 20 years of community forestry experience in Cameroon and also from information gathered from nine case study community forests in Cameroon. Although not overwhelming, the existing literature shows that community forests can be run as profitable enterprises. However, profitability is conditional on the type of activities the enterprises engaged in, the capacity of the community forest entrepreneurs to run the business themselves rather than subcontracting, and on the capacity of the enterprises, especially timber related ones, to diversify into nontimber forest products (NTFPs) and agricultural activities. The available evidence suggests mixed results about the contribution of community forests to community development projects and livelihoods, and emphasizes that the legal form of the community forest, the kind of enterprise the community focuses on and the type of support received by the community forest are important drivers of viable community forest enterprises. The study further notes the absence of a sustainable funding model for community forest enterprises and recommends that government should officially classify them in the social enterprise sector. By so doing, community forests can benefit from special programs meant for the social enterprise sector including the provision of starting capital and capacity building on basic business principles.",Cameroon; community forest; livelihoods; social enterprises; viability,DOAJ
cf16757f0fe84c10bd80708532be51d0,Strength and microscale properties of bamboo fiber-reinforced concrete modified with natural rubber latex,Fadi Althoey; Paul Oluwaseun Awoyera; King Inyama; Mohammad Arsalan Khan; Mohammad Mursaleen; Haitham M. Hadidi; Hadee Mohammed Najm,2022,Frontiers in Materials,CH,10.3389/fmats.2022.1064885,https://www.frontiersin.org/articles/10.3389/fmats.2022.1064885/full,"Development of concrete using alternative materials has become very important in the quest to achieve sustainable development in the built environment. However, it is critical to continually modify concrete mixtures to correct deficiencies of fresh and long-term properties. In this study, natural rubber latex and bamboo fiber were added as constituent materials in concrete, and the effects of the constituents on concrete were explored. Bamboo fiber (BF) and natural rubber latex (NRL) were added in proportions of 0%, 1%, and 1.5%. The study determined the workability (slump) of fresh concrete mixes, strength, and water absorption properties of the hardened samples after curing them in water for 7, 14, and 28 days. The morphology of the concrete samples was explored using SEM-EDX equipment. The results showed that samples having 1% bamboo fiber content and 1% rubber latex had the highest compressive strength among all the presented samples. Furthermore, samples containing equal but lower percentages of both bamboo and NRL had the highest compressive strength comparable to that of the control. This research showed the feasibility of combining bamboo fiber and rubber latex for an alternative eco-friendly construction approach to enhance the performance of conventional concrete in terms of tensile strength and flexural strength properties.",natural rubber latex; bamboo fiber; microscale analysis; mechanical properties; concrete,DOAJ
d0174851bf484ce7ab9e4de90af70143,Development of sustainable interlocking concrete paving blocks using bamboo leaf ash and metakaolin,Ayobami Adebola Busari; Roland Tolulope Loto; Samuel Ajayi; Seun Daniel Oluwajana; Ajiboye Eletu,2024,Heliyon,GB,10.1016/j.heliyon.2024.e31845,http://www.sciencedirect.com/science/article/pii/S2405844024078769,"Eco-friendly interlocking concrete pavement block was developed using the admixture of bamboo leaf ash and metakaolin. This was done to develop an eco-friendly interlocking paving block for sustainable pavement construction. Bamboo leaf ash and metakaolin were added as a supplementary cementitious material. The supplementary cementitious material (bamboo leaf ash and metakaolin) were admixed and added at 0, 5, 10, 15, 20, 25 and 30 % replacement of cement. The workability of the fresh concrete (slump) at the varied percentage additions, and the mechanical properties of the concrete at 7, 14, 28, and 56 days of curing were assessed, including their microstructural characteristics. The outcome of the research showed that increasing the percentage of (bamboo leaf ash + metakaolin) reduces the workability of the concrete. With a 20 % addition of this cementitious material, the developed fresh concrete became unworkable. In addition, replacing up to 10 % of the concrete in the pavement with bamboo leaf ash and metakaolin increased the mechanical strength of the concrete by 28.7 %. At 30 % a percentage increase of 3.6 % was recorded. However, the strength at 5 % was still adequate for pavement construction with a 13.62 % increase in mechanical strength. The compressive strength at 5 % and 10 % addition of the supplementary cementitious material at maturity met the criteria for constructing a semi-rigid pavement, using IRC standards. The microstructural assessment showed that the number of pores in the mature concrete samples decreased at 10 % addition of bamboo leaf ash and metakaolin. The research data provides construction workers, researchers, and highway engineers with vital information regarding the viability of these sustainable materials for pavement improvement.",Bamboo leaf ash; Geo-polymer; Metakaolin; Pavement interlocking blocks; Waste,DOAJ
d102a57c08804e98806e3607b8c73c77,Formwork material selection and optimization by a comprehensive integrated subjective–objective criteria weighting MCDM model,Tamene Taye Worku,2025,Discover Materials,CH,10.1007/s43939-024-00162-x,https://doi.org/10.1007/s43939-024-00162-x,"Abstract Formwork systems account for a considerable cost of a structure because of its labor-intensive nature that needs selection and optimization through an efficient MCDM model. This research therefore suggests a comprehensive integrated subjective–objective criterion weighting MCDM model to overcome this issue. First, an LFN questioner was initially developed and condensed utilizing the Delphi and Interview techniques to achieve this aim. Second, the uncorrelated MCDM method and criteria weight selected using correlation analysis and critical literature review. Thirdly, the formwork system will be chosen using all comprehensive integrated subjective–objective criteria weighting MCDM techniques. Fourth, the formwork options in the Monte Carlo Simulation are ranked using a 95% performance score. Finally, the study will be validated and rationalized by a comparative and cost analysis. So, Aluminum is the most preferable formwork system, followed by steel, plastic and timber formwork. However, to increase construction industry’s benefit, aluminum shall combine with steel and plastic formwork. In summary, the study's findings and the comprehensive integrated subjective–objective criteria weighting MCDM model are, to some extent, meaningful, dynamic tools for determining the most significant multi-criteria decision dilemma in an unidentified situation.",Criteria selection; Subjective–objective criteria weighting; MCDM method selection; Comprehensive integrated MCDM model; Formwork material selection; Comparative analysis,DOAJ
d59116e70c0147ffad4fe75e73c7a29a,Assessment of the drying behaviour of young and mature Bambusa vulgaris from Ghana,Michael Awotwe-Mensah; Stephen Jobson Mitchual; Emmanuel Appiah-Kubi; Peter Kessels Dadzie; Prosper Mensah; Mark Bright Donkor,2023,Advances in Bamboo Science,NL,10.1016/j.bamboo.2023.100044,http://www.sciencedirect.com/science/article/pii/S2773139123000307,"This study assessed the drying behaviour of young and mature Bambusa vulgaris culms and evaluated their utilisation potential. Two and four-year old Bambusa vulgaris culms were harvested and prepared to the required length of 21 internodes. The first seven internodes were taken as the bottom, the second seven were taken as middle and the last seven internodes were taken as the top. The study used samples from the bottom and top. Physical properties, including basic density and moisture content, were determined in accordance with ISO 13061–2 (ISO 2014) and EN 13183–1 (EN 2002), respectively, while shrinkage properties (radial, tangential, longitudinal and volumetric) were determined following established procedures. For the bottom and top portions of the mature bamboo after 18 days of drying, radial shrinkage values were 3.31% and 5.01%, tangential values were 4.95% and 5.78%, and longitudinal values were 0.28% and 0.35%, respectively. For the bottom and top portion of two-year-old culms, the values were 15.0% and 18.6% for radial shrinkage, 20.5% and 25.8% for tangential shrinkage and 0.46% and 0.47% for longitudinal shrinkage, respectively. The tangential shrinkage values were higher than the radial and longitudinal shrinkage values. The moisture content of the bottom part of the mature bamboo culm after 3 and 18 days of drying were 31.4% and 12.2%, while the young culms had values of 53.5% and 27.8%, respectively. Mature bamboo culms had better drying behaviour than young culms. Consequently, mature bamboo culms are more suitable for use in engineered composite materials.",Bambusa vulgaris; Drying time; Young culms; Mature culms; Physical properties; Shrinkage,DOAJ
d5f14e9af6fa4d2f87edf38f8a8a70b5,Bi-product utilization of eco-friendly agro-stone panels: bamboo fiber as a cost-effective fiberglass substitute in low-cost housing,Bahiru Bewket Mitikie; Simachew Birile Chekele; Walied A Elsaigh,2025,Materials Research Express,GB,10.1088/2053-1591/add652,https://doi.org/10.1088/2053-1591/add652,"The agro-stone panel is a sustainable building material that is gaining popularity in the construction industry of developing countries where they are commonly used for partition walls in low-cost housing projects. This study investigates the partial replacement of fiberglass with bamboo fiber in agro-stone panels to enhance cost-effectiveness, sustainability, and reduce weight. The panels are made using pumice and bagasse as fillers, magnesium oxide (MgO) and magnesium chloride (MgCl _2 ) as binders, and fiberglass and bamboo fiber as reinforcement. Bamboo fiber is a natural fiber used as reinforcement and was extracted by the mechano-chemical method using basic procedures. Specimens were prepared with varying bamboo fiber contents of 0%, 4%, 8%, and 12%. Tests were conducted at 7 and 28 days to determine the physical and mechanical strength of the specimens. The bulk and dry density of the agrostone were conducted, and the results show the density decreases as the percentage of fiber increases for all composites. The density of bamboo fiber is smaller than that of fiberglass and indicates the light weightiness of the product. The bulk and oven-dry density of all specimens were analyzed, yielding values between 1–1.3 g cm ^−3 , which decrease with increasing percentage of bamboo fiber, indicating a lightweight nature. Moisture content, water absorption of the fiber, water absorption of the specimens, and specific gravity of the specimens had a result of 6.38%, 9%, 18%–20%, and 0.76, respectively. The compressive and flexural strength reached their maximum value at 8% of fiber content replacement and decreased beyond this percentage due to increased water absorption of the bamboo fiber. As a conclusion, bamboo fiber offers a cost-effective alternative to fiberglass in the production of eco-friendly agro-stone panels for low-cost housing.",Bi-product utilization; bamboo fiber; eco-friendly material; fiberglass; agro-stone panel,DOAJ
d6a7808c05b94aa9b839bc808da061d4,Impact of Mixture Ratio on Bio-Composite Material from Bamboo  and Recycled Polyethylene Terephthalate (PET),Abiodun Ayodeji Ojetoye; Olutosin Olufisayo Ilori; Shalom Chitom Iwedi; Kelechi Valentine Obiechefu; Precious Arinze Okezue; Kareem Feranmi,2024,ABUAD Journal of Engineering Research and Development,NG,10.53982/ajerd.2024.0702.49-j,https://www.journals.abuad.edu.ng/index.php/ajerd/article/view/832,"
The study investigated the impact of mixture ratio on various physico-chemical and mechanical properties of a bio-composite material made from bamboo and recycled polyethylene terephthalate (PET). The bamboo and recycled PET bottles were sourced from Adeleke University, Ede research farm and waste buckets in male hostels of the same university, respectively. The weight percentages (wt%) of bamboo and PET powder were adjusted as follow: 60 wt% bamboo and 40 wt% PET, 65 wt% bamboo and 35 wt% PET, 70 wt% bamboo and 30 wt% PET, 75 wt% bamboo and 25 wt% PET, and 80 wt% bamboo and 20 wt% PET, respectively. The findings indicate that as the mixture ratio of the constituents varied, the composite samples exhibited a decrease in density (from 915.45 – 819.24 kg/m3), flammability (from 25.84 – 19.93 s), hardness (from 88.55 – 55.57 BHN), compressive strength (from 14.78 – 9.10 N/mm3), and wear resistance (from 0.0096 – 0.0011 cm/cm3). In contrast, the composite exhibited an increase in oil and water absorption rates ranging from 0.0010% to 0.0810% and from 0.0112% to 0.12%, respectively, as the mixture ratio varied. Furthermore, the ratio of the mixture does not impact the acidity or alkalinity of the resulting composite material. Hence, the mixture ratio that yields optimal attributes result in excellent performance, tailored to the specific requirements of industries such as automotive and aeronautics. Finally, the diverse combination of bamboo and PET powders provides a practical approach to creating efficient, environmentally-friendly bio-composite materials suitable for various industrial applications.
",Bamboo; Recycled PET Bottles ; Density; Compressive Strength; Wear,DOAJ
dab3c173653147acbb640889b34bc3c9,How do socio-economic characteristics of communities influence resource use and forest cover in the Cryptosepalum forest of North-western Zambia,Mwale Chishaleshale; Paxie Wanangwa Chirwa; Jules Christian Zekeng; Stephen Syampungani,2024,Heliyon,GB,10.1016/j.heliyon.2024.e28658,http://www.sciencedirect.com/science/article/pii/S2405844024046899,"Forests are important ecosystems offering extensive material and immaterial benefits to people and the environment. If not well monitored and sustainably managed, forest resource use can lead to degradation, which has global environmental and socio-economic implications. There is currently limited information on the factors that lead to forest use in the Cryptosepalum forests of Zambia, and how these factors potentially influence forest integrity. This study aimed at establishing the socio-economic aspects that determine resource utilisation and forest loss in the Cryptosepalum forest of Manyinga and Zambezi Districts of North-western Zambia. Using a semi-structured questionnaire 207 randomly selected households were interviewed in 7 villages surrounding the Cryptosepalum forest (4 in Manyinga and 3 in Zambezi district). Additionally, three focus Group Discussions were conducted to triangulate interview data. Descriptive statistics, Pearson's Chi-square test of independence and binary logistic regression were used to analyse the data. The study established 14 forest products used by local communities in the study sites. Socio-economic factors, namely; gender, level of education, household size, wealth, and residence status significantly influenced use of 9 of the 14 forest products. Further, significant relationships (p < 0.5) were established between: (1) gender and use of construction poles, wood fibre, fruits, and honey production (2) level of education and utilisation of timber, tubers, caterpillars, mushrooms, and thatching grass; (3) household size and use of construction poles, wild vegetables, tubers, caterpillars, fruits and thatching grass; (4) wealth status and use of timber, construction poles, wild vegetables, wood fibre, and fruits; and (5) residence status and use of construction poles, tubers and thatching grass. Timber harvesting, agricultural expansion, and population increase were established as key drivers of forest cover loss in the Cryptosepalum forest. The study recommends that policies and strategies aimed at conserving this forest focus on strict law enforcement (monitoring and control) of timber harvesting activities; and provision of agricultural inputs and/or community sensitisation on conservation agriculture interventions to curb shifting cultivation practices. The study adds to the body of knowledge on the importance of forests to rural livelihoods in Sub-saharan Africa, and the influence of socio-economic factors on forest cover and resource use.",Cryptosepalum forest; Socioeconomic factors; Forest use; Forest cover change; Conservation,DOAJ
db616167c8424113a48eb2f9c9d30d2a,Addressing the challenges of electric pole design and material selection: A review of current practices and future directions,"Ajibola Ibrahim Quadri, Williams Kehinde Kupolati, Chris Ackerman, Chibueze Godwin Achi, Jacques Snyman, Julius Musyoka Ndambuki",2025,Sustainable Structures,HK,10.54113/j.sust.2025.000086,https://doi.org/10.54113/j.sust.2025.000086,"Electricity is vital for everyday human activities yet meeting the escalating demand for reliable energy presents significant challenges. The government has undertaken efforts to extend electricity access to remote areas; however, the transmission process from generating stations to end-users faces obstacles related to design, material selection, and protection. This overview evaluates the advantages and limitations of concrete, steel, and timber poles commonly used in power distribution networks. Various factors impact the performance of these materials, including steel corrosion, concrete reinforcement, prestress loss, insect infestations, adverse weather conditions, seismic events, and construction methods. Despite efforts to reinforce poles and extend their service life, the mechanisms underlying pole failure remain inadequately understood. Strengthening measures are frequently employed to mitigate deterioration, yet the fatigue effects on existing poles have not been thoroughly investigated, exacerbating their susceptibility to environmental stressors. Consequently, it is imperative to consider the specific environmental and geographical factors influencing pole performance during the design phase to ensure the reliability and longevity of electricity distribution systems.",electric poles; steel; concrete; timber; design and erection; failure mode,DOAJ
dbc5b88907234e459f0f880ebbbdc5d0,Discussions on rockburst and dynamic ground support in deep mines,Charlie C. Li; Peter Mikula; Brad Simser; Bruce Hebblewhite; William Joughin; Xiaowei Feng; Nuwen Xu,2019,Journal of Rock Mechanics and Geotechnical Engineering,NL,10.1016/j.jrmge.2019.06.001,http://www.sciencedirect.com/science/article/pii/S167477551930054X,"The paper is a summary of discussions on four topics in rockburst and dynamic ground support. Topic 1 is the mechanisms of rockburst. Rockburst events are classified into two categories in accordance with the triggering mechanisms, i.e. strain burst and fault-slip burst. Strain burst occurs on rock surfaces when the tangential stress exceeds the rock strength in hard and brittle rocks. Fault-slip burst is triggered by fault-slip induced seismicity. Topic 2 is prediction and forecasting of rockburst events. Prediction for a rockburst event must tell the location, timing and magnitude of the event. Forecasting could simply foresee the probability of some of the three parameters. It is extremely challenging to predict rockbursts and large seismic events with current knowledge and technologies, but forecasting is possible, for example the possible locations of strain burst in an underground opening. At present, the approach using seismic monitoring and numerical modelling is a promising forecasting method. Topic 3 is preconditioning methods. The current preconditioning methods are blasting, relief-hole drilling and hydrofracturing. Defusing fault-slip seismicity is difficult and challenging but has been achieved. In very deep locations (>3000 m), the fracturing could extend from the excavation face to a deep location ahead of the face and therefore preconditioning is usually not required. Topic 4 is dynamic ground support against rockburst. Dynamic ground support requires that the support system be strong enough to sustain the momentum of the ejecting rock on one hand and tough enough on the other hand to absorb the strain and seismic energies released from the rock mass. The current dynamic support systems in underground mining are composed of yielding tendons and flexible surface retaining elements like mesh/screen and straps. Yielding props and engineered timber props are also used for dynamic support. Keywords: Rockburst, Seismic event, Dynamic ground support, Forecasting, Preconditioning",,DOAJ
dbe5ada9fa714ce99c70559a532d5995,Reliability-Based Investigation on Compressive Strength Characteristics of Structural-Sized Iroko (Meliceae Excelsa) and Mahogany (Khaya Ivorensis) Timber Column Found in Nigeria,Abdullahi Jimoh; Rauf Rahmon; Sofiyyat Ajide,2018,Computational Engineering and Physical Modeling,IR,10.22115/cepm.2018.105453.1002,http://www.jcepm.com/article_54890_0cea11c86dfeea892fa925c54c308bb6.pdf,"This research work examined the reliability of the Nigerian grown Iroko and Mahogany timber species as column materials. The strength and physical properties of these timber species were determined to predict the suitability of the species as structural material. Forty lengths of timber species of 50mm x 50mm cross-section were purchased from timber market in Ilorin, Nigeria. The prevailing environmental conditions during the test were 31oC and 64% relative humidity. The properties tested included; air dry density, moisture content and compressive strength parallel to grain of forty test specimens each of lengths, 200, 400, 600 and 800mm done in accordance with the British Standard BS 373(1957). Mean air-dried moisture content for Iroko and Mahogany were 12.09 and 14.81% respectively. Mean density of Iroko and Mahogany were 500.8 and 830.1kg/m3 respectively. The derived continuous equations for design of Iroko column and Mahogany column are σ=〖37.552e〗^(-0.005λ) and σ=〖37.125e〗^(-0.007λ) respectively. The results of the reliability analysis show that Iroko and Mahogany timber species have reliability index of 0.64 and 0.65 for a service life of 50 years, assuming other serviceability conditions are met. This design procedure is distinct and more effective than the usual procedure of classifying compression members as short, intermediate and long using their slenderness ratios.",compressive strength; iroko; mahogany; regression analysis; reliability,DOAJ
dd29a82aaffe490982084ea151ba5a56,Viability of whole-culm bamboo construction in South Africa – a preliminary assessment,Sheila Ross; Mark Alexander,2022,South African Journal of Science,ZA,10.17159/sajs.2022/12468,https://sajs.co.za/article/view/12468,"
We describe literature-based research on the viability of whole-culm bamboo as a construction technology for South Africa. South Africa has one bamboo species considered suitable for construction, namely Bambusa balcooa, found in various parts of the country. Quantitative production figures are not currently available; however, local reports indicate that South Africa can expand its bamboo growth industry to meet any possible expected demand. Although the South African bamboo plant has not yet been evaluated in terms of its material properties, engineering design approaches and material properties from the literature indicate that this species is a viable construction material. The limitations for bamboo design and construction are not unique to South Africa but are common to countries involved in bamboo construction. Their experience in overcoming these limitations can be transferred to the use of bamboo in South Africa, making bamboo construction a potentially viable construction technology in South Africa.


Significance:


• Whole-culm bamboo can be used as a structural material in buildings and other specialised structures such as bridges, assembly halls, and the like.

• South Africa has a bamboo species that should potentially be suitable for the construction of structures that lend themselves to this type of construction.

• The information given here should allow designers, engineers and technologists to assess the viability of bamboo construction in South African situations.

",bamboo construction; materials technology; sustainability,DOAJ
e089d8ceaccf4f7b93d8b0f641134402,Evaluation of Mechanical Properties of Polymer-Composite Reinforced with Nigerian Long Bamboo Fibres,F. A. Ovat,2019,"Arid Zone Journal of Engineering, Technology and Environment",NG,,http://azojete.com.ng/index.php/azojete/article/view/499,"Bamboo reinforced epoxy have adequate properties to attract its use as structural material in engineering applications. Research materials on bamboo-plastics composites are not common. This work is an experimental study of bamboo-epoxy composite on which mechanical properties were evaluated. The long bamboo fibres were extracted from Bambusa vulgaris. The production of the composite was carried out using Bisphenol-A-di glycidyl ether (BADGE) as the matrix and the long bamboo fibre as reinforcement. Tests were carried out to determine the mechanical properties such as flexural strengths and hardness. The flexural strength of the reinforced composite (145.71N/mm2) is three times stronger than the non-reinforced composite. The hardness value was not significantly affected. The study indicated that the mechanical properties of bamboo-epoxy were comparable to ordinary fibre- glass reinforced plastics. Therefore, the material developed can be used in structural applications with a strong dependence on its mechanical properties.",,DOAJ
e237f9cadf44403b96170583d7298e34,Physical and Fuel Properties of Bambusa vulgaris of Different Age Groups and Their Effect on Producing Biofuel,Kwaku Antwi; George Adu; Sylvia Adu; Joseph Appiah-Yeboah,2022,South-East European Forestry,HR,10.15177/seefor.22-05,https://hrcak.srce.hr/file/407656,"Bamboo can be used to produce solid, gaseous, and liquid fuels, as well as to generate heat and biofuels for transport and electricity. The main objective of this study was to investigate the physical and fuel properties of Bambusa vulgaris in three ecological zones for their utilization potential for the production of biofuels. Thirty-six samples of Bambusa vulgaris culms from 3 ecological zones in Ghana were milled to powder to assess the physical and fuel properties. The physical properties; moisture content, high heating values, bulk density, density, and ash content were investigated. The fuel properties were based on ultimate analysis, carbon, hydrogen nitrogen, and oxygen. The mean moisture content (MC) for the green bamboo ranged from 68.8% (dead culm) to 148% (mature culm) and 168% (juvenile culm). The MC for dried samples ranged from 9.09 to 13.06%. The results showed that the % MC of the samples increased with decreasing values of high heating and ash content. The mean density of the matured bamboo culms varied from 616.84 to 641.68 kg·m–3 and dead bamboo culms from 609.01 to 632.72 kg·m–3. Marginal reduction in density was observed in dead bamboo culms across the three ecological zones as compared to the mature bamboo culms. This implies that when B. vulgaris overgrows, its density decreases. High heating values ranged from 16.12 to 18.14 MJ·kg–1. Bulk density determines the transportation and storage of biomass; it ranged from 0.12 to 0.52 g·m–3. The ash contents were within the threshold (≥3%) of European standard. The mean values for the ultimate analysis of carbon (48.46 to 53.31%), hydrogen (5.60 to 6.56%), nitrogen (0.58 to 0.61%), and oxygen (39.73 to 41.35) were higher. Fuel properties of Bambusa vulgaris are comparable to some wood types, lower to denser wood types, but higher than most of the herbaceous energy crops and agricultural residues. This means that Bambusa vulgaris may be a good feedstock for the production of bioenergy in terms of heat, charcoal, biogas, bio-power, and transportation fuel.",Bamboo; biomass; biofuel; high heating value,DOAJ
e2af9d526efa466fb28cc5f16313a071,The use and value of wild harvested provisioning ecosystem services along a landscape heterogeneity gradient in rural South Africa,S. Herd-Hoare; C. M. Shackleton,2022,Ecosystems and People,GB,10.1080/26395916.2022.2140711,https://www.tandfonline.com/doi/10.1080/26395916.2022.2140711,"Provisioning ecosystem services (PES) are typically crucial to rural livelihoods, especially in developing countries. However, the links between PES and local biodiversity or landscape heterogeneity are poorly explored. Here, we examined the extent of use and value of locally harvested wild, terrestrial and marine PES (such as wild foods, traditional medicines, firewood, building materials and others) in three villages (35–40 households per village) along a gradient of decreasing landscape heterogeneity. Households at the site with the highest landscape heterogeneity used a greater array of PES (9 ± 4) compared to the intermediate (5 ± 3) and least heterogenous (0.9 ± 0.8) sites. This resulted in a significantly greater annual value of PES to local livelihoods at the most diverse site (US$2 656 ± 2 587 per household), compared to US$1 120 ± 1 313 at the intermediate site and only US$105 ± 193 at the least heterogeneous site. This study shows the importance of access to a diversity of landscapes and PES to support rural livelihoods, which is frequently overlooked in PES valuation studies and in situations of land use change where landscape heterogeneity may decline.",Patrick O’Farrell; Fuelwood; habitat diversity; marine resources; non-timber forest products; value,DOAJ
e495fd9675cf4a738b04ac0754dcc702,Reinforcing characteristics of bamboo leaf particulates and high-temperature material on mechanical and wear performances of aluminum-based biocomposites,Innocent Eteli Digitemie; Chinonso Hubert Achebe; Jeremiah Lekwuwa Chukwuneke; Chukwudi Unegbu; Orobosa Kingsley Osazuwa; John Chikaelo Okeke; Calistus Princewill Odeh,2025,Results in Materials,NL,10.1016/j.rinma.2025.100795,http://www.sciencedirect.com/science/article/pii/S2590048X25001402,"This study explored the innovative integration of bamboo leaf particulates (BLP) and a high-temperature-resistant ceramic material (ZrO2) into aluminum-based biocomposites, aiming to enhance their mechanical strength and wear resistance for advanced engineering applications. BLP was alkali-treatment to improve their surface morphology, distribution, and interaction with the aluminum-based alloy, and then characterized. Through stir casting, various weight fractions of bamboo leaf ash (BLA) and high-temperature-resistant metallic (zirconia) reinforcements were incorporated into an aluminum matrix to determine their effect on tensile strength, hardness, impact, and tribological behaviour under dry sliding conditions. The results reveal a significant change in BLP functional groups and molecular structure following treatment. Thermogravimetric analysis (TGA) indicates that temperature affects degradation rates, with the maximum thermal degradation at 358 °C. The density and porosity results revealed changes in structure and compaction following treatment and reinforcement, with hybrid reinforced aluminum-based composite achieving the highest density of 2.76 g/cm3 due to increased wettability and a porous-free structure. The results show a significant improvement in mechanical performance and wear resistance, with maximum tensile strength, hardness, impact and wear resistance of 210.26 MPa, 90.8 BHN, 45.3 J, and 4.072x10−4 mm3/mm, respectively, attributed to the uniform distribution of reinforcements and interfacial bonding between the matrix and hybrid particulates, with a quality index (QI) range of 348.1–384.913. The innovative use of BLP not only contributes to material sustainability but also provides a cost-effective route to tailor composite properties. This study indicates the viability of eco-friendly hybrid composites in the automotive and aerospace industries, where lightweight, high-performance materials are required.",Biocomposite; Bamboo leaf; Zirconia; Mechanical properties; Aluminum alloy; Characterization,DOAJ
e909738a3cfc4bc3a16bcd2ce99ecd37,Engineering properties of acrylic emulsion polymer modified bamboo reinforced cement bonded composites,Banjo A. Akinyemi; Temidayo E. Omoniyi,2017,Engineering Structures and Technologies,LT,10.3846/2029882X.2017.1371085,https://journals.vgtu.lt/index.php/EST/article/view/596,"In this study, bamboo fibres from Bambusa Vulgaris species were used as reinforcement materials for acrylic emulsion polymer modified concrete to determine their engineering properties and elemental compositions. Moisture absorption, density and percentage voids were investigated as well as the compressive strength, flexural strength and split tensile strength at 28, 45 and 60 days of air curing. Acrylic polymers reduced moisture intake, increased the densities and led to another increase in percentage of voids but composite samples with bamboo fibre inclusions at 1.5% and 10% polymers with 1.5% fibre an 15% polymers showed better physical properties than those with polymers only. Compressive and split tensile strength tests had similar results of optimum strength at 45 days while flexural strength test had optimum value at 60 days of air curing. This showed that the properties of unreinforced concrete could be improved through addition of fibres and polymers for use in structural applications.",polymer; bamboo; fibres; composites; properties; acrylic,DOAJ
e966bbc93030429cae25f507a7e9a5ac,"Understanding the role of push and pull factors on agricultural land expansion: A case study of Adaba and Adiyo district, Ethiopia",Meseret Dawit Teweldebrihan; Tagel Gebehiwot; Hailemariam Teklewold; Megersa Olumana Dinka; Wuletawu Abera; Lulseged Tamene,2023,Environmental Challenges,NL,10.1016/j.envc.2023.100714,http://www.sciencedirect.com/science/article/pii/S2667010023000367,"Understanding the human-forest relationship is key to sustainable development and forest management. The increase of agricultural land expansion mainly focuses on satisfying the competing interest amongst stakeholders and rural households, which neglects the impact of forest losses. The study looked at rural households' farmland expansion dynamics in Adaba (Oromia Region) and Adiyo, located in the Southern Nations, Nationalities, and People's Region (SNNR) of Ethiopia. Thus, the study identified the role of push and pull factors in rural households’ agricultural land expansion using primary and secondary data. We found that the livelihood of the rural households significantly impacts farming land expansion at the expense of forest resources (deforestation). In addition, we noticed that the increase in household size and living expenses, followed by the need for income diversification, are amongst the major drivers directly causing farmland expansion. In contrast, economic pressure was generally found to be the key push factor for most rural households to expand their farming land. Hence, some farmers were “pulled” by the current economic return and market attraction of timber due to the booming market demand, which was seen as one of the reasons for forest loss. These findings also reported the negative impacts of agricultural expansion on biodiversity and the environment, which need alternative agricultural development pathways.",Agricultural expansion; Pull; Push; Forest management; Policy and sustainable development,DOAJ
ea3bb7fdcaef49d3a863bd7869c0a598,The potential of South African timber products to reduce the environmental impact of buildings,Philip L. Crafford; Melanie Blumentritt; C. Brand Wessels,2017,South African Journal of Science,ZA,10.17159/sajs.2017/20160354,https://www.sajs.co.za/article/view/4121,"South Africa was the first country in Africa to implement a locally developed green building rating tool and has a growing number of rated green building projects. The method of life-cycle assessment can help to compare and assess the environmental performance of building products. At present, more than 70% of all sawn timber in South Africa is used in buildings, mainly in roof structures. Light gauge steel trusses have recently also been gaining market share. However, to date, no studies have been conducted that quantify and compare the environmental impacts of the different roof truss systems in South Africa. We thus compared several roof truss systems (South African pine, Biligom and light gauge steel) found in low- and medium-income house designs in South Africa using a simplified life-cycle assessment approach. Our results show that the two timber systems had overall the lowest environmental impact. Although the difference between the timber systems was small, light gauge steel had a 40% higher normalised impact over all assessed environmental impact categories. The benefit of biogenic carbon dioxide present in timber proved to play a significant positive role in the global warming potential impact and could even be further reduced if wood were used to generate energy at its end-of-life. This study demonstrates the potential advantage of using local timber products to reduce the environmental impact of the truss and building industry in South Africa.





Significance: 



• Timber truss systems showed overall lower environmental impact than light gauge steel trusses, with implications for green building.",life-cycle assessment; pine; steel; novel truss materials; green building,DOAJ
ed0a7498e7fa4ea2b8393749bc227129,"Physical and mechanical properties of highland bamboo (Oldeania alpina (K.Schum.) Stapleton) landraces and culm sections growing at Banja District, Northwest Ethiopia",Zemenu Bantie; Abera Getahun Tegegne; Yohannis Gebremariam,2025,Advances in Bamboo Science,NL,10.1016/j.bamboo.2025.100172,http://www.sciencedirect.com/science/article/pii/S2773139125000515,"Bamboo is the most versatile plant on the earth and is an important alternative construction material. Ethiopia has two native bamboo species (Oxytenanthera abyssinica and Oldeania alpina). O. alpina is the most important and widely distributed species. The landraces of this species are characterised by differing morphological and mechanical characteristics. Three O. alpina landraces in Banja district, Ethiopia, were used to investigate the effects of landraces and culm sections on the physical and mechanical properties of the culms. Nine culms from each of the three landraces were harvested to examine their physical and mechanical properties. Harvested culms were divided into three sections along the culm length, i.e., bottom, middle and top. Data were analysed with factorial two-way ANOVA and correlation tests. We conducted Tukey's honestly significant difference (HSD) test for parameters that were significant. We found an interaction effect of landraces and culm sections on moisture content and oven dry density. Culm density was highest in the top section the red landrace, followed by the top section of the black landrace, the middle section of the red landrace, the top section of the striped landrace, the middle section of the striped landrace, the bottom section of the striped landrace, the bottom section of the red landrace, the middle section of the black landrace and finally the bottom section of the black landrace. There was a significant difference in tangential and radial shrinkage between landraces and culm sections. There was also a significant interaction effect of compression strength between landraces and culm sections. The top section of the red landrace, the top section of the black landrace and the middle section of the red landrace had the highest to lowest compression strength, respectively. The effect of landrace and culm section on modulus of elasticity and modulus of rupture were significantly different. The strength of the bamboo culms was strongly correlated with their moisture contents. Moisture content was negatively correlated with compression energy, modulus of rupture and modulus of elasticity. We recommend that producers develop bamboo-based products based on their physical and mechanical properties to meet product standards.",Bamboo; Landraces; Culm section; Mechanical property; Physical property,DOAJ
f38d0b57a5af4a97a3ec71b66035aa7e,Design Formula at Ultimate Stresses for Ekki (Lophira Alata) Timber Beam,Jimoh Abdullahi Alao,2019,Computational Engineering and Physical Modeling,IR,10.22115/cepm.2019.159164.1053,http://www.jcepm.com/article_96018_d684917d910874805e0a3081b30f3c53.pdf,"The global pursuance of design method for economic utilization of building material is the basis of this study. The ultimate stress design method proposed in this study is in line with this pursuit as it encourages full utilization of material section and thus brings in economy in material application. This is the focus of this study on appropriate design procedure for Ekki (Lophira alata ) timber beam. This new method can replace the conventional design which is based only on modulus of rupture that has been reported not a rational method because it relies only on the extreme thin fibre tensile strength of the beam in flexure, whereas, for such a beam, it is subjected to both tension stress (below the neutral axis ) and compression stress (above the neutral axis). Based on this fact, the method generated two stress expressions, one for axial tension and the other for axial compression, represented by their typical stress-strain equations for loaded Ekki specimens. To develop the beam design equations, the axial typical stress-strain equations were converted to bending expressions of the stress-neutral axis depth relationships for the Ekki beam section. These relationships were further simplified and tested to give theoretical results that compare well with the experimental values.",typical stress-strain equation; moment of resistance; ultimate tensile stress; ultimate compressive stress; design equation,DOAJ
f43d36db40f642388990bced2381c598,Using Annual Landsat Time Series for the Detection of Dry Forest Degradation Processes in South-Central Angola,Anne Schneibel; David Frantz; Achim Röder; Marion Stellmes; Kim Fischer; Joachim Hill,2017,Remote Sensing,CH,10.3390/rs9090905,https://www.mdpi.com/2072-4292/9/9/905,"Dry tropical forests undergo massive conversion and degradation processes. This also holds true for the extensive Miombo forests that cover large parts of Southern Africa. While the largest proportional area can be found in Angola, the country still struggles with food shortages, insufficient medical and educational supplies, as well as the ongoing reconstruction of infrastructure after 27 years of civil war. Especially in rural areas, the local population is therefore still heavily dependent on the consumption of natural resources, as well as subsistence agriculture. This leads, on one hand, to large areas of Miombo forests being converted for cultivation purposes, but on the other hand, to degradation processes due to the selective use of forest resources. While forest conversion in south-central rural Angola has already been quantitatively described, information about forest degradation is not yet available. This is due to the history of conflicts and the therewith connected research difficulties, as well as the remote location of this area. We apply an annual time series approach using Landsat data in south-central Angola not only to assess the current degradation status of the Miombo forests, but also to derive past developments reaching back to times of armed conflicts. We use the Disturbance Index based on tasseled cap transformation to exclude external influences like inter-annual variation of rainfall. Based on this time series, linear regression is calculated for forest areas unaffected by conversion, but also for the pre-conversion period of those areas that were used for cultivation purposes during the observation time. Metrics derived from linear regression are used to classify the study area according to their dominant modification processes. We compare our results to MODIS latent integral trends and to further products to derive information on underlying drivers. Around 13% of the Miombo forests are affected by degradation processes, especially along streets, in villages, and close to existing agriculture. However, areas in presumably remote and dense forest areas are also affected to a significant extent. A comparison with MODIS derived fire ignition data shows that they are most likely affected by recurring fires and less by selective timber extraction. We confirm that areas that are used for agriculture are more heavily disturbed by selective use beforehand than those that remain unaffected by conversion. The results can be substantiated by the MODIS latent integral trends and we also show that due to extent and location, the assessment of forest conversion is most likely not sufficient to provide good estimates for the loss of natural resources.",Landsat; time series analysis; Disturbance Index; dry tropical forest; Angola,DOAJ
f61b83b08d52492bbf3191895a664ba7,Durability Performance of Polymer Composite Reinforced with Ceiba pentandra Wood Particles, Aina Kehinde Sesan; Olaniran Samuel Oluyinka ; Falemara Babajide Charles ; Bolarinwa Olayiwola Yetunde ; Owolabi Temitope Olayemi ; Olufemi Babatola ,2025,Journal of Building Materials and Structures,DZ,10.34118/jbms.v12i1.4145,http://journals.lagh-univ.dz/index.php/jbms/article/view/4145,"
The study investigated the effects of Coptotermes curvignathus termites on the durability and strength properties of wood plastic composites produced from recycled polythene bags and Ceiba pentandra wood particles. The wood particles were proportionately mixed with the polyethylene powder at ratios 40/60, 50/50 and 60/40 (w /w dry basis). The composites were produced using the single screw extruder and compounding method. Some of these composites were exposed to termite attack (Coptotermes curvignathus) attack at a timber graveyard. The composite samples, both unexposed and exposed to termite infestation, were subjected to durability and strength assessment tests. The results revealed composite board densities ranging from 781.0 kg/m3 to 810.6 kg/m3. Strength values ranged from 1087.8 N/mm² to 4320.0 N/mm² for flexural modulus, 43.7 N/mm² to 59.1 N/mm² for flexural strength, and 18.4 N/mm² to 32.6 N/mm² for compressive strength. The wood polyethylene composite made at 50/50 ratio had the lowest values for all properties tested both before and after termite exposure. The wood/polyethylene ratio significantly influence the weight, density, flexural modulus and compressive strength of the composites after termite exposure under a tropical climate. This study concluded that wood polyethylene composite (WPC) reinforced with Ceiba pentandra particles are highly durable. Specifically, WPC produced at a 40/60 wood/plastic ratio is recommended for structural applications in termite-prone areas, as it met the certified standard values of < 3.52 from SNI 01-7207-2006 and ASTM D3345 for graveyard tests.
",Dimensional stability; Environmental Sustainability; Polymer; Recycling; Strength & testing of materials,DOAJ
f6cde4cef9d24d36b508bca00501d15c,Properties of Latex Polymer Modified Mortars Reinforced with Waste Bamboo Fibers from Construction Waste,Banjo Akinyemi; Temidayo Omoniyi,2018,Buildings,CH,10.3390/buildings8110149,https://www.mdpi.com/2075-5309/8/11/149,"This study evaluated the properties of latex modified cement mortars from ordinary paints which were reinforced with treated bamboo fibers from construction waste. Fiber variations of 0, 0.5, 1 and 1.5% at 10% of the weight of cement were utilized. Mechanical properties were determined according to standards; similarly, scanning electron microscopy (SEM) and energy dispersive spectroscopy (EDS) were used to analyze the microstructural and elemental properties of the samples. The experimental results revealed that the addition of 1.5% bamboo fibers and 10% latex solution produced excellent mechanical properties. This was as a result of improved fiber adhesion to the matrix through pre-treatment, coupled with the contributed high strength from the latex paint modified mortars. The micrograph showed that latex precipitated in the voids and on the surface of the bamboo fibers as well as gels of calcium silicate hydrates which contributed to the observed improvement in strength of the tested samples.",bamboo; fibers; waste; cement; construction; composites,DOAJ
f840a01e4c1b43f18f20afdb0a34806e,"Participatory scenario development process in addressing potential impacts of anthropogenic activities on the ecosystem services of Mt. Marsabit forest, Kenya",Godwin Leslie Muhati; Daniel Olago; Lydia Olaka,2018,Global Ecology and Conservation,NL,10.1016/j.gecco.2018.e00402,http://www.sciencedirect.com/science/article/pii/S2351989418300581,"The Marsabit Forest Reserve (MFR), a green island in an arid environmental setting, generates multiple ecosystem goods and services (ES) to the local community critical for their livelihoods. The forest has been experiencing substantial land conversion for town expansion, agriculture production and settlements threatening long-term ES provision. Sustaining the forest ES under increasing anthropogenic pressures is one of the great challenges of the Marsabit forest community. We used focus group discussions in the thirteen locations around the forest and individual key informant's interviews in the identification of drivers of change and their potential impacts on ES in MFR. We used the scenario development process (SDP) in coming up with four divergent but plausible exploratory scenarios. The study established that the main ES provided by the forest was, water, fuelwood, forage (dry season grazing resource), medicinal plants and timber for construction. Stakeholders identified population pressure, unsustainable utilisation of forest resources, institutional barriers to effective resource management, land use and climate change as the main drivers impacting ES provision in the forest. Land use change and climate change were considered the most significant drivers yet the most uncertain in the future impacting ES provision in the MFR. The SDP identified four alternative future scenarios for the MFR by the year 2044 with the Marsabit we want scenario identified as the most desirable future for the sustainable supply of ES with adequate adaptation to observed changes. Stakeholders came up with a joint action plan implementation matrix for the identified scenario while mitigating the negative aspects of the alternative scenarios. The results support the need for participatory land use planning that takes into to account the growing threat of climate change to natural forest systems. Keywords: Land use change, Climate change, Ecosystem services, Marsabit forest, Participatory planning",open climate campaign,DOAJ
fb2fd2d7b1e54e97813d61783fb88b5b,Bamboo for the Future: From Traditional Use to Industry 5.0 Applications,Zishan Ahmad; Ritu Kumari; Bilal Mir; Taiba Saeed; Fatima Firdaus; Venkatesan Vijayakanth; Krishnamurthi Keerthana; Muthusamy Ramakrishnan; Qiang Wei,2025,Plants,CH,10.3390/plants14193019,https://www.mdpi.com/2223-7747/14/19/3019,"Bamboo (subfamily Bambusoideae, Poaceae) ranks among the fastest-growing plants on Earth, achieving up to 1 m day<sup>−1</sup>, significantly faster than other fast growing woody plant such as <i>Eucalyptus</i> (up to 0.6 m day<sup>−1</sup>) and <i>Populus</i> (up to 0.5 m day<sup>−1</sup>). Native to Asia, South America and Africa, and cultivated on approximately 37 million ha worldwide, bamboo delivers multifaceted environmental, social, and economic benefits. Historically central to construction, handicrafts, paper and cuisine, bamboo has evolved into a high-value cash crop and green innovation platform. Its rapid renewability allows multiple harvests of young shoots in fast-growing species such as <i>Phyllostachys edulis</i> and <i>Dendrocalamus asper</i>. Its high tensile strength, flexibility, and ecological adaptability make it suitable for applications in bioenergy (bioethanol, biogas, biochar), advanced materials (engineered composites, textiles, activated carbon), and biotechnology (fermentable sugars, prebiotics, biochemicals). Bamboo shoots and leaves provide essential nutrients, antioxidants and bioactive compounds with documented health and pharmaceutical potential. With a global market value exceeding USD 41 billion, bamboo demand continues to grow in response to the call for sustainable materials. Ecologically, bamboo sequesters up to 259 t C ha<sup>−1</sup>, stabilizes soil, enhances agroforestry systems and enables phytoremediation of degraded lands. Nonetheless, challenges persist, including species- and age-dependent mechanical variability; vulnerability to decay and pests; flammability; lack of standardized harvesting and engineering codes; and environmental impacts of certain processing methods. This review traces bamboo’s trajectory from a traditional resource to a strategic bioresource aligned with Industry 5.0, underscores its role in low-emission, circular bioeconomies and identifies pathways for optimized cultivation, green processing technologies and integration into carbon-credit frameworks. By addressing these challenges through innovation and policy support, bamboo can underpin resilient, human-centric economies and drive sustainable development.",bamboo; cash crop; sustainability; green economy; bioeconomy; Industry 5.0,DOAJ
fc62dc4e862b4344bd6ea4f709270bde,Analysis of frankincense value chain in Northwest Ethiopia: Variance-weighted least-squares regression approach,Dubale Abate; Habtamu Mossie; Amisalu Nigatu; Adugnaw Anteneh; Getachew Mulat,2025,"Trees, Forests and People",NL,10.1016/j.tfp.2025.101067,http://www.sciencedirect.com/science/article/pii/S2666719325002936,"Frankincense is the first and foremost important non-timber product for income generation in the country. However, there is a gap in the current value chain and the frankincense value chain is underdeveloped. This study was therefore designed to analyze the frankincense value chain in the Western Amhara Region of Ethiopia. The data were collected from 288 randomly selected sample respondents using interviews, focus group discussion, and observation (as a method) and a semi-structured questionnaire (as a tool). Both descriptive and econometric analyses (Variance-Weighted Least squares regression (VWLS)) were used to analyze the data. The marketing margins of the frankincense producers, collectors, wholesalers, and retailers were 20.74 %, 37.18 %, 17.54 % and 24.54 %, respectively. The profit shares of the frankincense producers, collectors, wholesalers, and retailers were 9.12 %, 24.56 %, 27.21 %, and 39.11 %, respectively. The value chain governance system was ineffective for frankincense producers due to a lack of market information (price and consumers' demand preferences) (79.68 %) and a weak organizational structure (99.33 %) among the frankincense producers. The frankincense producers mainly (50.82 %) used the functional upgrading. Lack of tapping experience or poor knowledge on the production of frankincense, poor infrastructure and market access, lack of processing industries, poor handling and storing practices, lack of value-added activities, lack of continues follow-ups and support of cooperatives, deforestation (for agricultural expansion, fuel and construction) were the main constraints of the frankincense value chain. The VWLS regression results revealed that the frankincense market's experiences, selling price, access to market information, sex, cooperative membership, livestock and crop production involvement were significant factors affecting the amount of frankincense supplied to the market. Therefore, designing policies towards improving production practices, markets access, and increasing consumer awareness should improve frankincense value chain.",Value chain governance; Value chain upgrading; Variance weighted least square; Amhara; Ethiopia,DOAJ
ff4069d7963f4e45b1cc1009df298163,Experimental Investigation on Effect of Partial Replacement of Cement with Bamboo Leaf Ash on Concrete Property,Gashaw Abebaw; Bahiru Bewket; Shumet Getahun,2021,Advances in Civil Engineering,GB,10.1155/2021/6468444,http://dx.doi.org/10.1155/2021/6468444,"Ethiopia’s construction industry is aggressively expanding than ever before. Cement is the most essential and expensive material in this regard. Cement takes 10%–15% by volume of concrete. Nowadays, the construction industry is challenged by the scarcity of cement and price escalation of the cement market. However, scholars try to replace cement with pozzolanic material. Besides this, they investigated that bamboo leaf ash possesses pozzolanic properties. Ethiopia has about 850,000 hectares of lowland bamboo, so it is good to utilize bamboo leaf ash as a replacement material for cement. In this study, the capability of lowland Ethiopian bamboo leaf ash as a partial substitute for cement in C-25 concrete production with 0%, 5%, 10%, 15%, and 20% replacement of OPC by BLA with 0.49 percent water-to-cement ratio was investigated. This study examines the chemical properties of BLA, physical properties of cement paste, workability, compressive strength, water absorption, density, and sulfate attack of concrete. The chemical composition of bamboo leaf ash was examined, the summation of SiO2, AlO3, and FeO3 is 76.35%, and the ash was classified class N pozzolan. The normal consistency percentage of water increases as the BLA replacement amount increases, and both initial and final setting time ranges increase as the BLA replacement amount increases. The compressive strength of concrete for 5% and 10% BLA achieves the target mean strength (33.5 MPa) on the 28th day, and on the 56th day, 5% and 10% replacements increase the concrete strength by 1.84% and 0.12%, respectively. The water absorption and sulfate attack have significant improvement of the BLA-blended concrete on 5% and 10% BLA content. According to the findings, bamboo leaf ash potentially substitutes cement up to 10%. The outcome of the study will balance the cement price escalation and increase housing affordability without compromise in quality.",,DOAJ
007eee0e69d94e14980d783b8a2074fa,Effects of Concrete Grades on Strength Characteristics of Metakaolin Modified Recycled Aggregate Concrete,A. U. Adebanjo; B. I. O. Dahunsi; J. O. Labiran,2021,Nigerian Journal of Technological Development,NG,,https://journal.njtd.com.ng/index.php/njtd/article/view/718,"In this study, locally produced Metakaolin (MK) was used as an admixture in recycled aggregate concrete of grades M 25 and M 30. The content of MK varied from 0-15% at 5% intervals. The physical and mechanical properties (bulk density, specific gravity, water absorption, aggregate crushing value and aggregate impact value) of aggregates were determined, the chemical composition as well as reactivity of MK was evaluated using X-Ray Fluorescence (XRF) technique and modified Chappelle test. The workability (slump) and strength (compressive and split tensile) properties of fresh and hardened RAC were examined relative to that of conventional concrete. The results of the experiments revealed that the specific gravity (SG), water absorption and aggregate impact value of recycled aggregates (RA) were 2.23, 5.35% and 32%, respectively. The MK used had an optimum reactivity of 2060.8 mg of Ca(OH)2 fixed at a temperature of 660 oC. The slump values for M 25 and M 30 control specimens were 72 mm and 65 mm, respectively while the slump values of MK modified RAC decreased from 67-45 mm for M 25 and 55-35 mm for M 30 as MK increased from 0-15%. The 56th-day compressive strength of the control samples was 21.73 N/mm2 for M 25 and 26.8 N/mm2 for M 30, respectively, while RAC samples ranged from 14.96 - 17.04 N/mm2 for M 25 and 20.55 - 22.67 N/mm2 for M 30 whereas the split tensile strength for the control samples was 2.71 N/mm2 and 3.06 N/mm2 for the two grades in that sequence, while those of RAC ranged from 2.26-2.49 N/mm2 for M 25 and 2.62 – 2.84 N/mm2 for M 30. Despite the fact that metakaolin modified RAC had lower strength properties than conventional concrete, the use of 10% metakaolin as a RA modifier in concrete production will provide a sustainable alternative to conventional aggregates in concrete mix design.",recycled aggregates; conventional concrete; metakaolin; split tensile strength; compressive strength,DOAJ
09389e0265b44ba6a5b0d32d655f3691,"A comprehensive review on the use of recycled concrete aggregate for pavement construction: Properties, performance, and sustainability",Ebenezer O. Fanijo; John Temitope Kolawole; Adewumi John Babafemi; Jian Liu,2023,Cleaner Materials,GB,10.1016/j.clema.2023.100199,http://www.sciencedirect.com/science/article/pii/S2772397623000321,"Using recycled concrete aggregates (RCA) for pavements is crucial to achieving sustainability. Implementing RCA for new pavement can minimize carbon footprint, conserve natural resources, reduce harmful emissions, and lower life cycle costs. Compared to natural aggregate (NA), RCA pavement has fewer comprehensive studies and sustainability assessments. This study presents a state-of-the-art review on the utilization of RCA for pavement construction, with a large scope originating from a comprehensive literature dissection. The study compares RCA and NA pavement's physical, chemical, mechanical, and durability properties. As reported, their properties highly depend on the methods, the extent of crushing, the amount of adhered paste and the residual mortar with which the RCA is produced. Pavement performance was conducted from three perspectives: the use of RCA for pavement sublayers, rigid layers, and flexible layers, as well as their separate evaluation test techniques. A comparative environmental evaluation revealed that the RCA inclusion contributes to sustainability gain in minimizing the health hazards effect, waste generation, and the pressure on landfill sites than conventional pavement construction.",Recycled concrete aggregates; Sustainability; Engineering properties; Life cycle assessment; RCA inclusion and recovery,DOAJ
11d20c36421e41ba9ec486166a775262,Effects of Waste Plastic and Glass Aggregates on the Strength Properties of Ambient-Cured One-Part Metakaolin-Based Geopolymer Concrete,Babatunde Luke Ajayi; Adewumi John Babafemi,2024,Applied Sciences,CH,10.3390/app14051856,https://www.mdpi.com/2076-3417/14/5/1856,"The production of Portland cement (PC) is associated with carbon emissions. One-part geopolymer “just add water” is a user- and environmentally-friendly binder that can potentially substitute PC. However, there is limited research on the setting time, fresh, and strength properties of one-part metakaolin (MK)-based geopolymer concrete (OMGPC) incorporating recycled aggregates. Hence, the study explored the fresh, mechanical (compressive, flexural, splitting tensile, and E-modulus) and microstructural properties of ambient cured (7-, 28-, and 90-day) OMGPC containing recycled waste plastics (RESIN8) and recycled fine waste glass aggregate (FWG) at 5% and 10% by volume of the sand. The study result shows that 2% trisodium phosphate by wt. of the binder retard the initial and final setting times of OMGPC. At the same time, the incorporation of RESIN8 and FWG aggregates improved the workability of geopolymer concrete. The lightweight properties of RESIN8 aggregate reduce the hardened density of OMGPC, while the FWG specimens show a similar density to the control. The compressive strength of RESIN8 and FWG OMGPC range from 19.8 to 24.6 MPa and 26.9 to 30 MPa, respectively, compared to the control (26 to 28.9 MPa) at all curing ages. The flexural and splitting tensile strength of the OMGPC range from 2.2 to 4.5 MPa and 1.7 to 2.8 MPa, respectively. OMGPC is a viable alternative to Portland cement, and FWG can substitute sand in structural concrete by up to 10% and RESIN8 aggregate at 5% by volume of the natural sand.",geopolymer concrete; fine waste glass; RESIN8; metakaolin; slag; mechanical properties,DOAJ
17bdd448992a4004b938fbc7884e091b,Recycled concrete aggregate and cinder gravel as base course construction materials,Atnafu Sahile; Elmer C. Agon; Anteneh Geremew; Oluma Gudina,2024,Advances in Civil and Architectural Engineering,HR,10.13167/2024.28.8,https://hrcak.srce.hr/ojs/index.php/acae/article/view/28328/15736,"In this research, the potential use of recycled concrete aggregate (RCA) and CG as a base course construction material was investigated. A laboratory test involving the mechanical stabilization of RCA and CG was conducted to examine their physical properties. Eight samples of RCA blended with CG in varying proportions from 0% to 100 % with 10 % variation were studied. The laboratory test results indicate that 100 % CG yields specific gravity (SG), aggregate crushing value (ACV), aggregate impact value (AIV), Los Angeles abrasion (LAA), flakiness index (FI), elongation index (EI), plasticity index (PI), water absorption, soundness, and California bearing ratio (CBR) values of 2,54 %, 38,37 %, 20,10 %, 33,17 %, 5,59 %, 12,09 %, 0,90 %, 3,52 %, 10,60 %, and 38,08 %, respectively. The results for 100% RCA show SG, ACV, AIV, LAA, FI, EI, PI, water absorption, soundness, and CBR values of 2,70 %, 9,56 %, 5,30 %, 9,20 %, 15,30 %, 15,84 %, NP, 0,23 %, 1,49 %, and 105,87 %, respectively. These results also fail to meet the gradation requirements based on ERA standard specifications. Therefore, mechanical stabilization was adopted to improve the physical properties of the samples. Blending 60 % RCA with 40 % CG resulted in SG, ACV, AIV, LAA, FI, EI, PI, water absorption, soundness, and CBR values of 2,65 %, 19,46 %, 10,70 %, 10,88 %, 16,15 %, 22,01 %, NP, 0,26 %, 2,09 %, and 101,98 %, respectively. At this proportion, the gradation aligns with the required ERA standard specifications for GB2 and GB3 materials. Therefore, CG up to 40 % by weight with 60 % RCA is viable for road base course construction, especially when readily available or nearby.",recycled concrete aggregate; cinder gravel; marginal materials; natural aggregate; base course; cbr,DOAJ
1b213873abcc4c21bf221da41f575249,Contribution of Surface Treatment on Physical and Mechanical Properties of Recycled Concrete Aggregates,Brian Jacks Odero; Raphael N. Mutuku; Timothy Nyomboi; Zachary A. Gariy,2022,Advances in Civil Engineering,GB,10.1155/2022/4262020,http://dx.doi.org/10.1155/2022/4262020,"The demand for virgin aggregates for concrete production worldwide has been increasing. At the same time, there is an increase in the production of rubbles from construction-related activities. The residues are produced either due to leftovers or from the demolished structures. However, worldwide, the utilization of recycled concrete aggregate (RCA) material for structural concrete has been limited, often considered inferior due to distorted surfaces. The problems with RCA arise because it is a composite aggregate made of natural aggregate and cement, and adhered surface mortar is the discontinuities on the surface that arise from the production technique or the strength of the original concrete. The development of hydrated calcium silicate binder in the concrete matrix has been the critical desire of researchers to make better concrete material. This research focuses on the treatment of RCA from locally available rice husk ash with minimum pozzolanic cement. The objective was achieved by conducting tests on the properties of aggregates that include specific gravity and water absorption, aggregate crushing value (ACV), and aggregate impact value (AIV). The effectiveness of the treatment technique is assessed by the analysis of SEM imagery and XRD analysis of the microstructure cement paste around the RCA. At 20% pozzolan concentration, RCA treatment yields comparable specific gravities, water absorption, ACV, and AIV. Furthermore, the replacement of 5% rice husk ash (in 20% concentration) provided the optimal proportion of treatment for RCA, resulting in a reduction of ACV by 31.4%, AIV by 30.0%, and water absorption by 12.7% compared to the untreated RCA. XRD showed that calcite (CaCO₃), quartz, and portlandite phases were the majority in the untreated RCA. The study indicates that pozzolanic cement with 15% can be used with 5% RHA to produce RCA with characteristics almost similar to virgin aggregates. This research presents a consistent methodology to achieve modified RCA for application in construction.",,DOAJ
1b90956d536541d0be547dd07e45728e,Mechanical Performance of Recycled Aggregate Concrete Containing Lathe Waste Steel Fibre,S. A. Alabi; C. Arum,2021,Nigerian Journal of Technological Development,NG,,https://journal.njtd.com.ng/index.php/njtd/article/view/519,"The increasing demand, diminishing supplies, and growing pressure on natural resources have necessitated recycling and reusing waste. Several kinds of research have been done on the reuse and recycling of debris from building projects. Thus, with a view to the reuse of waste materials, the elimination of environmental contamination, the reduction of overhead costs of concrete, and the extension of the service life of concrete structures, this research aimed to study the feasibility of utilizing recycled concrete aggregate (RCA) with constant inclusion of waste steel fibre (LWSF) in concrete by evaluating its workability, compressive and splitting tensile strengths. A concrete mix ratio of 1:2:4 by weight of cement, sand, and granite was adopted with a water-cement ratio of 0.45. Five different concrete mixes were prepared in this study; one normal aggregate concrete (NAC) and four (4) other mixes with 25%, 50%, 75%, and 100% recycled aggregate content with a constant 1.5% addition of LWSF. The result of workability shows a reduction with an increase in the percentage replacement level. The recycled aggregate concrete (RAC) was characterized by lower compressive strength as compared with the NAC. When the replacement ratio increased from 25% to 50%, a significant reduction of about 14% and 30% were observed in the compressive strength at 7-days, but at 28-days slight increase in the compressive strength was observed. Also, a decrease in splitting tensile strength as the percentage replacement of crushed granite (CG) with RCA is increased was observed. Overall, the findings showed that the RAC-containing LWSF is environmentally sustainable and would significantly reduce the global greenhouse impact and building materials' overall quality.",recycled concrete; lathe waste; steel fibre; compressive strength; tensile strength,DOAJ
1bb613ccf790499ead0f03a700eac608,"Challenges and opportunities in construction waste management in Shire Town, Northern Ethiopia",Amdom Mhretu; Haile Tadelle Abadi; Welday Gebrehiwot; Teka Asresie,2025,Discover Sustainability,CH,10.1007/s43621-025-01226-5,https://doi.org/10.1007/s43621-025-01226-5,"Abstract Ethiopia's growing construction industry lacks effective waste management laws. This study is the first to analyze illegal dumping sites using spatial methods in Shire Town, providing insights into urban waste management. Data was collected through field observations, questionnaire surveys, expert interviews and secondary sources. SPSS was used to analyze survey responses and stakeholder perceptions, while Spearman correlation assessed agreement among respondents, and the Relative Importance Index (RII) evaluated waste management practices. Excavation produces the largest proportion of construction waste (45%), demolition (27.5%), construction (17.5%) and site clearance (10%). Excavation waste consists of soil (52.5%), mixed (40%), aggregate (5%) and insulation (2.5%), while demolition waste consists of mixed (57.5%), aggregate (30%), soil (10%) and non-metals (2.5%). Illegal disposal is the most common method mentioned by 85% of respondents, with 77.5% highlighting the environmental impact. Concrete (62.5%), stones (25%), soil (17.5%) and asphalt (5%) were reused, while metals (37.5%), stones (22.5%), wood (12.5%) and soil (5%) were recycled. Contractors apply disposal, reuse, on-site separation, reduction and recycling with RII values of 0.84, 0.83, 0.80, 0.77 and 0.55, respectively. Although reuse and recycling practices were adopted, they remain inadequate. The results provide a basis for sustainable waste management policies in rapidly urbanizing Ethiopian cities. Policymakers should establish waste disposal zones and provide financial incentives to promote recycling for sustainable waste management. Although the research focused on the Town of Shire, the findings could have an impact on waste management in other urbanized regions of Ethiopia that face similar challenges.",Construction waste; Waste management; Challenges; Opportunity; Shire Town,DOAJ
26f6c207575a45758ae02c0edd53c98d,"The contributions of construction material waste to project cost overruns in Abuja, Nigeria",Ibrahim Saidu; Winston Shakantu,2016,Acta Structilia,ZA,10.18820/24150487/as23i1.4,http://journals.ufs.ac.za/index.php/as/article/view/1712,"Material wastage on construction sites can contribute to cost overruns. Research to provide evidence of the extent of material wastages’ contribution to cost overruns on construction sites is based mostly on surveys. Thus, the actual contribution is not yet ascertained. The purpose of this article is to report the results of an objectively investigated study on the contributions of material waste to project-cost overrun. The methodological approach adopted for the study is the quantitative technique that is rooted in the positivist paradigm. The investigation included ongoing building construction projects within Abuja, Nigeria, from which a sample of 31 public and private projects was purposefully selected (project value of ₦1.6 billion Naira and above). The data for this research were sourced from the field investigation (measurement of the volume of material waste) and data from the archival records (drawings, bills of quantities, project-progress reports, and specifications) on material waste and cost overruns. The collected data were analysed using the Pearson moment correlation and the descriptive method. The research results revealed a statistically significant relationship between material waste and cost overrun. This implies that any increase in the volume of material waste would lead to a corresponding increase in the amount of cost overrun. The results showed that the significant percentage contribution of material waste to project-cost overrun ranges from 1.96% to 8.01%, with an average contribution of 4.0% to project-cost overruns. It is recommended that construction professionals be well informed of the consequences of material waste contributions to project-cost overrun at an early stage, in order to enable the professionals to evaluate the extent to which these consequences could be minimised.",Cost overrun; construction waste; construction industry; material waste; Nigeria,DOAJ
2e2705d8f16f449186b83df14dacb964,Properties of Normal and Recycled Brick Aggregates for Production of Medium Range (25–30 MPa) Structural Strength Concrete,Suvash  Chandra Paul; Adewumi  John Babafemi; Vivi Anggraini; Md.  Minhaz Rahman,2018,Buildings,CH,10.3390/buildings8050072,http://www.mdpi.com/2075-5309/8/5/72,"This study compares the properties of normal and recycled brick aggregates to produce a medium range (25&ndash;30 MPa) compressive strength of structural grade concrete. Up to date, brick aggregates are commonly used in structural concrete in some South Asian and African countries. Many concrete structures which were built in the last century are made from brick aggregates and some of them are already in a position of ending of their service life. At the same time, population and economic growth is forcing the demolition of many old structures. Therefore, there is a huge flow of construction and demolition waste and thereby it is necessary to recycle the waste to overcome the problem of occupying the landfill sites. For this study, recycled brick aggregates were collected from the various demolished building sites and their physical and mechanical performance were then compared with the concrete made from normal brick aggregates. It is found that the mechanical properties of recycled brick concrete are comparable to that of normal brick aggregate at medium strength level. The production cost of recycled brick concrete is also found to be 10&ndash;12% lower than normal brick aggregates.",brick aggregates; recycled concrete; compressive strength; young’s modulus; abrasion; cost of concrete,DOAJ
35839495f2e542399197f717db40000a,Suitability Investigation of Recycled Concrete Aggregates for Concrete Production: An Experimental Case Study,Woubishet Zewdu Taffese,2018,Advances in Civil Engineering,GB,10.1155/2018/8368351,http://dx.doi.org/10.1155/2018/8368351,"In developing countries, construction and demolition waste (CDW) is disposed to landfill, causing social, environmental, and economic crises. In these nations, CDW exponentially increase due to their rapid economic growth, industrialization, and urbanization. This paper aims to examine the possibility of recycling concrete waste for production of new concrete in Ethiopia. Physical and mechanical characteristics of recycled concrete aggregate (RCA) acquired from concrete waste are thoroughly examined. Though the RCA exhibited relatively lesser performance compared with the natural coarse aggregate (NCA), it reveals the same properties as of normal-weight aggregates in several instances. The performance of concrete specimens which employ RCA up to 20% is evaluated from workability, strength, and permeability aspects. The utilization of RCA slightly affects the workability and the water permeability properties of the concretes. Replacement of 10% of the NCA by the RCA enhances the compressive strength of the hardened concrete by 8%. The difference between the splitting tensile strength of the concretes which employ RCA and conventional aggregates is trivial. Generally, this work demonstrates the practicability of concrete waste recycling to produce new concrete or construction materials in Ethiopian context.",,DOAJ
365db936223942309f4af98dee8ac092,Using Oyster shell for production of greener building mortars: exploring mechanical and microscale characteristics,Paul O Awoyera; Lenin Miguel Bendezu Romero; Oladimeji B Olalusi; Abodunrin Olasile Samuel; Abayomi B David; Cesar Karlo Madrid Saldaña; Nadhim Hamah Sor,2024,Materials Research Express,GB,10.1088/2053-1591/ad5950,https://doi.org/10.1088/2053-1591/ad5950,"In the pursuit of greener and sustainable materials for developimg cementitious composites, several agricultural and undustrial wastes are continually explored for use in the process. The current study focused on the use of 20%, 25% and 30% Oyster shell powder (OSP) as a partial substitute for Ordinary Portland cement, and 100% Oyster shell aggregate (OSA) and 100% recycled concrete aggregate (RCA) (OPC) as total replacement for fine aggregate in mortar production. The mechanical properties of the mortars such as compressive strength, flexural stremntgh and water abosprion were determined. Also, microscale analysis using SEM-EDX was conducted on selected mortars. The results showed that the control mortar demonstrated the maximum compressive strength, however, OSP is adequate as binder at upto 25% replacement level, producing strength somewhat close to that of the control mortar. Results obviously showed that the replacement amounts of OSP, RCA and OSA greatly influence the hydration process of the mortar matrix, and the overall performance.",Oyster shell powder (OSP); water-repellent; recycled aggregate concrete (RAC); strength properties; water absorption,DOAJ
383e1f41970c46ac960446636d50da2c,Research on the use of Ferro-Chrome slag in civil engineering applications,Al-Jabri Khalifa S.,2018,MATEC Web of Conferences,FR,10.1051/matecconf/201814901017,https://doi.org/10.1051/matecconf/201814901017,"Over recent decades there has been rapid increase in the industrial waste materials and by-products yields due to the progressive growth rate of population, development of industry and technology and the growth of consumerism. With the growing environmental pressures to reduce waste and pollution, Intensive research studies have been conducted to explore all suitable reuse methods. Wastes such as construction waste, blast furnace, steel slag, coal fly ash and bottom ash have been approved in many places as alternative materials in bridges, roads, pavements, foundations and building construction. The use of industrial solid waste as a partial replacement of raw materials in construction activities not only saves landfill space but also reduces the demand for extraction of natural raw materials. Ferrochrome slag is a by-product from the production of chrome. There are environmental and economic advantages in seeing slags as a potentially useful resource rather than as waste products. Slag management at ferrochrome producing companies has been influenced by the limited space available and financial cost implications of the slag dumps. Internationally, e.g. South Africa, India, Norway, Turkey, East Europe, China, Sweden and USA, ferrochrome slag is used commercially in the road and construction Industries. This material is being used for road construction, as aggregates in concrete industry, brick manufacturing, and in pavement construction as engineering fill and has recently been tried in cement. This paper presents an overview of the recent advances of the use of ferrochrome slag in various civil engineering applications such as road construction, and cement and concrete industries.",,DOAJ
388fea50358a4a4ca081d9a37adce698,Mechanical and durability properties of recycled aggregate concrete with ternary binder system and optimized mix proportion,O.E. Babalola; P.O. Awoyera; M.T. Tran; D.-H. Le; O.B. Olalusi; A. Viloria; D. Ovallos-Gazabon,2020,Journal of Materials Research and Technology,NL,10.1016/j.jmrt.2020.04.038,http://www.sciencedirect.com/science/article/pii/S2238785420312035,"This study aimed to investigate the mechanical and durability properties of recycled aggregate concrete with a ternary binder system and optimized mix proportion. Two concrete batches were developed using a densified mix design approach (DMDA) to evaluate the required mix proportions. Batch I have GGBS content varied at 0%, 10%, 20%, 30%, 40% and 50% at constant w/b ratio of 0.45, while batch II concrete mix have varied water/binder ratios: 0.3, 0.35, 0.4, 0.45 and 0.5 at constant GGBS replacement level of 30%. The fine aggregate (river sand) of the two batches was blended with fly ash at optimum loose packing density (FA + Sand) and superplasticizer (SP) was incorporated in the mix at a constant level of 1.4%. A control mix comprising of natural aggregate was also developed. The results obtained showcased the feasibility of producing structural concrete with recycled aggregates using GGBS and fly ash. The mechanical and durability properties were best at 30% GGBS content and 0.35 water/binder ratio. The DMDA for mix proportion adopted for RAC contributed significantly to improving its properties when compared to NAC, especially at the optimum observed RAC mix with compressive strength of 52 MPa. Also, the mix demonstrated good permeability resistance in terms of chloride-ion ingress and capillary water absorption.",Recycled aggregate concrete; Densified mix design; Ternary binder; Durability; Mechanical properties,DOAJ
3908f49138314545bc08ca72cb31dbbb,Enhancing concrete strength and durability through incorporation of rice husk ash and high recycled aggregate,Mohammad Alharthai; Kennedy C. Onyelowe; Tariq Ali; Muhammad Zeeshan Qureshi; Aïssa Rezzoug; Ahmed Deifalla; Khalid Alharthi,2025,Case Studies in Construction Materials,GB,10.1016/j.cscm.2024.e04152,http://www.sciencedirect.com/science/article/pii/S2214509524013044,"The global environment faces significant challenges due to the massive use of concrete, a dominant material in construction. Addressing this challenge, the present study explores the potential of recycled concrete aggregate (RCA) combined with rice husk ash (RHA) to enhance the durability and strength of recycled aggregate concrete (RAC), particularly in mixes with high RCA content. The research examines RHA as a partial substitute for Ordinary Portland Cement at 5 %,10 %,15 % and 20 % replacement levels, alongside RCA substitution rates of 80 %, 90 %, and 100 %. Five RAC mixes were evaluated: Mix-1 served as the control group with varying RCA percentages (80 %, 90 %, and 100 %) without RHA, whereas Mix-2, Mix-3, Mix-4 and Mix-5 incorporated 5 %,10 %,15 % and 20 %RHA as a cement substitute. The study evaluated parameters such as workability, compressive strength, tensile strength, water absorption, and acid resistance, in addition to employing non-destructive testing techniques like ultrasonic pulse velocity and rebound hammer tests. After 28 days of curing, Mix-4 (comprising 15 % RHA and 80 % RCA) exhibited the highest compressive strength among the tested RAC mixes, achieving a value of approximately 27 MPa. However, economic analysis revealed that Mix-5 (20 % RHA and 100 % RCA) offers a 31 % reduction in production costs, making it a viable choice for concrete manufacturing. This integration of RCA and RHA presents a sustainable, eco-friendly, and cost-effective approach to enhancing concrete strength and durability.",Rice husk ash (RHA); Recycled concrete aggregate (RCA); Mechanical characteristics,DOAJ
495733aaf895458cb177f6635a655106,Analysis of the socio-economic and environmental impacts of construction waste and management practices,Shitaw Tafesse; Yidnekachew Esayas Girma; Eliyas Dessalegn,2022,Heliyon,GB,10.1016/j.heliyon.2022.e09169,http://www.sciencedirect.com/science/article/pii/S2405844022004571,"This study aims to analyze the significant socioeconomic and environmental impacts of construction waste and to indicate management strategies. An extensive review of the literature and interviews with construction experts were used to identify waste impact factors. Then a questionnaire survey was conducted based on a five-point Likert scale and the data were analyzed by descriptive statistics. The result showed that construction waste becomes a challenge for almost 95.71% of ongoing construction projects. However, only 57.14% of the construction companies have recorded and measured the volume of material waste. From purchased materials, 6–10% is recorded as waste that lead to project cost overrun. In addition, there is no professional assigned to handle waste issues in 75.71% of construction companies. The study also indicates that project cost overrun, pollution of the environment, reduction in profit and failure of construction firms, excessive consumption of raw materials, and public health and safety risks are ranked as the five major impacts of construction waste, respectively. Employing a waste management officer, using prefabricated or off-site components, implementing strong onsite management practices, reusing and recycling materials leftover on the sites, and practicing green building codes and specifications are measures devised to mitigate construction waste and its impacts.",Construction waste; Environment; Impact of waste; Sustainability; Waste management,DOAJ
4df2a1d266d046658935410b6677ee5e,A THEORETICAL REVIEW OF LEAN IMPLEMENTATION WITHIN CONSTRUCTION SMEs,Emmanuel Nsiah  Ankomah; Joshua  Ayarkwa; Kofi  Agyekum,2017,Journal of Construction Project Management and Innovation,ZA,10.36615/jcpmi.v7i1.118,https://journals.uj.ac.za/index.php/JCPMI/article/view/118,"
Small- and medium-sized enterprises (SMEs) are considered the backbone of many economies. SMEs constitute over 90% of global enterprises and account for about 60% of employment. However, SMEs still suffer from many problems, such as low product quality and working efficiency, budget overruns, and substantial construction waste. Lean construction has increasingly been implemented as a potential solution for organisations to deal with waste of all types. The aim of this article is to suggest lean tools that can be implemented within the construction SME set-up. A systematic review of empirical and theoretical studies obtained from ResearchGate, International Group for Lean Construction (IGLC) conference proceedings, ScienceDirect (Elsevier), Emerald Insight, Taylor & Francis Group, Google Scholar, and other Internet sources was conducted in this study. This paper was based on four hypotheses, which are related to construction SMEs’ capacity to implement lean as efficiently as large enterprises do. The study found that lean was applicable in construction SMEs, but that it has to be contextualised within the peculiar characteristics of the SME, such as its size, financial capabilities, organisational culture, and human resource capacity. The paper concluded by recommending lean tools such as 5S, A3 problem solving, and 5 Whys, which require less monetary investment to be implemented by construction SMEs. A change of mindset is needed for lean implementation, as there is still a low rate of lean adoption among SMEs.
","SMEs, lean construction, process improvement, value, innovation",DOAJ
5163ea5ca834429897b4322bc61b3f68,"Perspectives of construction workers on the management of Concrete Waste on Construction Sites: A Case study of Ho Municipality, Ho, Ghana",George Harrison  Coffie; Raymond  Kirk Apawu; Jonas Ekow  Yankah,2025,Journal of Building Materials and Structures,DZ,10.34118/jbms.v12i2.4466,http://journals.lagh-univ.dz/index.php/jbms/article/view/4466,"
Many countries worldwide are experiencing rapid population expansion and urbanization, which increase building activity and, therefore, waste generation. To reduce and manage waste, a thorough understanding of the factors that contribute to its formation is required. This study examines concrete waste management on construction sites in the Ho Municipality of Ghana. The purpose is to examine the reasons behind on-site concrete waste and the techniques for managing it. The study's findings demonstrated that the main factors contributing to on-site concrete waste were rework because of broken equipment, workmanship error, negligence, and supervisor neglect of inspection. The recycling of concrete waste generated on-site, disposal of concrete waste generated at permitted landfills, and reuse of concrete waste generated on-site are the most efficient means of handling and disposal of concrete waste on-site. The study discovered that training workers on ways to handle concrete to avoid wastage, using proper mix during production to avoid waste, and proper and effective supervision when producing and placing concrete were efficient ways of minimizing concrete waste at construction sites. The study recommended that an adequate construction waste management plan is required to aid professionals in minimizing waste and to involve all other stakeholders in such a plan.
",Construction; Concrete Waste; Construction Sites; Waste Management; Construction Waste Factors; Kendall’s Coefficient of Concordance,DOAJ
56084d857ca34235b4a1290462c55d9b,Embodied Energy and CO<sub>2</sub> Emissions of Widely Used Building Materials: The Ethiopian Context,Woubishet  Zewdu Taffese; Kassahun  Admassu Abegaz,2019,Buildings,CH,10.3390/buildings9060136,https://www.mdpi.com/2075-5309/9/6/136,"Buildings use a wide range of construction materials, and the manufacturing of each material consumes energy and emits CO<sub>2</sub>. Several studies have already been conducted to evaluate the embodied energy and the related CO<sub>2</sub> emissions of building materials, which are mainly based on case studies from developed countries. There is a considerable gap in cases of developing countries regarding assessment of embodied energy and CO<sub>2</sub> emissions of these building materials. This study identified the top five most used construction materials (cement, sand, coarse aggregates, hollow concrete blocks, and reinforcement bars), which are also prime sources of waste generation during construction in the Ethiopian building construction sector. Then, what followed was the evaluation of the embodied energies and CO<sub>2</sub> emissions of these materials by examining five commercial and public buildings within the cradle-to-site lifecycle boundary. The evaluation results demonstrated that cement, hollow concrete blocks (HCB), and reinforcement bars (rebars) are the major consumers of energy and major CO<sub>2</sub> emitters. Cumulatively, they were responsible for 94% of the embodied energy and 98% of the CO<sub>2</sub> emissions. The waste part of the construction materials has inflated the embodied energy and the subsequent CO<sub>2</sub> emissions considerably. The study also recommended several strategies for the reduction of embodied energy and the related CO<sub>2</sub> emissions. The research delivers critical insights into embodied energy and CO<sub>2</sub> emissions of the five most used building materials in the Ethiopian construction industry, as there are no prior studies on this theme. This might be a cause to arouse awareness and interest among the policy makers and the wider public to clearly understand the importance of research on this crucial issue to develop national energy and CO<sub>2</sub> descriptors for construction materials, in order to take care of our naturally endowed, but yet fragile, human habitat.",embodied energy; embodied CO<sub>2</sub>; building materials; construction waste; Ethiopia,DOAJ
57c7de0bd3ad4f20a8699d4ca6d5165b,DURABILITY PROPERTIES OF CONCRETE MADE WITH RECYCLED CONCRETE AGGREGATE AND METAKAOLIN AS CEMENT REPLACEMENT,"Abiola, O. S.; Sulaimon, B. A.; Odunfa, S. O.",2022,Academy Journal of Science and Engineering,NG,,https://ajse.academyjsekad.edu.ng/index.php/new-ajse/article/view/74,"Production of concrete with recycled concrete aggregates (RCA) in civil infrastructure is growing and the quest for durable concrete in aggressive environment has placed demands for use of supplementary cementitious materials as replacement for cement. This paper present research on the durability of RCA in concrete pavement and metakaolin (MK) as partial replacement of cement. Five mix designs were produced with a targeted strength of 45 N/mm2 at 28 day test. These were designated as C0, MK10, MK20, MK30 and MK40 with water-cement ratio of 0.4. Compressive strength tests were performed at 28, 56 and 90 days. While durability was evaluated through chloride, sulphate resistance attack and water absorption tests according to BS EN 1338: 2003 specification. Results of water absorption test showed that all the mixes met the specification (< 6%) though C0 has the highest value. Cement-MK blends concrete in chloride and sulphate solution have the least loss in strength and mass compared to the control (C0). The compressive strength losses in sulphate solution of MK10, MK20, MK30 and MK40 at 28th day were 4.47, 5.55, 5.07 and 6.42% respectively.",recycled concrete aggregate; durability; metakaolin; pavement; cement; compressive strength; water absorption; concrete; chloride; sulphate,DOAJ
6dae326e0b8846639fe77b7aed5d92a8,Structural performance evaluation of concrete mixes containing recycled concrete aggregate and calcined termite mound for low-cost housing,Monisola Dorcas Obebe; Catherine Mayowa Ikumapayi; Kenneth Kanayo Alaneme,2023,Alexandria Engineering Journal,NL,10.1016/j.aej.2023.03.095,http://www.sciencedirect.com/science/article/pii/S111001682300265X,"Alternative substitutes to convectional building and construction materials which pose environmental challenges, will be a bonus to the construction industries. This research investigates the suitability of calcined termite mound as partial substitute for cement and recycled concrete aggregate as aggregates substitute in the production of concrete. Termite mound clay in its natural state was obtained, calcined, and pulverized to the fineness of 75 µm. Various concrete mixes were formulated in which Ordinary Portland cement was partially replaced with Calcined Termite Mound (CTM) from 0% to 25% replacement at a step size of 5%, and recycled concrete aggregates (RCA) was also used as a partial replacement of the coarse natural aggregate (NA) at 20%, 40%, 60%, 80% and 100% by weight replacement. Compressive strength test, setting time test, slump test, scanning electron microscopy (SEM), and Fourier-transform infrared spectroscopy (FTIR), were used to characterize the test materials and the concrete specimens. The results show that addition of either RCA or CTM will lead to reduction in the compressive strength. However, when RCA is combined with CTM, the optimum combinations suitable for structural load bearing members were found to be 60% RCA, 40% NA with 5% CTM. Other comparable mixes were also discovered.",Calcined termite mound; Compressive strength; Portland cement; Recycled concrete aggregates; Natural aggregates,DOAJ
73e07ba1de0342cd918bd00388a29f64,Implementation Benefits of Modular Building Practices in the Construction Sector,Ifije Ohiomah; Olusegun Oguntona; Emmanuel Ayorinde,2025,Materials Proceedings,CH,10.3390/materproc2025022001,https://www.mdpi.com/2673-4605/22/1/1,"The construction industry faces significant challenges such as environmental degradation, resource depletion, waste generation, and pollution, necessitating a shift toward sustainable practices. This study explores the benefits of implementing modular building practices (MBP) as a transformative solution. A quantitative research approach was employed, utilising a structured questionnaire distributed to active and practising construction professionals. Data were analysed using mean item scores and standard deviation, with Cronbach’s alpha confirming the reliability of the research instrument (α = 0.961). The findings reveal that MBPs offer significant benefits, including eco-friendly operations, reduced material wastage, improved safety, and high productivity, among others. The discussion highlights MBPs’ potential to address environmental and economic challenges, aligning with global sustainability goals. The study concludes that MBP is a viable alternative to traditional construction, recommending policy support, industry collaboration, and further research to optimise its adoption and integration into the construction sector.",built environment; construction waste; developing economy; modular construction; sustainable construction,DOAJ
76f296de34bd418fa45edc5e37c5fad0,"Evaluation of the Implementation of Lean Techniques to Reduce Construction Process Waste in Real Estate Firms in Addis Ababa, Ethiopia",Fitsum Ayfokru; Bahiru Bewket Mitikie; Andinet Kebede Tekile,2023,Advances in Civil Engineering,GB,10.1155/2023/2379347,http://dx.doi.org/10.1155/2023/2379347,"Waste in the construction industry is the loss produced by activities that generate direct or indirect costs but do not add any value. In recent years, waste in the construction industry has been the subject of several research studies around the world; however, it still continues to be a critical issue. Thus, the objective of this study was to develop an analytical hierarchical model for the implementation of lean techniques for the reduction of construction waste in real estate companies in Addis Ababa, Ethiopia. The study was conducted on seven private residential real estate companies which were actively involved in the construction sector at the time, by targeting decision-makers as respondents. Analytical hierarchical process-based questionnaires and face-to-face interviews were conducted for the collection of primary data. Thus, comparison-based surveys and data analyses were used to quantify the relative priorities for a given set of alternatives on a ratio scale based on the judgment of the construction professionals. According to the data analyses, poor material handling, poor site management, and frequent changes in the design were identified to be the three most dominant sources of construction waste. It was found that the real estate companies do not have any waste reduction strategies or practices. Furthermore, the concerned professionals have limited awareness of the lean techniques and their implementation. Based on the findings, the construction companies are recommended to give proper attention to construction waste minimization and a huge task is ahead of the policymakers for lean techniques implementation.",,DOAJ
772ac84f4b3e4d439c64c71f085319d2,Research on the use of Ferro-Chrome slag in civil engineering applications,Al-Jabri Khalifa S.,2018,MATEC Web of Conferences,FR,10.1051/matecconf/201714901017,https://doi.org/10.1051/matecconf/201714901017,"Over recent decades there has been rapid increase in the industrial waste materials and by-products yields due to the progressive growth rate of population, development of industry and technology and the growth of consumerism. With the growing environmental pressures to reduce waste and pollution, Intensive research studies have been conducted to explore all suitable reuse methods. Wastes such as construction waste, blast furnace, steel slag, coal fly ash and bottom ash have been approved in many places as alternative materials in bridges, roads, pavements, foundations and building construction. The use of industrial solid waste as a partial replacement of raw materials in construction activities not only saves landfill space but also reduces the demand for extraction of natural raw materials. Ferrochrome slag is a by-product from the production of chrome. There are environmental and economic advantages in seeing slags as a potentially useful resource rather than as waste products. Slag management at ferrochrome producing companies has been influenced by the limited space available and financial cost implications of the slag dumps. Internationally, e.g. South Africa, India, Norway, Turkey, East Europe, China, Sweden and USA, ferrochrome slag is used commercially in the road and construction Industries. This material is being used for road construction, as aggregates in concrete industry, brick manufacturing, and in pavement construction as engineering fill and has recently been tried in cement. This paper presents an overview of the recent advances of the use of ferrochrome slag in various civil engineering applications such as road construction, and cement and concrete industries.",,DOAJ
793692bc6fc243f6af38a4c3064d33b2,Experimental Investigation on Engineering Properties of Concrete Incorporating Reclaimed Asphalt Pavement and Rice Husk Ash,Mulusew  Aderaw Getahun; Stanley  Muse Shitote; Zachary  C. Abiero Gariy,2018,Buildings,CH,10.3390/buildings8090115,http://www.mdpi.com/2075-5309/8/9/115,"Waste generation from agricultural and construction industries is growing at an upsetting rate that causes a heavy burden on landfill facilities. On the other hand, the construction industry is exhausting natural resources thereby posing environmental problems. This study investigates the potential use of agro-industrial waste such as rice husk ash (RHA) and construction waste like reclaimed asphalt pavement (RAP) as promising construction materials. The durability and physical and mechanical properties of concrete were assessed by partially replacing cement and virgin aggregates with RHA and RAP, up to 20% and 50%, respectively. A total of 22 mixes were studied, twelve of which were devoted to studying the collective effects of RHA and RAP on the engineering properties of concrete. Based on experimental results, RHA and RAP decreased slump, compacting factor, density, water absorption and sorptivity. RHA increased compressive and tensile splitting strength, whereas RAP decreased compressive and tensile splitting strength. Comparable strength and favorable sorptivity values were obtained when 15% RHA was combined with up to 20% RAP in the concrete mix. Thus, utilizing RHA and RAP as concrete ingredients can contribute to solid waste management, engineering and economic benefits.",slump; compacting factor; density; water absorption; sorptivity; durability; compressive strength; tensile splitting strength; volumes of permeable void spaces,DOAJ
7bc401352c0b4c038fa0d97a0481369f,Stormwater management using pervious geopolymer concrete with recycled aggregates: Leaching potential and contaminant removal efficiency,Faiz Habib Anwar; Hilal El-Hassan; Mohamed Hamouda,2025,Developments in the Built Environment,GB,10.1016/j.dibe.2025.100798,http://www.sciencedirect.com/science/article/pii/S266616592500198X,"Pervious geopolymer concrete (PGC), known for its high hydraulic permeability and pollutant adsorption, has emerged as a sustainable solution to mitigate stormwater runoff, pollutant transport, and reduce the global warming potential (GWP) of pavements. Its sustainability can be further enhanced by incorporating recycled concrete aggregate (RCA). This combined use of geopolymer binders and RCA to produce pervious geopolymer recycled aggregates concrete (PGRAC) remains underexplored. This study evaluates the performance of PGRAC in improving stormwater quality, assessing both contaminant leaching and removal. Experimental parameters included binder blends, design porosity, and RCA content. Mechanical and hydraulic tests confirmed that all mixes achieved adequate performance for pavement use. All mixes exhibited low leaching potential for most heavy metals, below regulatory limits, except for Boron. Mixes with 10 % porosity and 100 % RCA demonstrated superior contaminant removal due to enhanced pore structure, but were more susceptible to clogging. Overall, PGRAC demonstrated strong sustainability potential.",Pervious pavements; Sustainable urban drainage systems; Stormwater quality; Geopolymer concrete; Leaching; Contaminant removal,DOAJ
8e4a78d68bd74af0aac1dea014c296a6,Parent Concrete Strength Effects on the Quality of Recycled Aggregate Concrete: A Review,Hintsa G. Gebremariam; Shifferaw Taye; Abrham Gebre Tarekegn,2024,Heliyon,GB,10.1016/j.heliyon.2024.e26212,http://www.sciencedirect.com/science/article/pii/S2405844024022436,"Previous studies in the literature have illustrated that the strength properties of the parent concrete (PC), that might come from an assortment of origins, may considerably affect the characteristics of Recycled Concrete Aggregates (RCAs) and Recycled Aggregate Concrete (RAC). The effects of PC strength on physical, mechanical, long-term, and microstructural properties of RCAs and RACs have been extensively studied. These properties include water absorption, specific gravity, compressive strength, elastic modulus, splitting tensile strength, flexural strength, durability, and microstructure. These studies examining the influence of source concrete grade on the characteristics of RCA as well as RAC have been comprehensively reviewed in this paper. Upon reviewing the literature, it was found that the porosity of the source concrete and the crushing procedure of the source concrete aggregates were the two main causes of variability in the results of the RCA characteristics. Contrary to the widespread perception that, quote, “RACs in general have lower quality than virgin aggregate concrete”, studies on the effects of parent concrete on RAC characteristics have shown that RACs produced with aggregates obtained from recycling high-strength concrete (not less than 80 MPa) can have equivalent or better characteristics than conventional natural aggregate concrete. Therefore, by carefully considering the quality of the RCAs, it is possible to produce high-performance RAC without the need for additional natural aggregates. The limitations of previous studies have been identified in this work, and recommendations for further research have been provided.",Construction and demolition waste; Parent concrete; Recycled concrete aggregates; Mechanical characteristics; Adhered mortar content,DOAJ
91834d130a6541bca475b0bc0e79c960,"Quantifying and characterizing construction waste for effective management in Mekelle, Ethiopia",Amdom Mhretu; Tewodros Alemayehu; Gebremedhin Berhane; Teka Asresie,2025,Discover Environment,CH,10.1007/s44274-025-00391-8,https://doi.org/10.1007/s44274-025-00391-8,"Abstract The construction industry in Ethiopia faces significant challenges due to inadequate waste management legislation. Particularly in Mekelle City. This study aimed to identify major sources, quantify and characterize construction wastes and analyze illegal dumping sites to promote sustainable urban waste management. Data were collected through Pyramidal and rectangular prism measurements, material flow method, questionnaire survey, field observation and secondary sources. Survey responses were analyzed by using SPSS software. Findings reveal 5,161,585 m3 illegally disposed construction wastes composed of soil, stone, ceramics, blocks, tiles, concrete, asphalt, wood, masonry, metal, plastics, packaging, and pipes, with barriers to recycling include a Lack of recycling technology, high cost, insufficient incentives, and limited knowledge. The most preferred waste management methods are reuse (50.9%), reduce (16.4%), and disposal (16.4%), with key minimization strategies Proper storage and material handling, standardization of design, on-site segregation, and Reuse yielding Relative Importance Index (RII) values 0.89, 0.8, 0.79, 0.78, respectively. However, inadequate strategies contribute to uncontrolled waste disposal in sensitive areas such as grazing lands, water bodies, roads, and residential areas, causing environmental harm. Prior to this study, the quantification and characterization of construction waste in Mekelle had not been studied. This study addresses the quantity, characteristics, and employed waste management methods to enhance the reduction, reusing, and recycling practices within the construction industry, insight urban waste management, and ensure sustainable environment. This study recommends promoting reduce, reuse, and recycle (3Rs), enforcing legal robust framework, and fostering a change in the mindset of construction companies to improve sustainability of waste management.",C and D; Designated and non-designated; Disposal; Mekelle; Waste management; Quantification,DOAJ
92a5f19d729b4ddfad1ba54aee96da91,An Assessment of Material Waste Disposal Methods in the Nigerian Construction Industry,Olabode  Emmanuel Ogunmakinde; William Sher; Kim Maund,2019,Recycling,CH,10.3390/recycling4010013,http://www.mdpi.com/2313-4321/4/1/13,"The construction industry is faced with many challenges, among which is waste management. Aside from the fact that wastage contributes to time and cost overrun, it also has environmental implications in the form of pollution. However, the industry has the capacity to effectively manage waste, from generation to disposal. All stages of the management process are important, but scholars and governments have provided the final step, being disposal, unabated attention in order to ensure effective management. Potential waste disposal methods, including incineration, burning, landfilling, recycling, reuse, open dumping, pyrolysis, and shredding have emerged from the literature around the globe. Despite various waste minimisation and sustainable disposal options that are available, construction material waste is still increasing in Nigeria, while disposal remains a major issue for firms and government. Therefore, this study assesses disposal methods among construction firms to determine whether there is a relationship between their practices towards waste disposal. The research followed a concurrent triangulation design in a cross sectional survey, while data were collected via a convergent parallel mixed methods. The quantitative phase employed a structured questionnaire to collect data from 243 building construction firms, while the qualitative phase involved semi-structured interviews with 65 professionals from 10 on-going construction projects in Lagos, Nigeria. The research revealed that landfilling is the most common method of waste disposal, which is closely followed by reuse as backfill and recycling. In addition, the study revealed no association between company&rsquo;s ownership statuses, age, project specialisation, and disposal methods, except company&rsquo;s size. In conclusion, the study establishes the need for regulatory policies, such as site waste management plan (SWMP), pay as you throw (PAYT), and landfill ban, which would minimise material waste and divert them from landfills. Recycling and reuse are recommended as sustainable approaches for waste disposal.",construction waste; disposal; Nigeria; waste management; triangulation design,DOAJ
93a350352ece457b8a7d54bc70d1f02a,Bituminous pavement sustainability improvement strategies,Toryila Michael Tiza; Onyebuchi Mogbo; Sitesh Kumar Singh; Nagaraju Shaik; Mahesh P. Shettar,2022,Energy Nexus,GB,10.1016/j.nexus.2022.100065,http://www.sciencedirect.com/science/article/pii/S2772427122000286,"Transportation systems have enormous challenges in terms of sustainability since they deal with issues like economic, environmental, and social factors, and pavement sustainability is unavoidably one of these problems. This study investigates pavements' sustainability potential, and in doing so, it looks at both global practices and personal experiences. This research investigates the long-term viability of pavements. Some of the topics covered in this course are: Recycled Concrete, Recycled Asphalt Pavement, Bio-binders of asphalt, asphalt cement, warm mix asphalt, tack coat, rubberized asphalt (RA), polymer modified asphalt (PMA), and sustainability in pavement design. According to the findings, research is needed to provide environmental sustainability training, including preservation and maintenance solutions. Carbon sequestration and resource regeneration are environmental sustainability elements that need to be considered when selecting treatment options for pavement preservation. Recycled or alternative materials must be found for pavement preservation and maintenance techniques. Finally, research is urgently needed to assess the environmental advantages of asphalt crack sealing. It is thus imperative that any new studies on pavement incorporate sustainable pavement management components.",Asphalt; Pavement; Sustainability; Environmental,DOAJ
9abc0b3fce174969bcc8e6aa3ab1a1a4,Performance evaluation of mortar with ground and thermo-activated recycled concrete cement,Ephrem Melaku Getachew; Begashaw Worku Yifru; Betelhem Tilahun Habtegebreal; Mitiku Damtie Yehualaw,2024,Cogent Engineering,GB,10.1080/23311916.2024.2357726,https://www.tandfonline.com/doi/10.1080/23311916.2024.2357726,"The main objective of this study was to examine the combined effect of ground recycled concrete cement (GRC) and thermo-activated recycled concrete cement (TARC) on properties of mortar. The physical, chemical and microstructural tests were conducted to characterize GRC and TARC before mortar mixtures were produced. The microscopic morphology of GRC and TARC revealed uneven edges and a rough surface that is slightly porous. The GRC and TARC powders were used to replace cement in the range of 0-50% at increments of 10% by volume. The fresh, mechanical, microstructure, and durability characteristics of mortar were tested for different proportion of GRC and TARC as partial replacement of cement. The usage of GRC and TARC decreases the workability of mortar marginally. However, the mechanical performance of the mortar mixtures showed an increasing trend when GRC and TARC share increases in the mixture. Predominantly, compressive strength, bulk density, and ultrasonic pulse velocity (UPV) have all been increased by as much as 20% cement replacement. Furthermore, the incorporation of GRC and TARC enhances the mortar’s durability properties. The microstructure analysis reveals that 20% replacement (GT20) mix has superior structural compactness. In general, partially substitution of GRC and TARC by ordinary Portland cement improves several characteristics of mortar. This will help solve the most prevalent problems that concrete produces, including the high embedded carbon dioxide creation, the high resource usage, and the high waste generation after demolition.","recycled cement; mechanical properties; microstructure; durability; sustainable material; Dr Montemurro Marco, Arts et Métiers Sciences et Technologies",DOAJ
a001a88184ac463cbcd434934a5cb7a0,Eco-friendly Recycled Concrete Aggregate (RCA) and its Potential Use in Construction Projects,Dele Roger  Simeon; Kolade  Ige; Olutayo  Akinkunmi; Fidelis  Achi; Owen  Charles-Obi,2025,Indonesian Journal of Social and Environmental Issues,ID,10.47540/ijsei.v6i3.1684,https://ojs.literacyinstitute.org/index.php/ijsei/article/view/1684,"Naturally occurring stone deposits are being rapidly depleted due to the exploitation of resources. Consequently, using recycled concrete aggregate (RCA) for construction works could be a sustainable alternative to promoting circularity in construction. Thus, the study assesses the extent of RCA usage in construction projects, intending to enhance sustainability through circular economy strategies by assessing the solid waste materials found in RCA, evaluating the factors driving the usage of RCA, and determining the extent of RCA usage in construction project delivery. The study employed a cross-sectional research design to collect data in one session. Construction professionals with prior RCA experience constitute the study's population. The study adopts a multi-sampling technique where the snowball and purposive sampling methods were used to select 161 construction practitioners in Lagos Metropolis. The statistical tools deployed for analysis comprised frequency, percentage, mean score, relative importance index, percentage mean utilization, and ranking. Findings revealed that RCA is mostly employed for hardcore filling in foundation construction. Besides, RCA is barely utilized in 4.8% of construction projects. The study concludes that the current level of RCA usage for construction works falls short of its full potential. This implies that RCA is underutilized in construction, resulting in the continued depletion of natural resources. Therefore, the study recommends that construction practitioners employ RCA in areas where they are not engaged to optimize RCA eco-friendliness through circular economy strategies. This may be accomplished by specifying the material for construction works and developing the requisite technology to unlock its potential fully.",circular economy; eco-friendly; recycled aggregate concrete; sustainability,DOAJ
ac41752ed17d4e0b884ce4a7c1151548,"Risk characterisation and methods of improving practice for municipal waste management in disaster situations: A case study in Qom Province, Iran",Yadollah Ghafuri; Alireza Koohpaei,2022,Jàmbá,ZA,10.4102/jamba.v14i1.1151,https://jamba.org.za/index.php/jamba/article/view/1151,"Developing strategies to control environmental challenges and various aspects of health consequences of waste management is one of the major programs in metropolitan management. The main purpose of this study is to examine the level of preparedness, having a contingency plan and the emergency response ability to waste management in disaster situations. A descriptive study was designed in two phases: in the first phase of the study, composition, quantity and characteristics of municipal solid waste in the disaster were estimated, and by using DotMapper software, temporary waste sites for disaster situations (map waste) were determined. In the second phase of the study, the preliminary hazard analysis (PHA) to identify the initial events and risk analysis in the municipal waste management system was considered. Results show that more than 50% of the generated waste in the disaster is allocated to construction waste resulting from the destruction and more than 30% to recyclable items (metals, glass, plastic), and a very small part of about 1% of biodegradable waste was determined. Twenty points were designated as temporary sites for municipal waste in a disaster situation. Results of risk analysis in the disaster were described that for three events containing lack of temporary waste storage sites, lack of identification and determination of hazardous waste production centres and lack of waste management training programme in emergency situations were in the red range. Developing the necessary strategies to control environmental challenges and various aspects of health outcomes in waste management is one of the basic programmes in metropolitan management.",qom; waste; management; disaster; risk,DOAJ
ade1c62c30c14f7dbb4bf24a1a7ec199,Investigating the impact of lean construction principles on contractors’ project performance in Ethiopia using PLS-SEM,Achamyelew Maru; Wubshet  Jekale ; Belachew  Asteray,2024,Journal of Project Management,CA,10.5267/j.jpm.2024.4.004,http://www.growingscience.com/jpm/Vol9/jpm_2024_9.pdf,"         The construction industry faces challenges, such as schedule overruns, cost overruns, poor quality, and safety issues. Lean construction is a valuable concept for waste reduction and improving project performance. This study explored the impact of lean construction principles on contractors' project performance in Ethiopia. Using a quantitative method and simple random sampling technique, 159 respondents from construction companies were selected. This study introduced partial least squares structural equation modeling (PLS-SEM) in the study area. The results showed that process/technology lean principles, people/culture lean principles, and integrated project delivery variables had a direct positive impact on contractor performance. There was also a significant indirect relationship between process/technology-lean construction principles and project performance with a complementary partial mediation effect. However, no significant indirect associations were found between people/culture-lean construction principles and project performance through mediation of onsite construction waste management. The study used FIMIX-PLS to test robustness and detect hidden heterogeneity at non-critical levels. The findings provide researchers and practitioners to identify the influences that are critical for contractors’ projects performance improvement, and that results in the best possible outcome.",,DOAJ
c849732b7f6642cb8ffbe328d3db579b,Mechanical properties of concrete produced with alkali-activated slag-fly ash and recycled concrete aggregate and designed using the densified mixture design algorithm (DMDA) method: Effects of recycled aggregate content and alkaline solution,Duy-Hai Vo; Khanh-Dung Tran Thi; Chao-Lung Hwang; Min-Chih Liao; Wei-Liang Hsu; Mitiku Damtie Yehualaw,2023,Developments in the Built Environment,GB,10.1016/j.dibe.2023.100125,http://www.sciencedirect.com/science/article/pii/S2666165923000078,"The purpose of this study was to evaluate the mechanical properties of concrete specimens produced with recycled aggregate (RA) from construction demolition waste (CDW) based on alkaline activated slag-fly ash (AASF). The recycled aggregate concrete mixtures (RAC) were designed using DMDA method, with RA used as a 30%, 40%, and 50% partial replacement for natural aggregate (Category 1) and with Na2O doses of 4%–8% and modulus ratios of 0.6–1.4 (Ms = SiO2/Na2O; Category 2). The results showed that the inclusion of RA negatively affected the mechanical properties of RAC specimens, with recycled coarse aggregate exhibiting less of a negative effect than recycled fine aggregate. The concrete mixtures exhibited mechanical strength values of 20.7–35.9 MPa and UPV values of 3692–4200 m/s at 28 days of curing age. Concrete characteristics were significantly better in the mixtures produced using higher alkaline concentrations than in those produced using lower alkaline concentrations.",alkali-Activated slag-fly ash; Recycled aggregate concrete; Compressive strength; DMDA,DOAJ
e0cb2da83b6a418896ba1581d9f2aaa9,Enhancing Mortar Properties through Thermoactivated Recycled Concrete Cement,Ephrem Melaku Getachew; Begashaw Worku Yifru; Woubishet Zewdu Taffese; Mitiku Damtie Yehualaw,2023,Buildings,CH,10.3390/buildings13092209,https://www.mdpi.com/2075-5309/13/9/2209,"The effects of thermoactivated recycled concrete cement (TARC) on mortar as a partial replacement for cement was examined. TARC is derived from concrete waste through a series of processes. Different mortar mixtures were tested, ranging from 0% to 50% TARC in 10% increments. A comprehensive range of tests was conducted to assess the properties of the mortar, including fresh, mechanical, microstructure, and durability evaluations. The fresh test indicated that the incorporation of TARC impacted the flow of mortar, leading to reduced workability as the percentage of replacement increased. Regarding mechanical performance, using 20% TARC resulted in improved compressive strength, bulk density, and ultrasonic pulse velocity (UPV). Microstructural analysis using thermogravimetry, scanning electron microscopy, and Fourier transform infrared spectroscopy (FTIR) revealed that the TARC mix exhibited advantageous thermal properties, enhanced FTIR spectra, and a denser microstructure, thereby enhancing the durability of the mortar. Overall, substituting OPC with TARC significantly reduces the carbon footprint associated with cement production, promoting sustainability and contributing to a circular economy in the construction industry.",TARC; recycled cement; concrete; microstructure; fresh properties; hardened properties,DOAJ
ec9716e476f343fe98a315469d3dd85d,"Investigating the Effect of Innovative Construction Waste Management Practices on the Performance of Building Projects in Lagos State, Nigeria",Adepoju Adeyemi; Abiodun R. Oloye; Fatai A. Lawal,2024,African Journal of Science Policy and Innovation Management,US,https://doi.org/10.69798/41611772,https://koozakar.com/storage/publications/pdfs/KXXJjSaibTtg2s0B6pt2t9VxMKi9NpiAWOj0zLGj.pdf,"The construction sector in Lagos State, Nigeria, faces significant challenges due to waste generation, impacting both the environment and project efficiency. Recognizing the urgency to address these issues, there has been a growing interest in identifying and implementing effective construction waste management practices to enhance building project performance in the region. Despite existing literature recognizing the significance of innovation in waste management, there remains a notable gap in comprehending the precise impact of these practices on project outcomes specifically within Lagos State. Therefore, this study seeks to fill this gap by investigating the influence of Innovative Construction Waste Management Practices (ICWMPs) on building project performance in the region. Data were analysed using Partial Least Square in Structural Equation Modelling (PLS-SEM) analysis due to its suitability for examining multi-dimensional indicators. Findings reveal significant relationships between ICWMPs specifically industry policy (DIP), innovative materials and equipment (DME), and innovative manpower approach (DMP), and various project performance metrics such as cost, quality, and time. Industry policy emerged as the most influential factor, significantly impacting cost performance (β=0.526, T=4.984). Additionally, innovative materials and equipment (β=0.351, SE= 0.044) and innovative manpower approach (β=0.170, T=2.755) demonstrated significant relationships, emphasizing their importance in delivering quality work. The study recommends prioritizing adherence to industry policy, efficient innovative materials, equipment management, and strategic innovative manpower approach for construction industry stakeholders in Lagos State in order to optimize project performance in the region. These findings enhance our understanding of the interplay between waste management practices and project performance and provide valuable insights for promoting sustainable development within the construction sector.",construction industry; waste management practices; partial least squares; structural equation modelling; lagos state,DOAJ
edc7a24a9b954e40b65817bd5b7e25f8,"Strength, Porosity and Permeability Properties of Porous Concrete Made from Recycled Concrete Aggregates",Muniter Muresa Muda; Alemu Mosisa Legese; Girum Urgessa; Teshome Boja,2023,Construction Materials,CH,10.3390/constrmater3010006,https://www.mdpi.com/2673-7108/3/1/6,"Due to expansion in infrastructure and increased development of urbanization in Ethiopia, most of the places are covered either by impermeable cement concrete or bitumen that blocks the percolation of water from rainfall. A porous concrete made of zero fine aggregates, creating a pore that permits the concrete to be water permeable, is highly desirable. Similarly, the demand for natural coarse aggregates remains high, while natural resources are being depleted. Therefore, this study aims to investigate the properties of porous concrete using recycled concrete aggregate as a partial replacement for natural coarse aggregate. Experimental tests were conducted on cement setting time, workability of concrete, compressive, split tensile, porosity, and permeability of porous concrete. The properties of porous concrete at different ratios—0, 15, 30, 45 and 60%—revealed that RCA is suitable for use as coarse aggregate. The optimum replacement percentage of recycled aggregate for porous concrete in terms of strength is 30%, with 28th-day compressive strength of 17.37 MPa. However, slight increments were observed in porosity and permeability coefficient. Therefore, the concrete produced in this study is structural concrete, which is suitable for walkways and other concrete flat works, whereby heavy vehicle traffic loads do not exist.",compressive strength; permeability; porous concrete; recycled aggregate,DOAJ
f438915a74f14a23a9bea3ec64573b66,Comparative analysis on costs and benefits of producing natural and recycled concrete aggregates: A South African case study,Eric A. Ohemeng; Stephen O. Ekolu,2020,Case Studies in Construction Materials,GB,10.1016/j.cscm.2020.e00450,http://www.sciencedirect.com/science/article/pii/S2214509520301224,"In this paper, comparative analysis of the costs and benefits of producing natural and recycled concrete aggregates for concrete works in South Africa was conducted. The study is based on generation of construction and demolition waste, which continues to escalate as a result of replacement and renovation of existing structures. Presently, most demolition wastes are dumped in landfills or used in low quality applications such as road-based construction etc. One of the mitigation measures employed, is the reuse of demolished concrete as recycled concrete aggregate. The present study shows that the net benefit of producing natural or recycled concrete aggregate, is negative. However, production of recycled concrete aggregates is less expensive than that of natural aggregates. For instance, the long-term cost of producing one tonne of coarse recycled concrete aggregate was about 40 % less than that for coarse natural aggregate. Also, the environmental benefit of producing one tonne of recycled concrete aggregate was approximately 97 % higher than that for natural aggregate. Hence, the commercial production of recycled concrete aggregates from waste concrete should be promoted as a cost-effective and environmentally beneficial approach for implementation in the construction industry.",Natural aggregates; Recycled concrete aggregates; Economic analysis; Environmental benefit,DOAJ
f6d5fa07ca3d4b4fbff75d03b8329142,Performance and sustainability in hybrid concrete: A study of recycled aggregates and activated fly ash,Salman Masood; Lu Dagang; Kennedy C. Onyelowe; Mudassar Munir Shah; Hamad Almujibah; Aïssa Rezzoug; Hawreen Ahmed; Tabinda Ramzan; Nabil Ben Kahla; Nejib Ghazouani,2025,Ain Shams Engineering Journal,NL,10.1016/j.asej.2025.103597,http://www.sciencedirect.com/science/article/pii/S2090447925003387,"Construction and demolition waste (CDW), particularly concrete debris, poses significant environmental challenges globally. This study investigates the sustainable use of recycled coarse aggregates (RCA) combined with activated fly ash (AFA) in hybrid concrete mixtures to mitigate environmental impacts while maintaining performance. Laboratory tests evaluated mechanical properties, durability, and environmental footprints of concrete mixes with varying RCA replacement ratios (0%–100%) and fly ash activation using a sodium hydroxide/sodium silicate solution. Results indicate that RCA replacement up to 60% leads to a reduction in compressive strength when used alone; however, incorporating 25% activated fly ash effectively recovers much of this strength loss, achieving near-comparable performance to conventional concrete. Durability assessments reveal enhanced resistance to chemical attack and chloride ion penetration in mixes containing activated fly ash. Environmental impact analysis demonstrates substantial reductions in carbon emissions (43%), aquatic acidification (30%), and non-renewable energy use (29%) with the hybrid RCA-AFA concrete. Multi-criteria TOPSIS analysis confirms the superiority of activated fly ash mixes in balancing mechanical performance and sustainability. These findings highlight the potential of combining RCA with chemically activated fly ash to develop durable, high-performance concrete that supports circular economy goals and sustainable construction practices.",Construction and demolition waste; Recycled coarse aggregate; Activated fly ash; Carbon footprint mitigation; Chloride ion resistance; TOPSIS analysis,DOAJ
f792ecb905af43ac90b73283daae703b,Disparity in research findings on parent concrete strength effects on recycled aggregate quality as a challenge in aggregate recycling,Hintsa G. Gebremariam; Shifferaw Taye; Abrham Gebre Tarekegn,2023,Case Studies in Construction Materials,GB,10.1016/j.cscm.2023.e02342,http://www.sciencedirect.com/science/article/pii/S2214509523005223,"Although the idea behind recycled concrete aggregates (RCA) is not particularly novel, its potential for reuse must be verified by carefully evaluating the properties of RCA produced from various sources. Previous research has demonstrated that the mechanical qualities of the parent concrete (PC), which may originate from a number of sources, can have a substantial impact on the characteristics of RCAs. But the conclusions of these literary works were inconsistent. Researchers and construction stakeholders in regions where there have been few or no studies on the topic such as Ethiopia may find it challenging to choose which of these concepts to use in their practical applications as a result of these comparable contradictions in the literature. Therefore, this research conducted new physical and mechanical property tests on recycled aggregates derived from various strengths of parent concrete laboratory cubes and concrete remains found from demolished buildings in Ethiopia in an effort to explain the considerable range of variation in results in the literature and to investigate the aspects of recycled aggregates that have not yet been explored. Parent concretes with 28-day cube compressive strengths of 25, 37, 45, and 67 MPa were produced in the laboratory, and demolished concrete from real-life structures aged 5 and 23 years with cube compressive strengths of 25 and 37 MPa, respectively, was utilized. The study's findings showed that the qualities of recycled aggregates were favorably associated with an increase in the strength of parent concrete. Recycled concrete aggregates' resistance to abrasion, impact, and crushing resistance, specific gravity, and water absorption all improved with an increase in the strength of parent concrete, although mortar content climbed. As a result, it is anticipated that this research will assist researchers and construction stakeholders in better understanding how recycled aggregate properties are impacted by variations in parent concrete strength.",Recycled aggregates; Mechanical properties; Parent concrete; Mortar content; Concrete waste,DOAJ
0084722296714769963fee39133c922d,Effect of gum Arabic content on maximum dry density and optimum moisture content of laterite soil,Alladjo Rimbarngaye; John N. Mwero; Erick K. Ronoh,2022,Heliyon,GB,10.1016/j.heliyon.2022.e11553,http://www.sciencedirect.com/science/article/pii/S2405844022028419,"Soil is a material that has been used in construction for centuries and nowadays represents one third of the world's construction. Cement and lime which are common stabilisers used to make soil-based blocks durable have been found to be harmful to the environment. Therefore, finding environmentally friendly materials as a substitute for cement and lime is of vital importance. In Africa, gum Arabic is a widely available organic material (a biopolymer). The objective of this study was therefore to evaluate the effects of gum Arabic on maximum dry density and optimum moisture content of laterite soil in order to use gum Arabic as a binder for the stabilization of laterite soil blocks. Light compaction test (Standard Proctor Test) was carried out for the mixture of laterite soil, sand, and gum Arabic. The proportion of sand was 20% by mass of laterite soil in this mixture; the gum Arabic was varied from 0 to 10% with a step of 2, by mass of laterite soil. The results showed that the maximum dry density decreased from 1883 kg/m3 to 1693 kg/m3 after the addition of 0%–10% gum Arabic in laterite soil, respectively. Whereas the optimum moisture content increased from 14.88% to 18.38% after the addition of 0%–10% gum Arabic, respectively. The observed results of the maximum dry density have been found to be within the recommended range. Based on the findings from this study, gum Arabic can be recommended as binder in the stabilisation of laterite blocks.",Gum Arabic; Natural biopolymer; Laterite soil; Proctor test; Maximum dry density; Optimum moisture content,DOAJ
0645a9a5e63842869bef663c8d2ac6e8,Influence of Compacting Rate on the Properties of Compressed Earth Blocks,Humphrey Danso,2016,Advances in Materials Science and Engineering,GB,10.1155/2016/8780368,http://dx.doi.org/10.1155/2016/8780368,"Compaction of blocks contributes significantly to the strength properties of compressed earth blocks. This paper investigates the influence of compacting rates on the properties of compressed earth blocks. Experiments were conducted to determine the density, compressive strength, splitting tensile strength, and erosion properties of compressed earth blocks produced with different rates of compacting speed. The study concludes that although the low rate of compaction achieved slightly better performance characteristics, there is no statistically significant difference between the soil blocks produced with low compacting rate and high compacting rate. The study demonstrates that there is not much influence on the properties of compressed earth blocks produced with low and high compacting rates. It was further found that there are strong linear correlations between the compressive strength test and density, and density and the erosion. However, a weak linear correlation was found between tensile strength and compressive strength, and tensile strength and density.",,DOAJ
1b2b138e0f3b483398ff8cf482cb6769,"Examining the viability and benefits of cement-stabilized rammed earth as an affordable and durable walling material in Addis Ababa, Ethiopia",Ermias A. Amede; Gebrella G. Aklilu; Helen W. Kidane; Alemayehu D. Dalbiso,2024,Cogent Engineering,GB,10.1080/23311916.2024.2318249,https://www.tandfonline.com/doi/10.1080/23311916.2024.2318249,"AbstractCement-stabilized rammed earth, recognized as a sustainable and cost-effective alternative in the construction industry, is gaining traction. This research investigates its potential as an affordable and durable walling material in Addis Ababa, Ethiopia, and compares it with other prevalent walling products. The study evaluates red clay soil’s physical and mechanical characteristics, both pre and post-cement stabilization. Laboratory tests conducted using soil samples from Addis Ababa demonstrate the viability of cement-stabilized rammed earth. Increasing cement content enhances strength and erosion resistance, making it a cost-effective solution for addressing regional housing challenges. This study assessed the effect of cement content at 0%, 5%, 10%, and 15%. Results show that compressive strength increases as the cement content increases; the compressive strength of cement stabilized rammed earth is 1.766 MPa, 2.85 MPa, 4.79Mpa and 7.61 MPa for 0%, 5%, 10%, and 15% cement content respectively. The cement stabilized rammed earth durability test for 10% and 15% cement content against rainfall erosion show no penetration where 117.5 mm and 1 mm penetration depth for 0% and 5% cement content; the findings underscore increased cement content enhancing the material’s resistance to rainfall erosion.","Cement stabilized earth block; soil classification; sustainability; alternative walling; Ian Phillip Jones, University of Birmingham, UK; Composites",DOAJ
1b31bceea46049a2b288905315a5a4fb,Physico-mechanical properties of compressed earth blocks stabilized with recycled waste glass particles and lime,Humphrey Danso; Olubisi Ige; Justice Williams; Prosper Mensah; Abayomi Adewale Akinwande; Brett Martinson; Muhammad Ali,2025,Discover Civil Engineering,CH,10.1007/s44290-025-00269-x,https://doi.org/10.1007/s44290-025-00269-x,"Abstract There is an increased demand for the use of recycled industrial waste for use as sustainable building and construction materials. Recycled glass is a common waste material that has the potential to be used in earth blocks. This study, therefore, assessed the physico-mechanical properties of compressed earth blocks (CEBs) stabilized with recycled waste glass particles (RWGP) and lime to determine the influence that the glass particles and lime have on the CEBs. An experimental approach was followed to prepare CEBs with 0 to 25% RWGP at 5% intervals and a 10% constant lime, and tested for water absorption, compressive strength, tensile strength, and scanning electron microscope (SEM) after curing for 7 to 28 days. The 5% RWGP and lime CEBs achieved the lowest water absorption of 3.06% as compared with the unstabilized specimens of 8.60%, which represents about 181% water absorption reduction. The highest compressive strength of 5.77 MPa was achieved at 10% RWGP and lime CEBs, while the unstabilized specimens achieved 3.03 MPa at 28 days of curing, representing about 90% improvement. The highest tensile strength of 0.52 MPa was achieved at 10% RWGP and lime CEBs, while the unstabilized specimens achieved 0.40 MPa at 28 days of curing, which represents a 30% improvement. There was a strong positive relationship between the tensile strength and the compressive strength of the CEBs, with R2 of 0.7362 to 0.9547, and a range of 7.58 to 10.16 times of tensile strength to compressive strength. The microstructural analysis showed no visible cracks in the 10% RWGP and lime specimens, while the 25% RWGP and lime specimens showed micro-cracks in the specimens. The study concludes that the incorporation of RWGP and lime positively and significantly influenced the physico-mechanical properties of the CEBs, and recommends that manufacturers use 10% RWGP and 10% lime for producing CEBs. Future studies could assess the thermal and durability properties of CEBs stabilized with RWGP and lime.",Compressed earth blocks; Compressive strength; Lime; Recycled waste glass particles; Tensile strength; Water absorption,DOAJ
1d90d6a380bc43c0a8322c4e0369b64f,SoTL in Human Movement Sciences: Moving Forward in South Africa,Cornelia Schreck; Alretha du Plessis; Dané Coetzee; Christo Bisschoff; Jacobus Oosthuizen; Samantha Kahts-Kramer,2023,Teaching & Learning Inquiry: The ISSOTL Journal,CA,10.20343/teachlearninqu.11.31,https://journalhosting.ucalgary.ca/index.php/TLI/article/view/77998,"
The Scholarship of Teaching and Learning (SoTL) is an emerging focus within South Africa (SA). In Human Movement Sciences (HMS) in SA, research is primarily discipline-specific, and many researchers are unfamiliar with SoTL. To explore how we (as HMS lecturers) could integrate SoTL into our research, we formed a community of practice (CoP). The SoTL unicycle depiction of Swart et al. (2016) suited our visual analogy since the focus of HMS is on the human body that is in motion. For us, the unicycle represented HMS SoTL in motion. Swart et al. (2016) viewed the SoTL movement as an academic’s individual journey, whereas we saw SoTL from a CoP perspective. Therefore, we adapted the unicycle into a tandem bicycle, representing our collaborative engagements. Participatory action learning and action research (PALAR) formed our theoretical framework. Through our dialogue, each tandem wheel’s focus emerged. The back wheel was about deciding to SoTL (or not). This became a linchpin of our critical dialogue during the relationship-building phase of our CoP. Once we committed, we needed to learn how to keep our CoP moving forward. This became the middle wheel of our tandem bicycle. Next, the front wheel and handlebar became our guide into what the future of SoTL would be for us. The tandem bicycle, therefore, represents our collective cycles of learning as we became SoTL researchers. We believe our learning can support others transitioning from discipline-specific research to engaging in SoTL.


 


*Please note that this poster is best viewed in Adobe on a computer/laptop for interactivity.


 


Click here to read the corresponding ISSOTL blog post. 
",Community of practice; Human Movement Science; Participatory Action Learning and Action Research (PALAR); South Africa,DOAJ
218a304926f140b3b3f2fff9de6dcac5,Relationship between Textural and Mineralogical Properties of Crystalline Igneous Rocks Using Textural Quantification by Image Analysis,Ali Hemmati; Mohammad Ghafoori; Hassan Moomivand; Gholam Reza Lashkaripour,2019,Journal of Economic Geology,IR,10.22067/econg.v11i3.70491,https://econg.um.ac.ir/article/view/70491,"Introduction
The mineralogical and textural characteristics of rock materials have an important influence on physico-mechanical properties. The effects of some textural characteristics like grain size (Brace, 1961), grain shape (Cox and Budhu, 2008), grain surface (Diepenbroek et al., 1992), grain size distribution (Gurkan Ozgurel and Vipulanandan, 2005), and grains interlocking (Hoek, 1965) on physico-mechanical behavior of rock materials has always been emphasized. On the other hand, it has been found that textural properties are originally controlled by the mineralogy and chemistry of rock materials (Locat et al., 1984). Knowing the textural, mineralogical and chemical properties of rock materials and understanding the governing relationships can help us predict the quantitative and qualitative behavior of rock materials. The aim of this study is to investigate the interrelationships among the various textural properties besides the relationship between the textural characteristics and the mineralogy and chemical composition.

Materials and methods
Fifteen crystalline igneous rock samples including a wide variety of rock types and grain size were collected from the granite quarries of NW Iran (Fig. 1) and the thin sections of the samples were prepared for quantification of the textural characteristic by image acquisition analysis under a polarized microscope. A total of 360 digital photomicrographs of each thin section were taken from the entire surface area of the thin section in three steps of natural light (PPL), polarizing light (XPL), and polarized light by a 45° rotation of the stage (Fig. 2). After preprocessing of distortion and skewness, the images were joined by Adobe Photoshop software to make the integrated mosaic image layers. The grain boundary tracing was carried out by drawing the grain outline through the interface of the adjacent grains via the three mosaic image layers on the background using the JMicroVision software (schematic diagram in Fig. 3). Simultaneously, identification and documentation of the mineral grains (crystals) were conducted by utilizing the optical properties of the minerals occurring in image layers. Overall, about 18,000 mineral grains were traced from the thin sections of fifteen samples. The accomplished graphic files after some of the file-format conversions were loaded by the ArcMap program to extract the main geometric textural properties like length, width, area, perimeter, circularity, and some related geometric concepts (Fig. 4) which were used to calculate  advanced textural parameters such as roughness, rugosity, etc. Simultaneously, the mineralogy composition of the samples was obtained from the covered area of minerals in thin sections and used for classification of the samples according to the IUGS system (Fig. 5). In addition, textural mineral distribution map (TMDM) of the samples (Fig 6) were prepared and used to do petrographic textural studies of the samples.

Discussion
The results of correlations revealed that ""size"" is the most important textural parameter, which shows a notable relationship with mineralogy and chemical composition of the studied rock samples. Moreover, the result exhibited that the number frequency graphs of the grains (crystals) size distribution are asymmetric and non-normal that show negative (right) skewness. Consequently, arithmetic average cannot be an acceptable statistical mean to determine the average of the grain size due to the fine-grains tendency error, whereas textural and qualitative properties of rock are mainly controlled by the coarse and moderate grains content. Thus, the area-weighted mean diameter extracted from the cumulative distribution curves, (Fig 22) was suggested instead of the common arithmetic average to determine the mean grains size of the crystallized rock material. In addition, it was found that the elongation (aspect ratio) of the grains shows a good correlation with most of the shape-metric and grains-interrelation parameter. Thus, it should be considered as an efficient textural index to evaluate the grains interrelationships rather than the common texture coefficient (TC) index because of the simplicity and rapidity of its calculation.

Results and Conclusions
The statistical mean of the geometric textural parameters besides the total constituent grains were determined for the main minerals phases (quartz, plagioclase, alkali-feldspar) and mafic minerals (here all the other minerals). Therefore, correlation analyses were conducted among the various non-phasic and phasic textural variable as well as the chemical and mineralogical composition. The analysis was carried out through classification of textural parameters into three main groups of size-metric (diameter, area and perimeter), shape-metric (elongation, circularity, rectangularity, roundness, roughness, rugosity and compactness) and grain-interaction (size homogeneity, heterogeneity index, interlocking index and Texture Coefficient) parameters with respect to the nature of parameters' demands. Considering abundance of the evaluating textural variable, at first, the matrix correlations among the various textural, mineralogical and chemical variables were calculated and the significant correlations were interpreted via linear regression analyses and graphical illustrations.
 
References
Brace, W.F., 1961. Dependence of fracture strength of rocks on grain size. 4th Symposium on Rock Mechanics, Pennsylvania State University, Pennsylvania, USA.
Cox, M.R. and Budhu, M., 2008. A practical approach to grain shape quantification. Engineering Geology, 96(1–2): 1–16.
Diepenbroek, M., Bartholomä, A., and Ibbeken, H., 1992. How round is round? A new approach to the topic “roundness” by Fourier grain shape analysis. Sedimentology, 39(3): 11–422.
Gurkan Ozgurel, H. and Vipulanandan, C., 2005. Effect of Grain Size and Distribution on Permeability and Mechanical Behavior of Acrylamide Grouted Sand. Journal of Geotechnical and Geoenvironmental Engineering, 131(12): 1457–1465.
Hoek, E., 1965. Rock Fracture under Static Stress Conditions. Ph.D. Thesis, University of Cape Town, Cape Town, South Africa, 270 pp.
Locat, J., Lefebvre, G. and Ballivy, G., 1984. Mineralogy, chemistry, and physical properties interrelationships of some sensitive clays from Eastern Canada. Canadian Geotechnical Journal, 21(3): 530–540.",textural quantification; image analysis; area-weighted mean diameter; crystalline igneous rocks; granite quarries of nw iran,DOAJ
21ab632b0c6c49debc2631b2654b05cd,Environmental and Cost Effects of Stabilized Laterite-Tyre Composite in Buildings,Olugbenga Stephen Fashuyi,2021,Proceedings of the International Conference of Contemporary Affairs in Architecture and Urbanism-ICCAUA,TR,10.38027/ICCAUA2021319N20,https://journal.iccaua.com/jiccaua/article/view/230,"
The increasing amount of waste tyres worldwide made its disposal a significant problem. Because of this, the availability of a market for the tyres became imperative. Incidentally, this market was found in the housing sector where recycled waste tyres were used as stabilized laterite composite for alternative building material. This study evaluated the environmental effects of the recycled waste tyres as a composite of stabilized laterite for buildings. It also evaluated the cost effects of the stabilized laterite composite. The study concludes that the stabilized laterite composite is a cost-effective alternative building material and that it reduces the level of greenhouse gasses. Other relevant issues were also discussed.
",Tyre stabilized laterite; Polymers; Cement; Greenhouse gases; Rubber,DOAJ
22ecf9e8a40b405e89e47056c1d7de4d,"THE ROLE OF GRAZING ON LANDSCAPE DEGRADATION IN THE SABGABAMUNKA AREA, CAMEROON",Tankie Quinta SHEGWE; Clement Anguh NKWEMOH; Sirri Erika SUH; Shey Dominic NFORYA; Wirsiy Destain YUNGSI;  Tchana Christian BRICE,2021,Revista Universitară de Sociologie,RO,,http://www.sociologiecraiova.ro/revista/wp-content/uploads/2021/04/RUS-1_2021_ff-174-185.pdf,"The Sabga-Bamunka Area is a vivid example of areas in Sub-Saharan Africa where
grazing has resulted in conspicuous landscape deterioration. Landscape degradation is quite
visible over the globe but the manifestations of degradation on rangelands remains complex and
varied from one place to another. This study is therefore carried out to assess the effects of grazing
activities on the landscape of the Bamunka-Sabga Area. The methodology that has been adopted
in this research is both deductive and inductive. The data used have been obtained from primary
sources through field measurements, observations, photographs, and administration of
questionnaire, focus group discussions and interviews. The study also made use of topographic
map, satellite images, Landsat ETM of study Area. Data was then treated with the use of GIS and
Computer Assisted Cartographic soft wares such as QUANTUM GIS, ArcGIS, and ADOBE illustrator.
The processed data were then presented in the form of; tables, graphs, histograms and synoptic
charts as well as maps. The study reveals that cattle’s rearing is the main triggering force of the
landscape degradation processes. This has been seen through the numerous erosional forms,
reduction in vegetal cover, and recurrent/ incessant mass-movements. It was equally clearly
deduced that the carrying capacity of the area is overstretched resulting in overgrazing, as a result
of increasing numbers of herds that graze on the commons. The quest of the growing population
to obtain a living as well as improving on the economy of the area has overtasked the
environmental resources. The solutions proposed involve strategies to prevent and control
landscape degradation. These solutions are sustainable and fall within the ability of the local
inhabitants and the economic context of our nation. There is thus the need for concrete
environmental management plans that can meet the taste of time in the short, medium and long
term for present day Sabga-Bamunka area",cattle rearing; overgrazing; landscape degradation; farmer-grazier conflict; sustainable management,DOAJ
2e605c6a17914dfcaba2a03c88a3d296,Life cycle embodied carbon evaluation of a two-bedroom house construction in Ghana: A comparison between stabilized laterite and sancrete building,Theophilus Frimpong Adu; Mohammed D.H. Zebilila; Peter Adzakey; Wilson Ofori Sarkodie; Zakari Mustapha,2025,Heliyon,GB,10.1016/j.heliyon.2025.e42212,http://www.sciencedirect.com/science/article/pii/S2405844025005924,"This study investigated the embodied carbon (EC) emissions of stabilized laterite brick and sancrete block buildings in the Ghanaian construction industry using a cradle-to-site life cycle assessment (LCA) approach. The findings reveal that the embodied carbon footprint of laterite brick is basically due to the cement content. An air-dried stabilized laterite brick (1:1.6:8.1 ratio of cement, sand and laterite) used in the study exhibited a higher EC of 0.0505 kgCO2e/kg compared to sancrete block (1:16 ratio of cement to sand) of 0.0336 kgCO2e/kg. However, despite the higher EC per kilogram of stabilized laterite brick bricks, the overall stabilized laterite building demonstrated a significantly lower EC per square meter (268.16 kgCO2e/m2) compared to sancrete buildings (313.39 kgCO2e/m2). This is because the stabilized laterite buildings required less plastering, reducing the amount of cement used and paint for finishing. The plastering and paint used in sancrete buildings contribute to higher embodied carbon emissions. This study highlights that replacing cement and paint with lower embodied carbon materials could be a promising strategy for sustainable construction. Further research is recommended to include the entire building life cycle, encompassing not only the construction phase but also the operational and end-of-life stages. Air-dried laterite bricks offer a practical and sustainable choice for Ghana's built environment due to their lower embodied carbon footprint and reliance on locally available materials.",Climate change; Embodied carbon; Green Building; Laterite bricks; Ghana,DOAJ
2fbb4573c62643e7b7e53f8ca0f0b583,"Evaluation of the Golden Proportion, Golden Percentage, and Recurring Esthetic Dental Proportion in Kenyans of African Descent",Marion N. Mosomi; Susan W. Maina; Olivia A. Osiro; Ben I. Omondi,2024,Clinical and Experimental Dental Research,US,10.1002/cre2.923,https://doi.org/10.1002/cre2.923,"ABSTRACT Objectives To evaluate the validity of the Golden Proportion, Golden Percentage, and Recurring Esthetic Dental (RED) Proportion among Kenyans of African descent with naturally well‐aligned teeth. Materials and Methods Standardized frontal photographic images of the smiles of 175 participants aged 18–35 years were obtained, and Adobe Photoshop was used to analyze and measure the frontal widths of the maxillary central and lateral incisors and canines in triplicate. The average teeth widths were calculated to determine the existence of the Golden Proportion, Golden Percentage, and RED Proportion, and their validity using independent sample t‐tests to compare the differences in the mean teeth widths at α < 0.05. Results The number of male and female participants was 107 (61.1%) and 68 (38.9%), respectively. The Golden Proportion between the maxillary central and lateral incisors was found in 4.0% on the right and 2.8% on the left of all the participants, but between the maxillary lateral incisors and canines was found in only 0.6% on the right of male participants (p < 0.0001). The RED Proportion between the maxillary lateral and central incisors was in the range of 67%–70%, and between the canines and lateral incisors was 82%–84% (p < 0.0001). The proportion of RED was not constant, and gradually increased distally. The Golden Percentage of 15% was observed in the lateral incisors bilaterally; however, in the central incisors and the canines, the Golden Percentage was 22% and 12%, respectively. Conclusion The Golden and RED Proportions were invalid determinants of anterior teeth proportions. The Golden Percentage existed only in the lateral incisors. The Golden Proportion, RED Proportion, and Golden Percentage theories may not be applicable to all populations when designing smiles. Racial and ethnic backgrounds are important considerations to establish objective quantifiable values of anterior tooth proportions that are beneficial for esthetic restorations.",Golden Percentage; Golden Proportion; maxillary anterior tooth proportions; Recurring Esthetic Dental Proportion,DOAJ
31447df3b44540d09c52610e85d8404d,Reinforcement Approach in Experimental Investigations of Mud Brick Wall under Diagonal Tension,Asghar Vatani Oskouei; Mohammad Afzali; Mohammadreza Madadipour; Ali Bakhshi,2016,مسکن و محیط روستا,IR,,http://jhre.ir/article-1-925-en.pdf,"Earth is considered as the cheapest material readily available for construction in rural areas of Asia, South America to Africa. The main reasons for the popularity of adobe can be summarized as follows: (a) local material is available everywhere; (b) a high level of skill and technology is not required for the production of adobe bricks and constructions; (c) repair and maintenance of adobe structures do not require specialized labor; and (d) inherent properties of earth make it an efficient heat and sound insulating material. Despite these numerous merits, adobe houses are prone to damage under seismic vibrations and they are susceptible to water.

In this study, the solutions for seismic performance improvement of new adobe walls have been examined. To improve the performance of walls, two resolutions have been tested to improve properties of the block and mortar. For this purpose, blocks have been enhanced by natural additives (such as palm fiber, rice husk, wood chips and straw) with various percentages 0/3%, 0/6% and 0/9% in weight. The bricks were made in size of 22 × 22 × 7 cm (face × bed × end), and their mechanical properties have been examined. The best reinforced block, by best compressive strength and its durability against water is selected. Natural fibers have been used for a long time in many developing countries in cement composites and earth blocks because of their availability and low cost. However, the use of mud bricks for structural elements of buildings is the subject to an assessment of its mechanical properties, the investigation of which constitutes the aim of this paper.

This study presents an experimental investigation on mud brick wall under axial compression. The average compressive strength of bricks is 4.73 MPa. To determine the performance of straw additives in mortar, mortar used to build walls is considered in two forms: non-reinforced mortar and reinforced with straw fibers and their mechanical properties have been measured. Then six walls in sizes 120 × 22 × 22 cm were made ​​with two different kinds of mortar and bricks (simple wall and reinforced wall). Walls were put under diagonal compressive axial load in order to evaluate type of cracks, ultimate load capacities, deformability, and energy absorption characteristics. Cracks and their depth in samples with reinforced mortar were reduced. The ultimate strength of conventional walls and the walls with reinforced mortar were 16.6 and 22.77 kN that shows an increase of 37% in the ultimate load level. The energy absorbed by the typical walls and reinforced walls were respectively, 268.16 and 573.02 Joules, which shows an increase of 1.14 percent in energy absorption. Final displacement for ordinary walls and reinforced walls were respectively 23.1 and 32.96 mm that shows a final increase of 43 percent. Test results showed that straw additives can be used as reinforcing material in mortar of mud brick walls with better economical and the structural efficiency.",mud brick; earth blocks; diagonal tension tests; straw additives; mortar; mud brick wall,DOAJ
3bf2787fe7bf465a9d1f7ee27072e176,Professional advice for primary healthcare workers in Ethiopia: a social network analysis,Kate Sabot; Karl Blanchet; Della Berhanu; Neil Spicer; Joanna Schellenberg,2020,BMC Health Services Research,GB,10.1186/s12913-020-05367-3,http://link.springer.com/article/10.1186/s12913-020-05367-3,"Abstract Background In an era of increasingly competitive funding, governments and donors will be looking for creative ways to extend and maximise resources. One such means can include building upon professional advice networks to more efficiently introduce, scale up, or change programmes and healthcare provider practices. This cross-sectional, mixed-methods, observational study compared professional advice networks of healthcare workers in eight primary healthcare units across four regions of Ethiopia. Primary healthcare units include a health centre and typically five satellite health posts. Methods One hundred sixty staff at eight primary healthcare units were interviewed using a structured tool. Quantitative data captured the frequency of healthcare worker advice seeking and giving on providing antenatal, childbirth, postnatal and newborn care. Network and actor-level metrics were calculated including density (ratio of ties between actors to all possible ties), centrality (number of ties incident to an actor), distance (average number of steps between actors) and size (number of actors within the network). Following quantitative network analyses, 20 qualitative interviews were conducted with network study participants from four primary healthcare units. Qualitative interviews aimed to interpret and explain network properties observed. Data were entered, analysed or visualised using Excel 6.0, UCINET 6.0, Netdraw, Adobe InDesign and MaxQDA10 software packages. Results The following average network level metrics were observed: density .26 (SD.11), degree centrality .45 (SD.08), distance 1.94 (SD.26), number of ties 95.63 (SD 35.46), size of network 20.25 (SD 3.65). Advice networks for antenatal or maternity care were more utilised than advice networks for post-natal or newborn care. Advice networks were typically limited to primary healthcare unit staff, but not necessarily to supervisors. In seeking advice, a colleague’s level of training and knowledge were valued over experience. Advice exchange primarily took place in person or over the phone rather than over email or online fora. There were few barriers to seeking advice. Conclusion Informal, inter-and intra-cadre advice networks existed. Fellow primary healthcare unit staff were preferred, particularly midwives, but networks were not limited to the primary healthcare unit. Additional research is needed to associate network properties with outcomes and pilot network interventions with central actors.",Social network analysis; Healthcare workers; Professional advice; Advice networks; Maternal and newborn health; Ethiopia,DOAJ
4062a78f71f94203b741234f1070261f,"Acoustical properties of compressed earth blocks: Effect of compaction pressure, water hyacinth ash and lime",Justus Ouma; Nicholas Ongwen; Erick Ogam; Mercy Auma; Z.E.A. Fellah; Maxwell Mageto; Mohamed Ben Mansour; Andrew Oduor,2023,Case Studies in Construction Materials,GB,10.1016/j.cscm.2023.e01828,http://www.sciencedirect.com/science/article/pii/S2214509523000074,"This study assessed the potential use of a mixture of lime and water hyacinth ash (WHA) as binders in fabrication of cylindrical compressed earth blocks (CEBs) with good acoustic absorption properties for building and construction. Different concentrations of the binders and compaction pressures were employed so as to vary the acoustical properties of the fabricated blocks. The geometric and transport parameters of their porous microstructure were recovered through probing using acoustic waves. A low-frequency acoustic wave guide was built for this purpose. It was found out that the transmission coefficient decreased with the compaction pressure, and with addition of lime, while WHA increased the transmission coefficient. The non-acoustical parameters recovered using the equivalent fluid model (JCAL) showed that the variation of the geometry of the microstructure of the blocks is what influences the acoustic transmission coefficient. Thus, the properties of the CEBs can be steered using binder concentration and compaction pressure in a controlled manner.",Compressed earth blocks; Acoustics of compressed earth blocks; Water hyacinth in compressed earth blocks; Lime-stabilized earth blocks,DOAJ
421556502ecc4701a60356afac941151,Examining the Impact of Multilevel Courtyards in Hot-Dry and Humid Climates,Eleazar Chidiadi; Ahmad Taki,2025,Energies,CH,10.3390/en18102425,https://www.mdpi.com/1996-1073/18/10/2425,"Urbanisation has significantly transformed human settlements, presenting sustainability challenges, particularly in hot-dry and humid climates. The urban heat island effect and increased energy consumption exacerbate reliance on mechanical cooling and fossil fuels. As climate change escalates, developing sustainable architectural solutions that improve thermal performance and energy efficiency becomes crucial. This study examines the effects of various multilevel courtyard designs on building performance in Abuja, Nigeria, highlighting gaps in applying traditional principles to these models. A mixed-method approach, combining quantitative and qualitative techniques, assesses user perceptions, thermal performance, energy efficiency, and daylighting in multilevel courtyards. Findings indicate that optimised multilevel courtyard configurations yield a 2.15 °C reduction in temperature, enhancing indoor thermal comfort and improving natural ventilation. Users favour multilevel courtyard housing; however, challenges include inadequate daylighting on lower levels and the need for shading solutions. Compressed earth blocks exhibit better thermal performance, reducing peak temperatures by 1.19 °C compared to hollow concrete blocks. Guidelines for architects and urban planners are provided, as well as recommendations for future research on policy incentives to promote multilevel courtyard models.",courtyards; multilevel typology; hot-dry and humid; Abuja; simulations; energy efficiency,DOAJ
4f799cc911a546e09d2c4cd6482fba83,Suitability of Bentonite-Stabilized Laterite for Use as a Material for Nuclear Waste Containment in Sub-Saharan Africa,Emmanuel E. Arinze; Colin T. Davie,2025,Journal of Engineering,GB,10.1155/je/5542006,http://dx.doi.org/10.1155/je/5542006,"This article investigates the potential use of a bentonite-stabilized laterite mixture as a material for nuclear waste containment in sub-Saharan Africa. The study analyzes the engineering properties of the composite material, including its compaction properties, permeability, swelling properties, and specific gravity. The article discusses the increasing importance of effective management of radioactive waste and the use of deep geological repositories (DGRs) for long-term storage. However, the high swelling pressure of bentonite poses risks to the structural integrity of DGRs. To address this issue, researchers have explored the use of bentonite–laterite mixtures as barrier materials. In sub-Saharan Africa, laterite has been considered as a potential solution for reducing the swelling potential of bentonite. The study conducts tests on commercially sourced MX bentonite and laterite to assess their engineering properties. Permeabilities of the mixes increased to 4.3E − 12, 5.5E − 12, 3.8E − 11, and 2.5E − 11 m/s, respectively, with 10%, 20%, 30%, and 40% of laterite in the composite. Similarly, the swelling pressure improved from 0.8 MPa to 1.7, 2.1, 2.5, and 2.8 MPa, respectively, with 60%, 70%, 80%, 90%, and 100% bentonite content. The results reveal that the addition of laterite improves the compaction properties of the mixture, decreases the clay concentration, increases permeability, reduces water absorption, and lowers swelling capacity. The recommended mixture for nuclear waste containment in sub-Saharan Africa is 85% bentonite and 15% laterite, meeting required specifications while considering cost-effectiveness and material availability. This research contributes to the understanding of the swelling properties of bentonite stabilized with laterite and provides valuable insights for the design and construction of DGRs for nuclear waste.",,DOAJ
6e92d07f0ee1485e9557478a67ff09f4,LogicHouse-v1: a digital game-based learning tool for enhanced teaching of digital electronics in higher education institutions,Joy Ajayi; Emmanuel Adetiba; Ayodele H. Ifijeh; Abdultaofeek Abayomi; John Wejin; Surendra Thakur; Sibusiso Moyo,2024,Cogent Engineering,GB,10.1080/23311916.2024.2322814,https://www.tandfonline.com/doi/10.1080/23311916.2024.2322814,"AbstractA drastic decline in the number of students that are enrolled for Engineering is now being experienced in developed as well as developing countries. Learning is becoming boring as a generation brought up on technology is losing the ability to pay attention in traditional classes for a long stretch of time. This has led to the idea that other teaching methods do exist and can be applied in teaching/learning. This work leveraged the use of Digital Game-Based Learning (DGBL) in Engineering classrooms to develop a serious game named LogicHouse Version 1 (LogicHouse-V1 or LogicHouse for short). The game, is a web-based serious game prototype that targets selected topics in Digital Electronics course. This course is a core component of undergraduate curriculum in Electrical & Electronics Engineering, Computer Engineering, Information Technology, Communication Engineering, Computer Science and other related Science Technology Engineering and Mathematics (STEM) courses. LogicHouse involves a virtual broken house where the player has to play the various levels to fix the house and gain points along the way. This game was designed based on the Learning Mechanics-Game Mechanics (LM-GM) model and the Unified Modeling Language (UML). Furthermore, the design was implemented using Adobe Illustrator, Procreate, Unity Engine, C#, Microsoft Azure Playfab and deployed on itch.io. Preliminary evaluation results indicate that students are interested in the game and its application. Based on this, there is a prospect of improved performance in any course in which the game is implemented.",DGBM; LogicHouse; LM-GM; STEM; UML; Ai Qingsong,DOAJ
7058e8fe4f9148a397a5b73232a58d26,Novel Fermentation Techniques for Improving Food Functionality: An Overview,Precious O. Ajanaku; Ayoyinka O. Olojede; Christiana O. Ajanaku; Godshelp O. Egharevba; Faith O. Agaja; Chikaodi B. Joseph; Remilekun M. Thomas,2025,Fermentation,CH,10.3390/fermentation11090509,https://www.mdpi.com/2311-5637/11/9/509,"Fermentation has been a crucial process in the preparation of foods and beverages for consumption, especially for the purpose of adding value to nutrients and bioactive compounds; however, conventional approaches have certain drawbacks such as not being able to fulfill the requirements of the ever-increasing global population as well as the sustainability goals. This review aims to evaluate how the application of advanced fermentation techniques can transform the food production system to be more effective, nutritious, and environmentally friendly. The techniques discussed include metabolic engineering, synthetic biology, AI-driven fermentation, quorum sensing regulation, and high-pressure processing, with an emphasis on their ability to enhance microbial activity with a view to enhancing product output. Authentic, wide-coverage scientific research search engines were used such as Google Scholar, Research Gate, Science Direct, PubMed, and Frontiers. The literature search was carried out for reports, articles, as well as papers in peer-reviewed journals from 2010 to 2024. A statistical analysis with a graphical representation of publication trends on the main topics was conducted using PubMed data from 2010 to 2024. In this present review, 112 references were used to investigate novel fermentation technologies that fortify the end food products with nutritional and functional value. Images that illustrate the processes involved in novel fermentation technologies were designed using Adobe Photoshop. The findings indicate that, although there are issues regarding costs, the scalability of the process, and the acceptability of the products by the consumers, the technologies provide a way of developing healthy foods and products produced using sustainable systems. This paper thus calls for more research and development as well as for the establishment of a legal frameworks to allow for the integration of these technologies into the food production system and make the food industry future-proof.",fermentation technology; functional foods; food safety; precision fermentation; AI-driven fermentation; environmental impact,DOAJ
7faf1ddfffa9476184864c3055b63b1c,Cultural landscapes and the vernacular: A case study of the Tankwa Karoo,Karen Munting,2024,Koedoe: African Protected Area Conservation and Science,ZA,10.4102/koedoe.v66i2.1801,https://koedoe.co.za/index.php/koedoe/article/view/1801,"The Tankwa Karoo forms part of the Nama Karoo Biome, a biologically distinct area and the world’s only entirely arid region diversity hotspot. The purpose of this study was to determine whether the preponderance of a specific language of vernacular architecture adds cultural significance to the natural heritage of the Tankwa. The research scope is defined geographically by the limits of the Tankwa Karoo basin, by means of a case study analysis of four sites. Three sites, namely Uintjiesbos, Waaikop and Prambergfontein are located within the Tankwa Karoo National Park and another site, that is Gemsbokfontein is situated on a privately owned farm to the south of the Park. The heritagescape methodology framed the research objective. Dry-packed stone kraals, built by transhumant herders, and later vernacular architecture of adobe and stone with brakdak roofs define a built heritage that provides effective shelter in an arid climate. The study uncovered the intangible cultural heritage embodied in the act of building these structures and concludes this constitutes a living heritage worth preserving in an evolving contemporary society. The craftsmanship of these structures’ construction and scheduled maintenance support knowledge of net-zero energy construction methods. The local continuation of this living heritage is at a critical juncture and in need of developmental support. Skills transfer to craftsmen in the Tankwa Karoo is vital for the survival of these structures in the TKNP, currently falling to ruin since they are unoccupied and not maintained. Educational support for the continuation of this living heritage, will reciprocally inform the global body of knowledge for building in dryland environments. The research concludes that the layers of significance of both tangible, natural, and cultural heritage found in the Tankwa Karoo constitutes sufficient criteria for classifying this area as a continuing cultural landscape as defined by the terms of the UNESCO Convention for World Heritage of 1992.",tankwa karoo; vernacular architecture; brakdak; continuing cultural landscape; intangible cultural heritage.,DOAJ
81b08a704e1945c29a3128accf8e8183,Thermal conductivity prediction and comfort in adobe housing in Tamaulipas,Josué F. Pérez-Sánchez; Fatima R. Chavez-Vega; María E. Calvillo-Villicaña; Kenya Suárez-Domínguez; Karyme E. Estrada Castro; Jorge H. Luna-Domínguez; Rafaela Gallegos-Villela,2022,Cogent Engineering,GB,10.1080/23311916.2022.2109321,https://www.tandfonline.com/doi/10.1080/23311916.2022.2109321,"In Mexico, there are efforts to recover earth-based construction systems, mainly those that improve the comfort characteristics consisting of a thermal sensation different from that of the environment. One of the questions derives from the reason why, at high ambient temperatures, earth houses tend to have a much lower temperature inside while, at very low temperatures, indoor temperatures are higher. This paper analyzes a type of housing present in Tamaulipas, Mexico, characterized by adobe walls and palm roofs. From a specific solution of the transport equations considering the heat capacity of the material and the coefficient of thermal conductivity, it is shown that the heat transfer of a homogeneous material in housing is dominated by these two properties, which justifies the present architectural design and the paradigm of a better comfort of earthen dwellings concerning industrialized materials such as the concrete block, we also show the energy efficiency according to NOM-020-ENER-2011.",adobe thermal diffusivity; San Carlos Tamaulipas; sustainable housing,DOAJ
897a77badee84270b8ecd02b98f8cd85,Adobe with Termite Mound Soil for Sustainable House Construction in Gambella,Binaya Patnaik; Gatbel Buony; Seshadri Sekhar,2023,Ethiopian International Journal of Engineering and Technology,ET,10.59122/134CFC8,https://survey.amu.edu.et/ojs/index.php/EIJET/article/view/302,"The Gambella community in Ethiopia uses their indigenous knowledge of mixing termite mounds soil with locally available straws to build their mud houses. Mud houses constructed with termite mounds are comparatively stronger than those prepared with other soils, but they have severe durability issues due to shrinkage cracks that necessitate regular maintenance which is not affordable by many. This research paper presents technology intervention to resolve these issues faced by the community by introducing an alternative method of house construction called adobe. As part of this research 144 blocks of adobes were cast by using locally available materials and their performance was evaluated by conducting several strength and durability tests. The experimental results revealed that adobe prepared with termite mounds soil, 1.5% straws, and 2.5% of binder provides excellent strength and durability. The compressive strength was measured to be 2.6 MPa. Enhanced durability in terms of reduced shrinkage (17%), a low initial rate of absorption (0.29), and water absorption (0.26) were found in the adobe blocks. This indicates adobe is certainly the best solution to the existing houses' durability issues and a best-class sustainable solution for the construction of houses in Gambella, Ethiopia.



Keywords: Adobe, Chikka Bets, Compressive strength, Durability, Mud Houses, Straw",,DOAJ
8b321a9ffbb447fe9959266e5dac6833,Environmental and Cost Effects of Stabilized Laterite-Tyre Composite in Buildings,Fashuyi Olugbenga,2020,Proceedings of the International Conference of Contemporary Affairs in Architecture and Urbanism-ICCAUA,TR,10.38027/N82020ICCAUA316390,https://journal.iccaua.com/jiccaua/article/view/312,"
The increasing amount of waste tyres worldwide made its disposal a significant problem. In view of this, the availability of market for the tyres became imperative. Incidentally this market was found in the housing sector where recycled waste tyres were used as stabilized laterite composite for alternative building material. This study evaluated the environmental effects of the recycled waste tyres as composite of stabilized laterite for buildings. It also evaluated the cost effects of the stabilized laterite composite. The study concludes that the stabilized laterite composite is a cost effective alternative building material and that it reduces the level of greenhouse gasses. Other relevant issues were also discussed.
",Tyre stabilized laterite; Polymers; Cement; Greenhouse gases; Rubber,DOAJ
964b49d809374951b99fb040440222f3,Analysis of factors that influence graphic design as the preferred visual art subject in Ghana,Richard Selase Gbadegbe; Joseph Amewu; Elikem Krampa; Samuel Nii Adamah Sampah,2024,Cogent Education,GB,10.1080/2331186X.2024.2423604,https://www.tandfonline.com/doi/10.1080/2331186X.2024.2423604,"There is a high interest for graphic design among the visual art disciplines in Ghana and several factors account for this. The purpose of this study was to investigate the factors that influence the preference for graphic design as the preferred visual art subject. To carry out this task, purposive sampling technique was employed to collect data from 340 visual art students from selected senior high schools and tertiary institutions in Ghana. This was made up of 145 male and 195 female students. Data for the study were collected through the administration of an online survey instrument and a paper-printed questionnaire based on an integrated framework of Expectancy-Value Theory and Bronfenbrenner’s Ecological Systems Theory. The quantitative research method was adopted in which the Partial Least Square Structural Equation Modeling (PLS-SEM) software was used to analyze the data for the study. The findings revealed that perceived personal motivation, robust design ecosystem, strong intrinsic, extrinsic, social and cultural attributes are the key drivers that influence students’ preference for graphic design. It was further revealed that graphic design is perceived to have a robust ecosystem where sophisticated digital tools and processes are employed. Characterized by a good curriculum structure and the use of 2D and 3D computer software like Adobe Photoshop, Adobe Illustrator and Cinema 4D, students are easily attracted to pursuing graphic design. It is therefore recommended that the entire visual art education ecosystem should be redesigned to include technological tools, processes and collaborative learning where courses like computer-Aided and 3D graphics are integrated into other visual art subjects.",Graphic design ecosystem; visual art; preferred career; intrinsic factors; extrinsic factors; Art & Visual Culture,DOAJ
9a882d7cca534e859b57722b22bbc177,Influence of coconut fibres and lime on the properties of soil-cement mortar,Humphrey Danso; Dorothy Manu,2020,Case Studies in Construction Materials,GB,10.1016/j.cscm.2019.e00316,http://www.sciencedirect.com/science/article/pii/S2214509519304188,"Stabilisation of earth-based materials continues to gain attention among researchers in the field of construction. This study investigates the influence of coconut fibres and lime on the properties of soil-cement mortar. Fibres of 0.2–0.8 %; the lime of 0–15 %; cement of 5 % by weight of soil were used and tested for density, water absorption, compressive strength, tensile strength and SEM/EDS. There were improved density, water-resistance and erosion of the specimen. The optimum strength was recorded at 0.2 % fibre and 5 % lime addition of the specimen. The study concludes that coconut fibres and lime positively influences soil-cement mortar properties for construction application.",Coconut fibres; Compressive strength; Erosion test; Lime; Soil-cement mortar; Tensile strength,DOAJ
9e9cfa8d2c2d464f9aff7a50a64e9e79,Strength Formation and Failure Mechanism Analysis of Cement-Stabilized Laterite Granules Based on Numerical Simulation,Guilian Zou; Bo Yang; Jiangmiao Yu; Susu Yang; Qi Chen,2023,Buildings,CH,10.3390/buildings13123093,https://www.mdpi.com/2075-5309/13/12/3093,"The poor grading and significant differences in the mechanical properties of laterite granules in West Africa limit the application of this typical material in road structures. In this paper, the poorly graded laterite granule was blended with fine sand and stabilized with cement to improve the strength of laterite granules. An innovative combination of laboratory tests and numerical simulation analysis using the numerical simulation software PFC2D 5.0 was used to investigate the cement-stabilized laterite granule’s strength formation and failure mechanisms. Laboratory test results show that when the sand content is 40%, the grading curve is close to the maximum theoretical density lines (MTDLs), and the unconfined compressive strength of cement-stabilized laterite granules increased by 35.2% as the cement dosage increased from 2.5% to 5.0%. Numerical simulation tests show that the strength failure of cement-stabilized laterite granules is shear. The failure surface is tilted and through with the axial direction, and the compressive and tensile stresses between the particles cause the failure of the specimen. The simulation test results are close to the laboratory test results, and the deviation rate is less than 10%. It can guide the optimal grading design and strength prediction of cement-stabilized laterite granular materials and provides a basis for reducing laboratory tests and accurate design for such research in the future.",cement-stabilized laterite granules; strength formation mechanism; strength failure mechanism; numerical simulation,DOAJ
ac13a26ee814484eaa34005778597d7e,Adobe ceremonial o la metáfora del tiempo: reflexiones antropológicas en torno a la mezquita de Djenné en Malí,Daniel Ochoa Rodríguez,2023,Estudios de Asia y África,MX,10.24201/eaa.v58i3.2857,https://estudiosdeasiayafrica.colmex.mx/index.php/eaa/article/view/2857,"
Este artículo contiene una disertación sobre el tiempo, no en su dimensión física, sino como elemento social que configura una parte cardinal de la historia, la tradición y la identidad. El estudio de caso es la mezquita de Djenné, pues sus características permiten movilizar diferentes conceptos antropológicos sobre el tiempo. El objetivo principal es indagar sobre la manera como los pobladores de esta ciudad, mientras celebran el acto ceremonial de restauración de la mezquita, construyen un conjunto de símbolos sobre el tiempo que influye en sus relaciones sociales, sus construcciones culturales y sus nociones sobre el paso de la vida. Como referentes principales, recurro a la teoría del eterno retorno de Mircea Eliade, por un lado, y a los planteamientos sociológicos sobre el tiempo de Norbert Elias, por otro. A lo largo del documento se enriquece este debate con diferentes aportes de la lingüística cognitiva y de la filosofía del lenguaje.
",mezquita de Djenné; antropología del tiempo; tiempo sociológico; fiesta del repellado; arquitectura de adobe,DOAJ
ad40ff842e374cab917c6f851c6ae087,Effect of geopolymerization on geotechnical characteristics of palm kernel shell ash stabilized laterite,Adekemi Loretta AYODELE; Raymond AJAYI; Samuel Temiloluwa ADEYEMO,2025,Journal of Materials and Engineering Structures,DZ,,https://revue.ummto.dz/index.php/JMES/article/view/3579,"Laterite soils (LS) in tropical and subtropical regions exhibit poor engineering properties, making them unsuitable for road construction application. This study examined impact of alkaline activation on palm kernel shell ash (PKSA) stabilized LS. LS properties such as Liquid Limit (LL), Plastic Limit (PL), Optimal Moisture Content, Maximum Dry Density, and California Bearing Ratio (CBR) were determined to ascertain whether it is suitable as a roadway building material. The LS was mixed with different proportions (3, 6, and 9%) of PKSA only and then with an alkaline activator (i.e. 10 M Na2SiO3/NaOH). The earlier mentioned properties of the stabilized LS were determined. An X-ray diffraction test was conducted to examine the mineral composition of PKSA. The results show that the LS, in its natural state, is unsuitable for road construction applications without proper stabilization. Increasing the percentage of PKSA decreased LL, OMC and MDD for PKSA-based and PKSA-geopolymer-based stabilized LS. Furthermore, the CBR of PKSA stabilized soil improved by 77%. Upon further addition of alkaline activator, the CBR value increased by 50% when compared with the natural soil. It was concluded that adding an alkaline activator significantly impacts soil properties for construction. This environmentally friendly method can contribute to sustainable soil stabilization practices in tropical and subtropical regions.",geopolymerization; pksa; atterberg’s limit; california bearing ratio; tropical laterite; xrd analysis; plasticity characteristics,DOAJ
be82a318b2d948a59544765305747ee3,Acoustics of Compressed Earth Blocks Bound Using Sugarcane Bagasse Ash and Water Hyacinth Ash,Nicholas O. Ongwen; Adel Bandar Alruqi,2023,Applied Sciences,CH,10.3390/app13148223,https://www.mdpi.com/2076-3417/13/14/8223,"Mechanical compaction is often used to densify building earth blocks by reducing the void between the particles. Compacted stabilised earth involves a binder, which holds the particles of the materials together. The compaction and addition of binders to the earth can modify its transport, mechanical, and acoustical properties. In this study, the acoustic transmission coefficient, porosity, and airflow resistivity were investigated by varying the concentrations of water hyacinth ash (WHA) and sugarcane bagasse ash (SBA) binders. An acoustic test rig comprising an acoustic wave guide made from joined water pipes was employed to analyse the influence of the WHA and SBA binders on the acoustical performance of the earth blocks. It was found out that the measured acoustic wave transmission was sensitive to the variation in the composition of WHA and SBA in the earth blocks. Increasing the WHA concentration led to an increase in the acoustic transmission coefficient and porosity, but reduced the airflow resistivity of the compressed earth blocks; while increasing the SBA reduced the transmission coefficient and porosity, but increased the airflow resistivity. This shows that SBA has a stronger binding property than WHA, which is ideal for the manufacture of stronger earth blocks, while the higher porosity of the earth blocks obtained with WHA is good for the construction of porous walls, which is good for maintaining the airflow between the inside of buildings and the surrounding.",earth blocks; micropolar behaviour; sugarcane bagasse ash; water hyacinth ash; acoustical properties of compressed earth blocks,DOAJ
bea44dd036ff44a9a9a34eb37f8b32d0,Machine Learning Approaches for Prediction of the Compressive Strength of Alkali Activated Termite Mound Soil,Assia Aboubakar Mahamat; Moussa Mahamat Boukar; Nurudeen Mahmud Ibrahim; Tido Tiwa Stanislas; Numfor Linda Bih; Ifeyinwa Ijeoma Obianyo; Holmer Savastano,2021,Applied Sciences,CH,10.3390/app11114754,https://www.mdpi.com/2076-3417/11/11/4754,"Earth-based materials have shown promise in the development of ecofriendly and sustainable construction materials. However, their unconventional usage in the construction field makes the estimation of their properties difficult and inaccurate. Often, the determination of their properties is conducted based on a conventional materials procedure. Hence, there is inaccuracy in understanding the properties of the unconventional materials. To obtain more accurate properties, a support vector machine (SVM), artificial neural network (ANN) and linear regression (LR) were used to predict the compressive strength of the alkali-activated termite soil. In this study, factors such as activator concentration, Si/Al, initial curing temperature, water absorption, weight and curing regime were used as input parameters due to their significant effect in the compressive strength. The experimental results depict that SVM outperforms ANN and LR in terms of R<sup>2</sup> score and root mean square error (RMSE).",machine learning; artificial neural network; support vector machine; linear regression; alkali-activated termite soil; compressive strength,DOAJ
c4fbeb0002834defba4fa829595e3eb8,A geopolitics of mud construction: Self-help and the CINVA-Ram machine in Ghana and South Vietnam during the Cold War,Giaime Botti,2023,Frontiers of Architectural Research,CN,10.1016/j.foar.2023.07.002,http://www.sciencedirect.com/science/article/pii/S2095263523000584,"In 1951, the Organization of American States established the Centro Interamericano de Vivienda y Planeamiento (CINVA) to provide specialized training to tackle the housing problem. Based on archival documentation examined at the Rockefeller Archive Center and the Central and Historical Archive of the National University of Colombia, this article explores two significant episodes in which the story of one of the Center's most successful outputs connects to the history of the Cold War. It thus contributes to the literature investigating the architecture and related technologies of development aid in the historical context of the Cold War with a precise focus on the role of non-governmental actors. After detailing the history of the CINVA-Ram machine, the pressing machine to produce rammed-earth blocks developed at the Center and later exported to America, Europe, Africa, and Asia, the article explores its deployment in two different fronts of the Cold War: Ghana and South Vietnam. As highlighted in the conclusions, the significance of CINVA-Ram use in these contexts is manyfold. Firstly, its diffusion, although appearing as a successful case of south-to-south cooperation, was in fact possible because of the Rockefeller family-controlled IBEC's involvement. Secondly, it shows the global outreach of the intertwined action of governmental agencies, private companies, and NGOs, when fighting poverty and housing shortage via aided self-help initiatives were complementary strategies to the armed containment of Communism. Finally, it discusses the role played by US governmental and non-governmental actors in advancing US interests through technoscience, highlighting how the battle against poverty in the so-called “Third World” was in this case fought with one of the oldest and simplest construction techniques in the ideological framework of self-help.",Mud construction; CINVA-Ram; Housing; South Vietnam; Cold War; Ghana,DOAJ
c61f24a8a60149519ec48905a9ce56a2,Effects of Synthetic Foam on the Properties of Stabilized Lateritic Bricks,Adebimpe Omorinsola Akerele; Irewolede Aina Ijaola; Olatunbosun Hezekiel Omolayo,2021,"Journal of Engineering, Project, and Production Management",US,10.2478/jeppm-2021-0007,http://www.ppml.url.tw/EPPM_Journal/volumns/11_01_January_2021/ID_292_11_1_61_70.pdf,"Managing the production costs of construction projects is crucial especially in the aspect of material management. The use of lightweight materials reduces the dead load in structures, thus the reduction in the use of reinforcement and concrete in the foundation. To this end, this study examined the effect of synthetic foam on the properties of stabilized lateritic brick with a view to producing lightweight stabilized laterite brick for use on weak soils with low bearing capacity. Laboratory tests were conducted on the bricks produced to determine the density, compressive strength, and water absorption properties at 7, 14, 21, and 28 days. Preformed foam using synthetic foaming agent was used at 0%, 25%, 50%, 75% and 100% to replace the water in the experiment. One hundred twenty samples of stabilized foamed lateritic bricks were produced at a mixed ratio of 1:4 (cement: laterite) using a 0.6 water/cement ratio. The result showed that the bricks at all percentages of foam content meet up with the minimum requirement of compressive strength of 1.6N/mm2, 2.0N/mm2 and 3.5N/mm2 recommended by the Nigerian Building code, Nigerian Building and Road Research Institute, and the third class brick of the BS 3921:1985 respectively. The water absorption is within the limits of bricks specified in standards as 15%. The highest compressive strength was recorded at 25% foam inclusion (4.839N/mm2) on 28th day hence concluding that foaming agent stabilizes the characteristics strength of laterite bricks and also reduces its density.",lightweight stabilized lateritic bricks; synthetic foaming agent; compressive strength; water absorption; density,DOAJ
d8817b8d35214d3caba8019535852265,"Social-ecological dynamics of aggregate mining in Ouagadougou, Burkina Faso",Katharina Salomea Hemmler; Wendinkonté Elisé Gustave Tarpaga; Oussama Himmy; Andreas Buerkert,2025,Scientific Reports,GB,10.1038/s41598-025-98929-6,https://doi.org/10.1038/s41598-025-98929-6,"Abstract While traditional materials like clay-based adobe bricks are common in Burkina Faso, rapid urbanization in its capital, Ouagadougou, has driven a shift to more durable construction materials. The city’s demand for aggregates - sand, gravel, and crushed stone - is met by several mechanized and artisanal quarries. To assess the scope and processes of these extraction systems as well as the socio-economic and environmental implications of two artisanal granite quarries (Pissy and Yagma) in Ouagadougou, we employed a mixed-methods approach, including truck counts, aerial imagery for 3D volume estimation, interviews, and air quality measurements. Our findings indicate that sand is predominantly sourced from south of Ouagadougou, with transport distances reaching up to 165 km and an extrapolated annual extraction volume of 1.8 million m3, which is relatively low compared to the high urbanization rates and greater volumes extracted in neighboring countries. The 3D model of the Pissy quarry revealed significant terrain alterations and detailed granite extraction data, totaling nearly 450,000 m3. Granite quarrying, predominantly carried out by Burkinabe women with limited education, involves cracking, transporting, and crushing rocks. The artisanal quarries displayed a high level of informality, characterized by lack of regulatory compliance, absence of worker contracts and legal protection, manual and small-scale operations, hazardous working conditions, and economic vulnerability and instability. Air pollution varied, with Pissy exhibiting significantly elevated levels of particulate matter. Policy decisions on the future of these quarries should consider health standards as well as the workers’ realities and alternative granite sources.",Artisanal quarry; Informal sector; Resource extraction; Sand; Urbanization; West Africa,DOAJ
dca403b6eeb143d8b2b5578dbe281ffd,Potential of raffia nanofibrillated cellulose as a reinforcement in extruded earth-based materials,Tido Tiwa Stanislas; Gbétoglo C. Komadja; Yakum R. Nafu; Assia A. Mahamat; P.W.H. Mejouyo; Josepha F. Tendo; Ebenezer Njeugna; Peter A. Onwualu; Holmer Savastano Junior,2022,Case Studies in Construction Materials,GB,10.1016/j.cscm.2022.e00926,http://www.sciencedirect.com/science/article/pii/S2214509522000584,"The production of cellulose in the nano-scale size and their application as a reinforcement in the construction materials have gained increasing attention due to their unique properties, such as high tensile strength and modulus of elasticity, and large specific surface area. This study aimed to evaluate the mechanical, physical and thermal behaviour of extruded earth-based matrix reinforced with 0.1%, 0.3%, and 0.5%wt. of nanofibrillated cellulose (NFC). The results have shown that the mechanical nanofibrillation process of fibre improves its thermal stability. Their inclusion in an earthen matrix satisfactorily increases flexural strength and specific energy, while there is no significant increase in the composite's water absorption and thermal conductivity. The inclusion of a less than 0.5%wt. of raffia NFC contributes to fill the voids and arrest the propagation of nanoscale crack and improve the packing density of the earth-based composite for the development of the eco-friendly housing solution.",Raffia nanofibrillated cellulose; Earth-based building materials; Flexural strength; Thermal stability; Thermal conductivity; Drying shrinkage,DOAJ
ec5f00ddde554441843e8fc38718c591,Applications of machine learning algorithms on the compressive strength of laterite blocks made with metakaolin-based geopolymer and sugarcane molasses,David Sinkhonde; Derrick Mirindi; Ismael Dabakuyo; Tajebe Bezabih; Destine Mashava; Frederic Mirindi,2025,Waste Management Bulletin,NL,10.1016/j.wmb.2025.100212,http://www.sciencedirect.com/science/article/pii/S2949750725000410,"To refine the process of anticipating the structural integrity of laterite block components, the use of machine learning (ML) algorithms is required. This study initiates an exploration into forecasting the compressive strength of laterite blocks infused with metakaolin-based geopolymer (MKG) and sugarcane molasses (SM), utilizing machine learning techniques such as artificial neural networks (ANN), random forests (RF), decision trees (DT), and support vector machines (SVM). The models were developed using four input values, including the MKG, SM, laterite soil, and water, with compressive strength as the output. Results show that for all the models, the majority of the data points lie within the error lines range of −20 % and +20 %. Using the Taylor diagram model, the results demonstrate that the SVM (train) model achieves the highest performance in predicting the compressive strength of laterite blocks, with a correlation coefficient of 0.99 and the lowest root mean square error (RMSE) of 0.139. The correlation coefficient values (R) for training and testing algorithm models ranged between 0.65 and 0.99, implying that all models fairly predict the compressive strength of laterite blocks containing MKG and SM. The RF model emerges as an important model for generalization across training and testing phases, with R values of 0.9828 and 0.789, respectively. SHapley Additive exPlanations (SHAP) analysis assesses the model’s explainability behavior. According to a SHAP-based feature importance study, age (85.33 %) and water content (17.87 %) are critical components that may improve compressive strength compared to MKG (8.60 %) and SM (6.74 %), respectively. This study not only assists in comprehending the essential parameters necessary for making well-informed decisions but also opens exciting possibilities for the application of ML in fostering sustainable construction practices.",Machine learning algorithms; Sugarcane molasses; Laterite blocks; Metakaolin-based geopolymer; Sustainable construction,DOAJ
f28adeca864949eaa6380297bbdceccc,Dimensionnal stability and strength appraisal of termite hill soil stabilisation using hybrid bio-waste and cement for eco-friendly housing,Assia Aboubakar Mahamat; Abubakar Dayyabu; Abdulganiyu Sanusi; Mohammed Ado; Ifeyinwa Ijeoma Obianyo; Tido Tiwa Stanislas; Numfor Linda Bih,2022,Heliyon,GB,10.1016/j.heliyon.2022.e09406,http://www.sciencedirect.com/science/article/pii/S2405844022006946,"Dimensional stability and compressive strength are key factors to consider when modelling earth-based materials. It defines the volumetric performance of earth-based materials upon wet and dry environment. Meanwhile, the deformation under compression loading is accessed with the compressive strength testing. This study is aimed to use locally available materials considered as waste to model sustainable construction materials through soil stabilisation technique. The utilization of biowaste in this study is aimed to reduce the amount of waste produced in the agricultural sector in addition to the promotion of this material locally in the construction field. Cement was used as stabilizer to establish the performances of the waste-based stabilizer when mixed with conventional stabilizer or partnerless. Borassus fruit ash and cement were used both in solo, and hybrid mix (5wt%, 10wt%) to stabilize termite mound soil in the mix design. The mix design was analyzed microstructurally with scanning electron microscopy (SEM)-energy dispersive spectroscopy (EDS) to understand the effect of each stabilizer on the microstructural level. Fourier transform infra-red (FTIR) was conducted to identify the functional group present in each mix design to establish the influence of both stabilisers on the bonding mechanism. The mix design was also tested for water sensitivity, linear shrinkage, and compressive strength. From the results, samples containing 10wt% hybrid borassus fruit ash/cement exhibited higher content of Silicon, Aluminum, and Iron consequently satisfactory compressive strength. For hybrid stabilisation of earth-based materials, preference is given to 10wt% stabilisation level. The results of this study are analyzed to reduce the footprint of agricultural waste and to model locally available materials into sustainable housing materials.",Dimensional stability; Compressive strength; Hybrid stabilization; Soil stabilisation; Sustainable housing; Biowaste stabiliser,DOAJ
0c8fb722e93142479565e227530655bc,"Design, modelling and optimisation of ultra high-performance fibre reinforced concrete incorporating waste materials",Ime Emmanuel James; Fidelis Onyebuchi Okafor; Benjamin Okwudili Mama; Joseph Chigemezu Ezihe,2024,Discover Civil Engineering,CH,10.1007/s44290-024-00100-z,https://doi.org/10.1007/s44290-024-00100-z,"Abstract The adoption of ultra-high-performance fibre-reinforced concrete (UHPFRC) in modern-day construction has gradually increased because of its high compressive and flexural strength at the early production ages. The UHPFRC's high initial cost discourages its production and widespread use. This cost can be reduced by incorporating waste materials in UHPFRC production. This study aims to design, model, and optimise a three-day heat-cured UHPFRC incorporating waste materials. To produce a sustainable UHPFRC mixture, this study combines rice husk ash (RHA) and recycled tire steel fibre (RTSF) as the primary waste components, with Portland limestone cement, river sand, superplasticizer, and water. The concrete is heat-cured in a hot water bath at 90 °C for 3 days, resulting in rapid strength development. A D-optimal mixture design technique was used to optimise the mix proportions, and mathematical models were developed to predict the compressive and flexural strengths. The non-significant lack-of-fit results and the high values of coefficient of determination (R2) revealed the accuracy of the models in predicting the compressive and flexural strengths of the UHPFRC. The low values of standard deviation (SD) and coefficient of variation (CV) confirmed the consistency and reliability of the prediction models. A numerical optimisation revealed that it is possible to design a UHPFRC mixture with a lower cement content of 38.29% of the UHPFRC mix, resulting in a compressive strength of 117.62 MPa and a flexural strength of 36.32 MPa. The study reveals that integrating RHA and RTSF into UHPFRC can yield high-performance properties, offering innovative solutions for resource scarcity and environmental sustainability in the construction sector.",Ultra-high-performance fiber-reinforced concrete; Compressive strength; Flexural strength; D-optimal mixture design; Heat curing; Numerical optimization,DOAJ
16995d72ad214cad9c09672633c90f74,Optimizing the Mechanical Properties of Pervious Concrete Containing Calcium Carbide and Rice Husk Ash Using Response Surface Methodology,Musa Adamu; Sani Olalekan; Muhammad Aliyu,2020,Journal of Soft Computing in Civil Engineering,IR,10.22115/scce.2020.229019.1216,http://www.jsoftcivil.com/article_112656_0d46ac9b5852c91e333b1f40e27576cd.pdf,"Pervious Concrete (PC) have continued gaining acceptability significantly over years due to its sustainability and environmentally friendly. There are many benefits of using PC, some of which includes management of storm water runoff, groundwater supplier recharging and reduction of heat island effects etc. Numerous studies have been carried out through employing different approaches in order to improve the overall performance of PC. Due to the advancement in high performance PC using supplementary cementitious materials, extensive application of this material was made possible. In this study, calcium carbide waste (CCW) and rice husk ash (RHA) were used as supplementary cementitious materials and up to 20% replacement was made for both RHA and CCW in the PC mixes. Response surface methodology was used to derive the mathematical relationship between strengths and the variables RHA and CCW. The workability, flexural strength, compressive strength and splitting tensile strength were investigated and at 0%RHA and 10%CCW the strength of concrete increases significantly when compared with the control mix.",pervious concrete; rice husk ash; calcium carbide waste; compressive strength; tensile strength; response surface methodology,DOAJ
16dfa5bb52a242b2b76da1753dd14eba,A comparative study of physical and chemical properties of different pozzolanic materials used for roller compacted concrete RCC dams,Husein Malkawi Abdallah I.; Shatnawi Ehab; Husein Malkawi Dima A.,2017,MATEC Web of Conferences,FR,10.1051/matecconf/201712002025,https://doi.org/10.1051/matecconf/201712002025,"This paper addresses the feasibility and the efficiency of using Natural Pozzolan and/or Rock flour in Roller Compacted Concrete (RCC) gravity dams. For this purpose, five identical mortar trial mixes were prepared using five different supplementary materials, i.e., fly ash produced in South Africa (proven to be effective in RCC construction), fly ash produced in Turkey, Jordanian natural pozzolan, Saudi natural pozzolan, and rock flour from Mujib Dam basalt quarry. The physical and chemical properties of these pozzolanic materials were determined. The effectiveness of each one of these mineral admixtures used as a cement replacement material in controlling alkali silica reaction are studied and analyzed. Correlations were made between the mechanical properties for the five proposed mixes and a control mix using the Jordanian Portland Cement. The results demonstrate that the performance of Natural Pozzolana and/or rock flour as compared with that of fly ash and other pozzolanic material is very satisfactory and can be effectively used in RCC construction.",,DOAJ
2317ec5b5cf941759af5b95b6fb47c60,Evaluation of Anogeissus leiocarpus ash as a pozzolanic material for concrete in chemical environments,Williams Dunu; Dauda Dahiru; Okoli Godwin Okoli; Idowu Albert; Nathaniel Olukotun; Obari Onimisi,2025,Academia Materials Science,US,10.20935/AcadMatSci7935,https://www.academia.edu/144494280/Evaluation_of_Anogeissus_leiocarpus_ash_as_a_pozzolanic_material_for_concrete_in_chemical_environments,"
          Addressing the pressing need for sustainable construction materials amidst rising cement costs, environmental degradation, and global warming, this study investigates the potential of Anogeissus leiocarpus ash as a partial cement replacement in concrete exposed to chemical environments. Unlike conventional focus on compressive strength alone, this research holistically evaluates mechanical and durability properties. Preliminary material characterization was conducted, followed by casting 252 concrete samples (100 mm cubes) with 0%, 5%, 10%, 15%, 20%, and 25% Anogeissus leiocarpus ash substitutions using a 1:2:4 mix proportion (cement: fine aggregate: coarse aggregate) and 0.63 water-cement ratio. Assessments at 28 and 56 days encompassed compressive strength, abrasion resistance, and water absorption (sorptivity) in normal and magnesium sulphate (MgSO4) environments. Compressive strength at 28 days showed a marginal decrease of 0.84% for 20% ash replacement concrete versus control samples in normal curing. Concrete with Anogeissus leiocarpus ash exhibited superior abrasion resistance and lower sorptivity compared to Ordinary Portland Cement (OPC) counterparts in both normal and chemical environments at 56 days. The ash demonstrated pozzolanic properties, satisfying ASTM C618-22 criteria. The distinctiveness of Anogeissus leiocarpus ash lies in its local availability and underutilized potential as a sustainable pozzolan, offering dual benefits of reduced clinker dependency and enhanced concrete durability in aggressive environments, positioning it as a viable candidate for eco-friendly construction material balancing performance and environmental stewardship.",,DOAJ
2914b635499042b295d3a6a13a16fe8b,Subgrade Stabilization using Rice Husk Ash-based Geopolymer (GRHA) and Cement Kiln Dust (CKD),Emmanuel Adeyanju; Chukwueloka Austin Okeke; Isaac Akinwumi; Ayobami Busari,2020,Case Studies in Construction Materials,GB,10.1016/j.cscm.2020.e00388,http://www.sciencedirect.com/science/article/pii/S2214509520300607,"This study explores the use of two wastes (rice husk ash (RHA) and cement kiln dust (CKD)) for improving the mechanical strength of a subgrade soil obtained from a failed road section in Nigeria. It presents an experimental insight on the stabilization of the soil with CKD and CKD + RHA-based geopolymer. In the RHA-based geopolymer, CKD was included as supplementary material for activator reduction. The stabilizers were mixed with the soil in varying proportions ranging from 7.5 to 15% for CKD stabilization. Thereafter, the optimum percentage of CKD was mixed with RHA (4–10%) and activated with sodium hydroxide (NaOH). Pavement design was also performed using PaveXpress considering heavy traffic loading conditions. Cost analyses were conducted on the resulting asphaltic pavement thickness for each subgrade. The results show improved mechanical with both stabilizers. However, the stabilization done with CKD at 10 % and geopolymer 3 (8 % RHA and 10 % CKD) were the optimum. Generally, CKD stabilization performed better than geopolymer stabilization. Also, the results showed that the pavement with the lowest thickness corresponds to the optimum and had the highest cost reduction. This research showed that $60,000 can be saved irrespective of stabilizer used which is in tandem with sustainable development goals (SDGs 9, 11 and 12).",Subgrade; Geopolymer stabilization; Pavement layer materials; Sustainability; Waste utilization,DOAJ
2af048fda6714e90801cc9fe1aee0e66,"The role of agricultural ashes (rice husk ash, coffee husk ash, sugarcane bagasse ash, palm oil fuel ash) in cement production for sustainable development in Africa",Susan K. Onsongo; John Olukuru; Onesmus M. Munyao; Onesmus Mwabonje,2025,Discover Sustainability,CH,10.1007/s43621-025-00841-6,https://doi.org/10.1007/s43621-025-00841-6,"Abstract Ordinary Portland cement (OPC) is produced through energy-intensive processes and contributes to approximately 8% of global carbon dioxide emissions. As one of the most consumed materials after water, cement's environmental impact is substantial. Decarbonizing emissions in the intensive processes of cement production requires a sustainable supply of low-carbon resources. The purpose of this study is to explore the potential of agricultural waste ashes as supplementary cementitious materials (SCMs) to reduce the carbon footprint of OPC. In Africa, where agricultural waste is abundant, these residues could offer a sustainable solution for cement manufacturing. This study employed a multi-criteria decision analysis methodology to identify and select relevant literature for analysis. The review reveals that incorporating agricultural-based SCMs, such as rice husk ash, coffee husk ash, sugarcane bagasse ash, and palm oil fuel ash, into cement production can significantly reduce clinker requirements, thereby lowering carbon dioxide emissions while maintaining performance standards of OPC. The review found that locally sourced waste materials can reduce the carbon footprint of cement by up to 40%. Transitioning from a clinker-dependent sector to a bio-based one presents several opportunities as well as challenges for the African cement industry, but it is critical for reducing carbon emissions and improving sustainability. This approach not only decreases emissions but also supports sustainable construction, aligning with global climate goals and sustainable development goals (SDGs) 12 (responsible consumption and production) and 13 (climate action). Adopting green cement could revolutionize the African cement industry, promoting resource efficiency and sustainable development across the continent.",Agricultural waste ashes; Carbon footprint; Multiple criteria decision analysis (MCDA); Ordinary Portland cement (OPC); Supplementary cementitious materials (SCMs); Sustainable development goals (SDGs),DOAJ
2c1830f2ddb04ca0b2430f3117f79645,Characterisation and Use of Cassava Peel Ash in Concrete Production,Chimmaobi Ogbonna; Elvis Mbadike; George Alaneme,2020,Computational Engineering and Physical Modeling,IR,10.22115/cepm.2020.223035.1091,http://www.jcepm.com/article_105867_ab597981f676f3607e975f8c532fe1d1.pdf,"In this work, the utilization of cassava-peel-ash (CPA) which is an agricultural solid waste derivative as a supplementary-cementitous-materials in the production of concrete is carried out in this study; this is essential because it enhances the re-use and re-cycling of solid wastes and its derivatives which will help in achieving eco-efficient, eco-friendly and sustainable engineered infrastructure. The CPA is used to replace specified ratio of cement ranging from 0% to 40% at the hydration period of 3, 7, 28, 60 and 90days respectively to obtain a concrete mixture of coarse and fine aggregates, water, cement and CPA. The Characterization is of CPA is evaluated with respect to the physicochemical properties of CPA and mechanical properties of the concrete mix at fresh or hardened state. The results of compressive strength for 5%-replacement range from 12.56N/mm2 to 33.26N/mm2 for the varying hydration periods as against 13.93N/mm2 to 35.23N/mm2 for the control-test (0%-replacement). The result of flexural strength for 5%-replacement range from 3.33N/mm2 to 15.17N/mm2 for the varying hydration periods as against 4.67N/mm2 to 16.80N/mm2 for the control. The mechanical properties results indicate that lower strength is obtained at early hydration periods but the strength increases with longer hydration period; while the strength decreases with increased ratio of the CPA. The pozzolanic-activity-index (PAI) of CPA is 75.8% which is an indication that it has high pozzolanic properties. From the results, the optimum combination level of 5%-10% replacement of the cement by CPA can be used to produce a better and more desirable concrete.",cassava peel ash; concrete flexural strength; concrete compressive strength; pozzolan; supplementary cementitous materials,DOAJ
2cdf5551cd06413d998b1dd5e8e3999a,A bibliometric review of agricultural waste as coarse aggregates in sustainable concrete,James Anthony Oppon; Emmanuel Adinyira; Kofi Agyekum,2025,Discover Civil Engineering,CH,10.1007/s44290-025-00286-w,https://doi.org/10.1007/s44290-025-00286-w,"Abstract The study examines the integration of agricultural waste as coarse aggregates in concrete production to reduce the construction sector’s carbon footprint and promote circular economy principles. The study seeks to identify trends, gaps, and future directions in the field through a bibliometric analysis. The study adhered to the PRISMA guidelines to retrieve 870 papers published between 2003 and 2023 from the Scopus database. Following the screening process, 870 papers were selected.Data analysis was conducted using the R-based Bibliometrix package, focusing on publication trends, keyword co-occurrences, conceptual structure, and collaboration network. The findings revealed a significant increase in global research on sustainable concrete incorporating agricultural waste. India, Malaysia, and China emerged as the top contributors. Frequently studied materials include coconut and palm kernel shells as a potential replacement for traditional aggregates to enhance sustainability. In contrast, rice husk ash, palm oil clinker, and sugarcane bagasse were noted for their potential to be used as cementitious materials. Influential authors and institutions were identified, and strong regional collaboration networks were observed in Asia and Africa. Major research gaps include limited data on long-term durability, a lack of comprehensive life-cycle assessments, and the need for alternative binder systems compatible with agricultural waste. The findings offer practical insights for construction stakeholders, policymakers, and environmental planners by highlighting pathways to reduce the environmental footprint of concrete. The study supports the goals of a circular economy and advocates for interdisciplinary collaboration to address the multifaceted challenges in sustainable concrete innovation.",Agricultural waste aggregates; Bibliometric analysis; Cleaner production; Circular economy; Eco-Friendly concrete,DOAJ
2eb29cc6615b496cbccc0bafd9269a65,Dataset on the durability behavior of palm oil fuel ash self compacting concrete,O.M. Ofuyatan; S.O. Edeki,2018,Data in Brief,US,10.1016/j.dib.2018.05.121,http://www.sciencedirect.com/science/article/pii/S2352340918306279,"Datasets contained in this article are outcomes of the durability properties carried out on Palm Oil Fuel Ash (POFA) concrete specimens to determine the effect of acid attack, Sulphate resistance, water absorption and rapid chloride permeability. Specimens were immersed in 1% hydrochloric acid (H2SO4) solution, 5% sodium Sulphate for 28, 56 and 90 days and different exposure conditions. The dataset helps the readers to understand and evaluate the potential of POFA though a waste material can be used as a replacement of Portland cement in having durability properties at an acceptable range. Keywords: Permeability, Durability, Self compacting concrete, Sulphate resistance, Palm ash, Acid attack",,DOAJ
335df3271d894bc086542f1a2209929c,Evaluation of pozzolanic reactivity of maize straw ash as a binder supplement in concrete,Adekunle O. Aliu; Oladimeji B. Olalusi; Paul O. Awoyera; Moses Kiliswa,2023,Case Studies in Construction Materials,GB,10.1016/j.cscm.2022.e01790,http://www.sciencedirect.com/science/article/pii/S2214509522009226,"Cementitious materials, irrespective of their sources, play a vital role in cement hydration reaction in concrete. Hence, it is critical to understand how each supplement affects the early and later age properties of concrete. Maize Straw Ash (MSA), being a material with minimal consideration as a pozzolan for partial replacement of cement, was evaluated based on different researcher’s reports. A range of outcomes involving the use of maize straw ash as replacement materials in concrete were examined based on their impact on concrete in the early and later stages, and the findings were presented in addition to assisting in their future use. The impact of pozzolanic material on both mechanical and durability property were analysed, and how certain treatment methods influence the property of concrete in the early and later period. The data revealed that maize straw ash has comparable behaviour when given the same treatment technique before use, ability to increase strength over a long duration compared with other Agricultural waste (agro) materials, and likewise act as a void filler when concrete hardens to improve durability, with the usage of these materials for optimal strength not exceeding 20% replacement, shrinkage control not exceeding 30%, and 10–15% for good workability. At (500–800 °C calcination heat), the pozzolanic reaction produces good results.",Maize straw ash; Pozzolanic activity; Pozzolanic reactivity; Agro-waste; Strength properties; Void filler,DOAJ
36229f9ec05d4019a62a637e4006c0d3,A comprehensive experimental characterization of cement mortar containing sodium sulfate dehydrate/calcium chloride hexahydrate/graphite shape-stable PCM for enhanced thermal regulation in buildings,Meseret B. Belete; Evan Murimi; Patrick I. Muiruri; Jotham Munyalo,2024,Results in Engineering,NL,10.1016/j.rineng.2024.102028,http://www.sciencedirect.com/science/article/pii/S2590123024002810,"The current research on integrating phase change materials (PCMs) into building envelopes is driven by the need to optimize thermal performance while preserving material properties. Integrating PCM into cement mortar faces challenges in balancing heat storage capacity and material strength. Using higher PCM content may compromise strength, but smaller content may limit heat storage capacity. To overcome these hurdles, integrating high-conductive SSPCM at lower percentages can enhance thermal performance without compromising material integrity. Yet, research in this domain is lacking. This study investigates integrating a shape-stable PCM into plaster to ascertain the ideal PCM content while maintaining vital characteristics. Experimental analysis of five composites, with PCM percentages ranging from 3% to 10%, showed that all met physical property criteria except the 10% PCM composite. Despite a slight decrease in mechanical strength, it remained within acceptable standards for mortar materials. The composites exhibited improved thermal conductivity, specific heat capacity, thermal diffusivity, and heat storage capacity significantly with increasing PCM content. This study convincingly demonstrates the feasibility of maintaining thermal effectiveness even with low PCM content, offering crucial insights for developing energy-efficient building designs and promoting sustainable practices in the construction industry.",Plastering mortar; Shape-stable phase change materials (SSPCMs); Physical properties; Mechanical properties; Thermal properties,DOAJ
37224ca1058a444f816816f9044c7ce8,Effect of elevated temperature on the durability and strength properties of concrete with ground rice husk ash as a partial replacement to cement: a review,B. Makinta; K. Mohammed; A. Ocholi,2021,"Arid Zone Journal of Engineering, Technology and Environment",NG,,https://azojete.com.ng/index.php/azojete/article/view/426/291,"Concrete is a construction material composed of cement, fine aggregates (sand) and coarse aggregates mixed with water which hardens with time. Cement is an important constituent in the concrete composite; however, its cost is relatively very high, this has impacted in the cost of concrete production and by extension on the cost of housing delivery in Nigeria. Rice husk ash is one of the promising pozzolanic materials that can be blended with Portland cement for the production of durable concrete and at the same time a value-added product. the use of the rice husk ash as partial replacement to cement in concrete not only improve the strength of concrete, protection against cracking, spalling, reduce density and porosity of the concrete. It also reduce the emission of carbon monoxide to the environment which is very dangerous to the atmosphere. The elevated temperature is one of the most harmful effects that cause durability problems in construction; this effect can cause permanent damage in construction and reduce the service life. This paper reviews the work presented by various researchers on effect of elevated temperature on the durability and strength properties of concrete using rice husk ash as partial replacement. From the available literature reviewed, there is a possible research gab in investigating the effect of elevated temperature on concrete with rice husk ash as partial replacement to cement, because most of the researchers have focused on conventional concrete, whereas concrete with rice husk ash as replacement to cement have been recommended for use with a replacement value of 10-20%. The degree of its performance of these recommended replacement needs to be investigated.",concrete strength; durability; elevated temperature; rice husk ash; cement replacement,DOAJ
3743c04151ee4d45855aaa42001a2255,Pozzolanic potentials and hydration behavior of ground waste clay brick obtained from clamp-firing technology,Mark Bediako,2018,Case Studies in Construction Materials,GB,10.1016/j.cscm.2017.11.003,http://www.sciencedirect.com/science/article/pii/S2214509517301985,"In this study, waste clay bricks were collected, ground and used to replace Portland cement between 10 and 40 wt.%. The optimum cement replacement was obtained using compressive strength whereas the degree of hydration and heat evolution characteristics investigated using the thermogravimetric analyzer and the isothermal calorimeter respectively. The compressive strength results indicated that the optimum Portland cement replacement with Ground Waste Clay Bricks (GWCB) was at 30 wt.%. This was due to the high degree of pozzolanic reaction in the GWCB-Portland cement system. The heat of hydration of the GWCB-cement system was also lower than the control system. The use of GWCB is recommended as a suitable pozzolan and their use as a pozzolanic material could be a way to redirect waste generated in clamp-fired brick factories in West Africa. Keywords: Clamp-firing technology, Waste, Clay bricks, Compressive strength, Degree of pozzolanic reaction, Heat of hydration",,DOAJ
3a2f6540e80b4f72a5d4a54b64d6e47f,"COMPARATIVE ASSESSMENT OF RICE HUSK ASH, POWDERED GLASS AND CEMENT AS LATERITIC SOIL STABILIZERS",Adebisi Ridwan; Taiwo Kanmodi; Olufikayo Aderinlewo ,2016,Civil Engineering Journal,CZ,10.14311/CEJ.2016.03.0016 ,http://www.civilengineeringjournal.cz/archive/issues/2016/2016_3/3-2016-0016-Final.pdf,"This paper compares the stabilizing effects of three different materials, namely: rice husk ash, powdered glass, and cement on the properties of lateritic soil. The basic properties of the lateritic soil were first obtained through colour, moisture content determination, specific gravity, particle size distribution and Atterberg limits tests. Each of the stabilizing materials was then mixed with the lateritic soil in varying percentages of 2.5%, 5%, 7.5%, 10%, 12.5% and 15% by weight of the soil. Thereafter, compaction and California bearing ratio (CBR) tests were carried out on the sample mixes to determine the effects of the materials on the lateritic soil. Chemical tests were also carried out on the samples to determine their percentage oxides composition. The compaction test showed that the highest maximum dry densities (MDD) obtained for the mixed samples were 2.32 g/cm3 (at 2.5% cement addition), 2.28g/cm3 (at 5% powdered glass (PG) addition) and 2.18 g/cm3 (at 5% rice husk ash (RHA) addition) with corresponding optimum moisture contents (OMC) of 10.06%, 14.3% and 12.31% respectively. The CBR tests showed that the CBR values increased in all cases as the materials were added with those of the cement and powdered glass giving the highest values and showing close semblance under unsoaked conditions. The chemical test showed that the significant oxides present in the cement, powdered glass and rice husk ash were CaO (53.60%), SiO2 (68.45%) and SiO2 (89.84%) respectively.",Stab i lizing; Atterberg limits; compaction; California bearing ratio; optimum,DOAJ
40994ca7817c40ef9424b9fea1796113,Fire resistance evaluation of rice husk ash concrete,R.I. Umasabor; J.O. Okovido,2018,Heliyon,GB,10.1016/j.heliyon.2018.e01035,http://www.sciencedirect.com/science/article/pii/S2405844018343792,"This paper studied the fire resistance of rice husk ash concrete. An experimental method was adopted as the research design in this work, which produced one hundred and eighty four (184) concrete specimens with the addition of rice husk ash in weighted percentages of 5%, 10% and 15% respectively. They were cured and tested at 7 days, 28 days, 30 days, 60 days, 90 days, 120 days, 150 days and 200 days. After the targeted curing days, the specimen were exposed to temperatures of 100 °C, 200 °C, 300 °C, 400 °C, 500 °C, 600 °C and 700 °C for 2 hours in a muffle electric furnace.The results show that the pozzolanic concrete and control concrete fire resistance ranged between (60%-96%) for (200 °C-400 °C), (41%-55%) at 500 °C, and (13%-26%) for (600 °C-700 °C). It is concluded that 5% weighted RHA concrete performs better in fire than others.",Civil Engineering,DOAJ
41de04ac4de340acb7ffa7490583bf5c,Mechanical Properties of a High Volume Natural Pozzolan Roller Compacted Concrete for Dams – Laboratory and Field Trials,Amos Karuge; Siphila Mumenya; Silvester Abuodha; Muthomi Munyua,2025,"Andalasian International Journal of Applied Science, Engineering, and Technology",ID,10.25077/aijaset.v5i02.244,https://aijaset.lppm.unand.ac.id/index.php/aijaset/article/view/244,"This article reports the experimental findings of critical thermo-mechanical properties of RCC containing a high proportion of natural pozzolan as a supplementary cementitious material for Roller Compacted Concrete (RCC) dam construction, and was accomplished through laboratory and field trials. Natural pozzolan such as volcanic ash is a promising alternative to the industrial supplementary cementitious materials (SCM) such as flyash especially where the industrial SCM are economically unavailable as well as due to their expected shortage in the near future following greener energy sources and the need to reduce carbon emissions of concrete. Based on this research, the RCC with a cement replacement of up to 68% with natural pozzolan has produced satisfactory mechanical properties for dam construction and with nearly ideal thermal properties. The results are comparable to other international RCC dams and the RCC mix is considered appropriate for construction of a high quality and durable dam structure whilst contributing to sustainable construction.",,DOAJ
4247f3c96d6f43b0b67f64dceb9a53e8,Properties of Rice Husk Ash Concrete with Periwinkle Shell as Coarse Aggregates,A. Aboshio; H. G. Shuaibu; M. T. Abdulwahab,2018,Nigerian Journal of Technological Development,NG,,https://journal.njtd.com.ng/index.php/njtd/article/view/156,"
This research is aimed at investigating the properties of concrete made from 20% Rice Husk Ash (RHA) and 80% ordinary Portland cement (OPC) using granite in one part and periwinkle shell (PS) in varying proportion in the other, as coarse aggregates. A prescribed mix of 1:2:4, cement, fine and coarse aggregates respectively with water cement ratio of 0.56 was adopted. The mix was further adjusted by replacing the coarse granite with periwinkle shell in partial replacement of the coarse aggregate varied at 0, 30, 40, 50 and 100 percentages. The constituents were mixed manually then cast into steel moulds of size 150 x 150 x 150 mm for compressive strength tests, while cylinder mould measuring 80 mm diameter x 250 mm long was used for the splitting tests. All specimens were de-moulded after 24 hrs, cured in water by immersion and then crushed at 3, 7, 28, 56 and 90 days respectively. Results showed that the density of RHA concrete with periwinkle shell in partial replacement of granite is less than normal (granite) concrete. Compressive strength and splitting tensile tests results decreased with increase in the periwinkle shell (PS) content. However concrete mix of 20% RHA and 30% PS, other than the cost savings accrued due to the replacement of the conventional materials leads to concrete with minimum strength of 20 N/mm2 at 90 days.
","rice husk, ash, periwinkle shell, compressive strength, split tensile strength",DOAJ
43029c7fc24543d487fc3ad8bb31f7b7,Utilization of rice husk waste as biochar and pozzolanic ashes in cementitious blends,Michael Commeh; Mareike Thiedeitz; Benedict Acheampong; Nkansah Nana Kwame Ashley; Godsway Gafah; Joshua Mawuli Tsitsi; Seth Acheampong; Edmond Tsekpo; Rosemond Nyamewaa Van Ess; Jason Okyeremah Barnor-Arthur,2025,Discover Civil Engineering,CH,10.1007/s44290-025-00179-y,https://doi.org/10.1007/s44290-025-00179-y,"Abstract Agricultural activities tend to produce a lot of waste in their operation. These wastes, if not properly disposed of, cause environmental pollution. Ordinary Portland Cement (OPC) is the primary binder in standard cementitious mixes and a significant contributor to CO2 emissions. This study investigates the utilization of RHA and biochar as supplementary cementitious materials to minimize the need for OPC. Rice husk, an agricultural waste, was converted into RHA and biochar using a locally built pyrolysis system and optimized to achieve better-quality RHA and biochar, enhancing their pozzolanic properties. In order to establish RHA and Biochar's suitability as SCM, chemical composition techniques (X-ray diffraction analysis, X-ray fluorescence analysis, and ultrasonic pulse velocity testing) and mechanical performance testing (compressive strength tests of various mortar mixes with varied percentages (0%, 5%, 10%, and 15%) replacement of RHA and Biochar by weight of cement) were conducted. Compressive strength on mortar cubes with RHA and biochar ranged between 1.9 and 12.1 N/mm2. A 10% replacement of RHA had the highest strength (12.1 N/mm2), while 15% CHAR had the lowest (1.9 N/mm2). The rest of the mixes, except the control and 15%, showed improved strength over the control. Utilization of rice husk ash in cementitious materials encourages efficient circular economy principles as well as environmentally sustainable infrastructure. This study underscores how utilizing bio-renewable resources in construction can contribute to sustainable development and the transition of agro-waste cementitious mixes from small-scale trials to industrialized production adopting systems like the locally built pyrolysis set-up.",Rice hush ash (RHA); Biochar; Supplementary cementitious materials (SCMs); Ordinary Portland Cement (OPC); Pyrolysis,DOAJ
457ea4505efb4e838d02d07a2caf3b84,Properties of Rice Husk Ash Concrete with Periwinkle Shell as Coarse Aggregates,A. Aboshio; H. G. Shuaibu; M. T. Abdulwahab,2018,Nigerian Journal of Technological Development,NG,http://dx.doi.org/10.4314/njtd.v15i2.1,http://njtd.com.ng/index.php/njtd/article/view/156/102,"This research is aimed at investigating the properties of concrete made from 20% Rice Husk Ash (RHA) and 80% ordinary Portland cement (OPC) using granite in one part and periwinkle shell (PS) in varying proportion in the other, as coarse aggregates. A prescribed mix of 1:2:4, cement, fine and coarse aggregates respectively with water cement ratio of 0.56 was adopted. The mix was further adjusted by replacing the coarse granite with periwinkle shell in partial replacement of the coarse aggregate varied at 0, 30, 40, 50 and 100 percentages. The constituents were mixed manually then cast into steel moulds of size 150 x 150 x 150 mm for compressive strength tests, while cylinder mould measuring 80 mm diameter x 250 mm long was used for the splitting tests. All specimens were de-moulded after 24 hrs, cured in water by immersion and then crushed at 3, 7, 28, 56 and 90 days respectively. Results showed that the density of RHA concrete with periwinkle shell in partial replacement of granite is less than normal (granite) concrete. Compressive strength and splitting tensile tests results decreased with increase in the periwinkle shell (PS) content. However concrete mix of 20% RHA and 30% PS, other than the cost savings accrued due to the replacement of the conventional materials leads to concrete with minimum strength of 20 N/mm2 at 90 days.",rice husk; ash; periwinkle shell; compressive strength,DOAJ
488089318c724aac926e6326f7ce3041,Assessment of the Durability Dynamics of High-Performance Concrete Blended with a Fibrous Rice Husk Ash,David O. Nduka; Babatunde J. Olawuyi; Olabosipo I. Fagbenle; Belén G. Fonteboa,2022,Crystals,CH,10.3390/cryst12010075,https://www.mdpi.com/2073-4352/12/1/75,"The present study examines the durability properties of Class 1 (50–75 MPa) high-performance concrete (HPC) blended with rice husk ash (RHA) as a partial replacement of CEM II B-L, 42.5 N. Six HPC mixes were prepared with RHA and used as 5%, 10%, 15%, 20%, 25%, and 30% of CEM II alone and properties are compared with control mix having only CEM II. The binders (CEM II and RHA) were investigated for particle size distribution (PSD), specific surface area (SSA), oxide compositions, mineralogical phases, morphology, and functional groups using advanced techniques of laser PSD, Brunauer–Emmett–Teller (BET), X-ray fluorescence (XRF), X-ray diffraction (XRD), scanning electron microscopy (SEM), and Fourier transform infrared/attenuated total reflection (FTIR/ATR), respectively, to understand their import on HPC. Durability properties, including water absorption, sorptivity, and chemical attack of the HPC samples, were investigated to realise the effect of RHA on the HPC matrix. The findings revealed that the durability properties of RHA-based HPCs exhibited an acceptable range of values consistent with relevant standards. The findings established that self-produced RHA would be beneficial as a cement replacement in HPC. As the RHA is a cost-effective agro-waste, a scalable product of RHA would be a resource for sustainable technology.",durability properties; high-performance concrete; rice husk ash; superabsorbent polymers; sustainability,DOAJ
499a09e18be04b13848226d4ad728a97,"WORKABILITY AND COMPRESSIVE STRENGTH OF CONCRETE CONTAINING BINARY CEMENT, MIXED FINES, AND SUPERPLASTICIZER",Oluwaseun Afolabi Oni; Chinwuba Arum,2023,Facta Universitatis. Series: Architecture and Civil Engineering,RS,10.2298/FUACE220818017O,https://casopisi.junis.ni.ac.rs/index.php/FUArchCivEng/article/view/10906/5013,"Growing awareness about the influence of buildings on the environment has resulted in a need for more ecologically friendly buildings made of inexpensive but long-lasting construction materials. Experimental findings on the workability and strength qualities of concrete produced by partial substitution of sand with lateritic soil at various percentage replacement levels of cement with Rice Husk Ash (RHA) up to 15% are presented herein. The chemical analysis of RHA and lateritic soil, as well as the consistency and setting times of OPC and OPC/RHA pastes were conducted. They were all found to be within the limits specified by appropriate standards. Slump values for all concrete mixtures reduced with increase in the replacement level of cement with rice husk ash (RHA), with and without the inclusion of superplasticizer. However, for mixtures without superplasticizer, up till 10% replacement of cement with RHA, slump increased with increase in sand replacement with laterite up to 20% and started fluctuating for laterite levels beyond 20%. For mixes with superplasticizer, slump rose for laterite levels up to 10% and fluctuation set in thereafter. The results also revealed that at all ages and for all investigated levels of sand replacement with laterite, the compressive strength of concrete attained its highest value at 95% OPC with 5% RHA. Furthermore, this highest value of the compressive strength is substantially the same with that of the 0%RHA with 0%laterite reference concrete. The findings of this research will be of benefit to concrete professionals interested in the inclusion of laterite and RHA to achieve greenness, sustainability, and cost-effectiveness in concrete.",ordinary portland cement; supplementary cementitious material; pozzolans; laterized concrete; rice husk ash; superplasticizer; slump,DOAJ
4b13d52539834536bf475453a4b07502,Predicting Nanobinder-Improved Unsaturated Soil Consistency Limits Using Genetic Programming and Artificial Neural Networks,Ahmed M. Ebid; Light I. Nwobia; Kennedy C. Onyelowe; Frank I. Aneke,2021,Applied Computational Intelligence and Soft Computing,GB,10.1155/2021/5992628,http://dx.doi.org/10.1155/2021/5992628,"Unsaturated soils used as compacted subgrade, backfill, or foundation materials react unfavorably under hydraulically bound environments due to swell and shrink cycles in response to seasonal changes. To overcome these undesirable conditions, additive stabilization processes are used to improve the volume change phenomenon in soils. However, the use of supplementary binders made from solid waste base powder materials has become necessary to deal with the hazards of greenhouse due to ordinary cement use. Meanwhile, several studies are being carried out to design infrastructures even with the limitations of insufficient or lack of equipment needed for efficient design performance. Intelligent prediction techniques have been used to overcome this shortcoming as the primary purpose of this research work. Therefore, in this work, genetic programming (GP) and artificial neural network (ANN) have been used to predict the consistency limits, i.e., liquid limits, plastic limit, and plasticity index of unsaturated soil treated with a composite binder known as hybrid cement (HC) made from blending nanostructured quarry fines (NQF) and hydrated-lime-activated nanostructured rice husk ash (HANRHA). The database needed for the prediction operation was generated from several experiments corresponding with treatment dosages of HANRHA between 0 and 12% at a rate of 0.1%. The results of the stabilization exercise showed substantial development on the soil properties examined, while the prediction exercise showed that ANN outclassed GP in terms of performance evaluation, which was conducted using sum of squared error (SSE) and coefficient of determination (R2) indices. Generally, nanostructuring of the component binder material has contributed to the success achieved in both soil improvement and efficiency of the models predicted.",,DOAJ
4ce971f8b06048a1a5fc5cf9347e8b27,Acid resistance of palm oil fuel ash and metakaolin ternary blend cement mortar,Jamilu Usman; AbdulRahman Mohd Sam,2017,Sustainable Environment Research,GB,10.1016/j.serj.2017.02.003,http://www.sciencedirect.com/science/article/pii/S2468203917301231,"This paper examines the effects of blend of Palm Oil fuel ash (POFA) and Metakaolin (MK) on the resistance of cement mortar to sulphuric acid (H2SO4) attack. Tests were conducted on POFA and MK ternary blended cement mortar immersed in a 3% H2SO4 solution for up 180 d. Binaries of POFA/cement and MK/cement as well as plain ordinary Portland cement (OPC) mortar was also tested for comparison. The parameters measured include residual compressive strength and residual mass. Additionally, the microstructures of the specimens were analysed using the X-ray diffraction and Fourier transformed infrared techniques. The residual compressive strengths of the mortar specimens for plain OPC, binary blend of POFA and cement, binary blend of MK and cement, and ternary blend of POFA, MK and cement after 180 d of immersion in the acid solution were 25, 30, 33, and 32%, respectively. Moreover, the corresponding residual masses of the specimens were 39, 52, 58, and 54%. Accordingly, the ternary blended mortar performed better in resisting H2SO4 attack than the plain OPC and binary blend of POFA/cement mortars.",Palm oil fuel ash; Metakaolin; Cement; Ternary blend; Sulphuric acid,DOAJ
507cd1df1b204424b521ba968b2243e6,Enhancement of self-compactability of fresh self-compacting concrete: A review,Bikila Meko; Joshua O. Ighalo; Olatokunbo M. Ofuyatan,2021,Cleaner Materials,GB,10.1016/j.clema.2021.100019,http://www.sciencedirect.com/science/article/pii/S2772397621000198,"The main characteristics of self-compating concrete (SCC) are its ability to flow into every corner of the formwork and even in congested reinforcement arrangements under its weight and without segregation. This paper reviews the recent progress in the enhancement of the self-compatibility of SCC in a fresh state. The main approaches to achieve this aim was observed to be the employment of air entrainment, and the utilization of various supplementary cementitious materials (SCMs) such as fly ash, silica fume, ground-granulated blast-furnace slag and rice husk ash. Entraining suitable air bubbles had the potential to enhance the self-compatibility of fresh concrete while also being very beneficial in reducing the cement content of the SCC. The workability and rheological properties of fresh SCC was observed to be enhanced by the utilization of SCMs. SCMs also possess the advantages of pozzolanic and filler effects which are not in play for entrained air. For future work, researchers can explore statistical and intelligent multi-objective optimisation techniques for getting the best amount of SCMs that will maximize the fresh properties whilst considering its deleterious effect on the hardened properties.",Self-compating concrete; Cement; Supplementary cementitious materials; Fly ash; Silica fume,DOAJ
54186caec6574ea6b6b4b69cea15dff4,Optimization of 4D/3D printing via machine learning: A systematic review,Yakubu Adekunle Alli; Hazleen Anuar; Mohd Romainor Manshor; Christian Emeka Okafor; Amjad Fakhri Kamarulzaman; Nürettin Akçakale; Fatin Nurafiqah Mohd Nazeri; Mahdi Bodaghi; Jonghwan Suhr; Nur Aimi Mohd Nasir,2024,Hybrid Advances,NL,10.1016/j.hybadv.2024.100242,http://www.sciencedirect.com/science/article/pii/S2773207X24001039,"This systematic review explores the integration of 4D/3D printing technologies with machine learning, shaping a new era of manufacturing innovation. The analysis covers a wide range of research papers, articles, and patents, presenting a multidimensional perspective on the advancements in additive manufacturing. The review underscores machine learning's pivotal role in optimizing 4D/3D printing, addressing aspects like design customization, material selection, process control, and quality assurance. The examination reveals novel techniques enabling the fabrication of intelligent, self-adaptive structures capable of transformation over time. Additionally, the review investigates the use of predictive algorithms to enhance efficiency, reliability, and sustainability in 4D/3D printing processes. Applications span aerospace, healthcare, architecture, and consumer goods, showcasing the potential to create intricate, personalized, and once-unattainable functional products. The synergy between machine learning and 4D/3D printing is poised to unlock new manufacturing horizons, enabling rapid responses to market demands and sustainability challenges. In summary, this review provides a comprehensive overview of the current state of 4D/3D printing optimization through machine learning, highlighting the transformative potential of this interdisciplinary fusion and offering a roadmap for future research and development. It aims to inspire innovators, researchers, and industries to harness this powerful combination for accelerated evolution in manufacturing processes into the 21st century and beyond.",4D printing; Machine learning; 3D printing; Smart materials,DOAJ
5a4870600f774925bac231c631e3c300,"Thermal behaviour, microstructural changes and mechanical properties of alkali-activated volcanic scoria-fired waste clay brick blends",Cyriaque Rodrigue Kaze; Lynn Myllyam Beleuk à Moungam; Jordan Valdès Sontia Metekong; Thamer Salman Alomayri; Abdolhossein Naghizadeh; Leonel Tchadjie,2023,Developments in the Built Environment,GB,10.1016/j.dibe.2023.100153,http://www.sciencedirect.com/science/article/pii/S2666165923000352,"The present work aims at producing volcanic scoria (Zg) based geopolymer containing high volume of waste fired clay brick (WB). The objective was producing Zg-based geopolymer incorporating WB powders up to 50 wt% and then investigated a potential thermal stability. All formulated samples were prepared with sodium silicate made from rice husk ash and 6 M of an aqueous NaOH solution. The first series of consolidated geopolymer samples were cured at 25 °C, while the second ones were exposed to high temperatures of 400, 600 and 800 °C. The specimens were subjected to mechanical performance, physicochemical and microstructural properties evaluation. The results indicated that incorporating the WB positively influenced the physicochemical performances of geopolymers. Sample prepared with 10 wt% of WB gave highest mechanical property (33 MPa) at 600 °C. The use of WB favoured the densification and strength development of end products in the range of 25–600 °C.",Volcanic scoria; Waste clay fired brick; NaOH; Rice husk ash; Geopolymer; Thermal behaviour,DOAJ
5b229f5f513b4d3399f3297be4ec05ee,Quantitative study on surface porosity and roughness parameters of mineral and organic admixtures based on multi-scale characterisation techniques,David Sinkhonde,2023,Cleaner Materials,GB,10.1016/j.clema.2022.100166,http://www.sciencedirect.com/science/article/pii/S2772397622001265,"Studying surface porosity and surface roughness of mineral and organic admixtures is vital in cement-based applications as these characteristics play a significant role in the behaviour of cement-based composites. Aiming to enhance the characteristics of coconut shell ash (CSA), gum Arabic (GA), cassava starch (CS), rice husk ash (RHA) and burnt clay powder (BCP) including their influence on cement-based composites, the surface porosity and surface roughness characteristics were comprehensively explored using scanning electron microscopy (SEM) under scale of 100 µm and Gwyddion. The surface morphological measurements, surface porosity and surface roughness of the specimens were respectively assessed using parameters such as skewness (Rsk), Kurtosis coefficient (Rku), roughness average (Ra), root mean square roughness (Rq), waviness average (Wa), root mean square waviness (Wq) and plane porosity. The roughness average values were noticed to range from 19 nm to 77 nm whilst the root mean square roughness values were found to vary from 27 nm to 107 nm. The waviness average and root mean square waviness values of specimens ranged from 26–132 nm and 34–157 nm respectively. The skewness values were observed to range from −0.18–0.72 while Kurtosis coefficient values ranged from 3 to 12. The comparisons in plane porosity quantification findings obtained using the implemented algorithms illustrated that the plane porosity values from threshold method were higher than those from segmentation method. The findings from this study extend characterisation of mineral and organic admixtures and subsequently guide management practices of waste materials through utilisation of mineral and organic admixtures in cement-based composites.",Surface roughness; Surface porosity; Mineral and organic admixtures; Scanning electron microscopy; Image characterisation; Morphology,DOAJ
5baa90436a614a36a65555d72e6b1f1c,Beyond Burnt Bricks: Reassessing Otukpo Soil for Sustainable Construction Applications,John Audu; Sylvester Osuji; Okiemute Ogirigbo,2025,Construction Materials,CH,10.3390/constrmater6010001,https://www.mdpi.com/2673-7108/6/1/1,"The Otukpo Burnt Brick Factory has remained dormant for more than three decades despite repeated government interventions. In this context, the present study investigates the suitability of soils from Otukpo, Benue State, Nigeria, for unfired brick production and as supplementary cementitious materials (SCMs). Four representative samples (OT1–OT4) were subjected to X-ray fluorescence (XRF), thermogravimetric analysis (TGA), particle size distribution (PSD), X-ray diffraction (XRD), unconfined compressive strength (UCS), cube strength, shrinkage, and water absorption tests. The results revealed high reactive oxide contents (SiO<sub>2</sub> + Al<sub>2</sub>O<sub>3</sub> + Fe<sub>2</sub>O<sub>3</sub> > 93%) with low SO<sub>3</sub> and moderate loss on ignition (~6%), thus indicating strong pozzolanic potential. PSD residues on the 45 µm sieve ranged from 6.8 to 17%, which is well below the ASTM C618 limit of 34%. XRD confirmed quartz and kaolinite as dominant phases. Strength activity indices showed that only OT3 and OT4 exceeded Nigerian (NIS 693:2007) and Indian (IS 1725:2023) standards when stabilized with 5 wt.% cement or sodium hydroxide; while OT1 and OT2 were below these thresholds. Water absorption values for OT3 (18.69%) and OT4 (19.04%) marginally satisfied Indian standards but failed Nigerian requirements, which is reflective of high porosity. Linear shrinkage (~14%) met IS 1498 marginally, and pH values (6.14–6.34) were consistent with lateritic soils. Overall, OT3 and OT4 demonstrated promise for low-energy SCMs and unfired brick applications, though they must be restricted to non-load-bearing uses unless further stabilization is applied.",unfired bricks; supplementary cementitious materials (SCMs); pozzolanic potential; sustainable construction materials; Otukpo soil; natural pozzolan,DOAJ
5d84f40d021147a89decf1e72fc43bf7,Prediction of the Residual Compressive Strength of Rice Husk Ash Concrete after Exposure to Elevated Temperatures Using XGBoost Machine Learning Algorithm,Elvis Ang'ang'o; Silvester Abuodha; Siphila   Mumenya,2024,"Andalasian International Journal of Applied Science, Engineering, and Technology",ID,10.25077/aijaset.v4i3.187,https://aijaset.lppm.unand.ac.id/index.php/aijaset/article/view/187,"The study aimed to assess the applicability of XGBoost in determining the residual compressive strength of rice husk ash concrete exposed to elevated temperature, reducing the need for costly, time-consuming laboratory experiments. Data was collected from the available literature, with 75% used for training and 25% for testing. Synthetic data was created using the Wasserstein Generative Adversarial Network with Gradient Penalty (WGAN-GP). The model accuracy was checked using statistical scores: coefficient of determination (R2), root mean squared error (RMSE), and mean absolute error (MAE). SHAP values were used for feature importance analysis. Coding was done in Python using Jupyter Notebook. With the original data, the model produced RMSE, R2, and MAE test values of 3.351, 0.939, and 2.994, respectively, indicating excellent performance. The combined original and synthetic dataset gave RMSE, R2, and MAE values of 0.071, 0.941, and 0.053, respectively, signifying improved performance. The feature analysis identified higher temperature, unheated compressive strength, and water-cement ratio as the most significant factors in the XGBoost prediction. The exposure duration, alumina content, and iron oxide had minimal influence.",,DOAJ
6790030d9080403aa00eeae86c6f81fe,Influence of rice husk ash inclusion on electrical characteristics of dry cement mortar,Etuk Sunday  Edet; Robert Ubong  Williams; Okechukwu Agbasi; Inyang Namdie  Joseph,2024,Zaštita Materijala,RS,10.62638/ZasMat1051,https://www.zastita-materijala.org/index.php/home/article/view/1051,"
Rice husk is usually generated as waste in large quantities but yet to be optimally utilized. Due to the pollution effects associated with poor approach prevalently adopted for its disposal, valorizing it into economical and sustainable material for building construction is a necessary option to provide solution for future generation. In this research, separate dry mortars were prepared using cement grades 32.5R and 42.5N and the influence of rice husk ash (RHA) inclusion on their electrical characteristics was investigated. The materials used were batched by volume and the RHA was utilized as a partial substitute for cement at 10 % level. All the samples were cured for 21 days and then allowed to dry completely prior to the tests implementation. The results showed decrease in electrical resistance with temperature (ranging from 20oC to 50oC) due to incorporation of the RHA. Though samples with the RHA content possessed ability to act as smart mortars for temperature monitoring/sensing, utilization of cement grade 42.5N ensured a better performance. By utilizing rice husks in such undertakings, their associated disposal problems could be tackled and construction of inexpensive but sustainable building with large temperature sensing capability could be enhanced.


 
",Building; Electrical resistance; Temperature sensing; Thermal sensitivity index; Waste,DOAJ
67e57e2d8190486db07cf580741f246b,Metakaolin-Enhanced Laterite Rock Aggregate Concrete: Strength Optimization and Sustainable Cement Replacement,Udeme Udo Imoh; Muayad Habashneh; Sophia Chukwufumnanya Kaine; Adewumi John Babafemi; Rauf Hassan; Majid Movahedi Rad,2025,Buildings,CH,10.3390/buildings15244553,https://www.mdpi.com/2075-5309/15/24/4553,"The growing demand for concrete in tropical regions faces two unresolved challenges: the high carbon footprint of ordinary Portland cement (OPC) and limited understanding of how supplementary cementitious materials affect the mechanical performance of laterite rock aggregates concrete. Although metakaolin (MK) is a highly reactive pozzolan, its combined use with laterite rock aggregates concrete and its influence on strength development and microstructure have not been sufficiently clarified. This study investigates the mechanical behavior and sustainability potential of laterite rock aggregate concrete in which OPC is partially replaced by MK at 0%, 5%, 10%, 15%, and 20% by weight. All mixes were prepared at a constant water–binder ratio of 0.50 and tested for workability, compressive strength, split-tensile strength, and flexural strength at 7, 14, and 28 days, with and without a polycarboxylate-based superplasticizer. The results show that MK significantly enhances the mechanical performance of laterite rock concrete, with an optimum at 10% replacement: the 28-day compressive strength increased from 35.6 MPa (control) to 53.9 MPa in the superplasticized mix, accompanied by corresponding gains in tensile and flexural strengths. SEM–EDS analyses revealed microstructural densification, reduced portlandite, and a refined interfacial transition zone, explaining the improved strength and cracking resistance. From an environmental perspective, a 10% MK replacement corresponds to an approximate 10% reduction in clinker-related CO<sub>2</sub> emissions, while the use of locally available laterite rock reduces the dependence on quarried granite and transportation impacts. The findings demonstrate that MK-modified laterite rock concrete is a viable and eco-efficient option for structural applications in tropical regions. The study concludes that MK-enhanced laterite rock aggregate concrete can deliver higher structural performance and improved sustainability without altering conventional mix design and curing practices.",metakaolin; laterite rock aggregates concrete; supplementary cementitious materials; mechanical properties of concrete; sustainable concrete,DOAJ
6854820c22bf410eb1bd9ad7ec55ff80,Evaluation of metakaolin pozzolan for cement in South Africa,F. Sinngu; S.O. Ekolu; A. Naghizadeh; H.A. Quainoo,2023,Developments in the Built Environment,GB,10.1016/j.dibe.2023.100154,http://www.sciencedirect.com/science/article/pii/S2666165923000364,"This paper presents findings of an experimental study conducted to evaluate the performance of metakaolin (MK) for potential use as a supplementary cementitious material or cement extender in South Africa. In this study, various proportions consisting of 0%, 5%, 10%, 15% MK were incorporated into ordinary Portland cement CEM I 52.5 N, then used to prepare mortar mixtures. Various mechanical and durability properties were measured comprising flowability, compressive strength, pozzolanic activity with lime, drying shrinkage, alkali - silica reaction (ASR) and sulphate resistance. Analytical studies were done using X - ray diffraction and scanning electron microscopy. It was found that incorporation of 10%–15% MK into Portland cement led to improved flowability, compressive strength increase and lower drying shrinkage, while ASR and sulphate attack processes were effectively mitigated. Results showed that the MK extender satisfied ASTM C618 specified criteria for ‘Class N’ pozzolan. Incorporation of 15% MK into Portland cement also met the requirements categorising the blend as CEM II/A–P 42.5 N cement type of SANS EN 50197–1.",Metakaolin; Extender; Pozzolan; Supplementary cementitious materials; Compressive strength; Drying shrinkage,DOAJ
6d6691ff8de745c0a34263b4f4277d70,A multi-image analysis suitable to characterise structural parameters of mineral and chemical admixtures for sustainable construction,David Sinkhonde; Alladjo Rimbarngaye; Bassirou Kone,2022,Cleaner Engineering and Technology,GB,10.1016/j.clet.2022.100566,http://www.sciencedirect.com/science/article/pii/S2666790822001719,"The high use of ordinary Portland cement (OPC) has called for the use of mineral and chemical admixtures replacing cement in cement-based composites. In order to ensure the improvement of properties of cement-based composites, sufficient characterisation of mineral and chemical admixtures replacing cement is essential. For mineral and chemical admixtures, successful characterisation of vital structural parameters, like average pore size, pore size distribution, pore density and surface roughness, is essential. In this study, image analysis methodology of scanning electron microscopy (SEM) images was employed as a method to measure such structural parameters. The main focus of this study was on three software packages: ImageJ, Origin Pro and Gwyddion. Extensive image analyses were performed on OPC, gum Arabic (GA), burnt clay powder (BCP) and rice husk ash (RHA). To shed more light on underlying influence of magnification on key structural parameters of mineral and chemical admixtures, the SEM images were subjected to varying magnifications (270× and 600×). Data on crucial structural parameters obtained by image analysis were compared among the established software packages. Based on the findings, it was understood that most structural parameters obtained by image analysis were consistent and within acceptable accuracy. By increasing the magnification of SEM micrographs, apparent decrease in areas of integration of gray value plots for all the materials was observed. The results on surface porosity indicated that increased magnification reduced the porosity of the mineral and chemical admixtures. From fast Fourier transformation (FFT) findings, it was observed that reduced magnification (270×) illustrated clear and bright diffraction spots compared to increased magnification (600×). It was further demonstrated that the increase in pore mouths of the specimens is a function of increased magnification. Meanwhile, surface roughness values computed by Gwyddion at increased magnification reduced compared to those at lower magnification. Data presented herein not only provide characteristics of mineral and chemical admixtures but also provide scientific insights in the use of mineral and chemical admixtures for sustainable construction.",Mineral and chemical admixtures; Structural parameters; Fast Fourier transformation; Surface porosity; Scanning electron microscopy; Image analysis,DOAJ
6f11cb97b25c4ca2a332f318f85da724,Review of Selected Bio-Wastes as Potential Materials for Alkali-Activation for Cement-Based Products,K. A. Olonade; H. Mohammed,2019,Nigerian Journal of Technological Development,NG,,https://journal.njtd.com.ng/index.php/njtd/article/view/434,"
There is growing need to finding alternative binder for Ordinary Portland Cement (OPC) as a result of the environmental hazards associated with its production. This paper presents the result of the review of selected bio-wastes as potential materials for alkali-activation in cement-based products. Studies carried out by several authors on the use of ashes from rice husk, cassava peel, sugarcane straw, corn cob and coconut shells were critically reviewed, while their chemical compositions as well as other criteria for alkali activation were identified. The review showed that the combined composition of SiO2, Al2O 3 and Fe2O3 were in the ranges of 67.90 – 93.60, 46.59 – 72.25, 73.79 – 83.02, 41.13 – 78.30 and 71.3 – 77.57 % for rice husk ash, cassava peel ash, sugarcane straw ash, corn cob ash and coconut shell ash, respectively. These values met the requirement of ASTM 618 for materials to be considered as pozzolan, while the hydraulic coefficients of the ashes were also found comparable to notable industrial wastes that have been utilized for alkali-activation. It was also found that these materials are still not explored for alkali-activation. The paper concluded that the ash from these materials could be alkali activated to produce binders in cement-based products due to their potential properties.
","Bio-wastes, alkali-activation, geopolymer, hydraulic activity coefficient, pozzolan.",DOAJ
766f51dfb33640b0afb669c128f6052b,Investigating the mechanical performance of PET fiber-reinforced termite mound soil earth bricks stabilized with cement-rice husk ash binary binders,Festus Ben; Martins Taiwo Esan,2025,Materials Research Express,GB,10.1088/2053-1591/ae0274,https://doi.org/10.1088/2053-1591/ae0274,"The escalating demand for cost-effective, lightweight, and resource-efficient construction materials has intensified research into stabilized earth bricks (SEBs) for sustainable housing. This study explores the synergistic potential of three environmental waste materials, termite mound soil (TMS), rice husk ash (RHA), and polyethylene terephthalate (PET) fibers, combined with Portland cement to produce high-performance SEBs. Four mix designs were formulated by keeping cement content constant at 15% and varying TMS (45%–60%), RHA (20%–32%), and PET fibers (5%–8%). Engineering tests were conducted to evaluate physical, chemical, mineralogical, and mechanical properties, including bulk density, water absorption, compressive and flexural strengths, and microstructural analysis. Results identified the PTR-A mix (60% TMS, 20% RHA, 5% PET) as optimal, achieving superior mechanical and durability performance. Bulk density ranged from 1529.55 to 1669.75 kg m ^−3 , water absorption from 7.41% to 8.85%, 28-day compressive strength from 3.31 to 11.07 MPa, and flexural strength from 1.57 to 2.68 MPa. Mineralogical analysis revealed dominant phases of calcium hydroxide (CH), calcium silicates (CS), and silica (SiO _2 ), with C-S-H gel formation indicating strong pozzolanic activity between cement and RHA. While increased RHA and PET content contributed to higher porosity and lower mechanical performance, TMS proved effective in enhancing matrix compactness and strength. Overall, the PET/Cement-RHA/TMS SEBs developed in this study meet relevant performance standards and are suitable for general building applications, particularly for non-load-bearing and interior-use compressed earth bricks. This research highlights a viable path for valorizing agricultural and plastic wastes into sustainable, durable, and affordable construction materials.",compressed stabilized earth bricks; termite mound soil; rice husk ash; sustainable housing; SDGs 9 and 11; PET fibers,DOAJ
793d7e73a40f45bfb1c2df52796e6282,Durable concrete in sewerage using non-grinded rice husk ash and water-permeable mould,Uwazuruonye Raphael,2022,Magazine of Civil Engineering,RU,10.34910/MCE.115.11,http://engstroy.spbstu.ru/article/2022.115.11/,"here are increasing interests in using natural pozzolans as partial replacements for ordinary Portland cement (OPC) in concrete due to the benefit to the environment, low-carbon footprint, and durability improvement potentials. In the present research, open-air-burnt non-grinded rice husk ash (RHA) samples from Ganawuri-Plateau State, Nigeria, were used as a partial replacement for OPC in concrete. A water-permeable form (controlled permeability formwork – CPF) was utilized to counter the adverse effects of high-water demand. The combined effects of CPF and RHA on the cover-zone microstructure/porosity were analysed by the mercury intrusion porosimetry (MIP) test. Water sorptivity and sulphuric acid resistance properties were measured by Surface Water Absorption Test (SWAT) and accelerated sulphuric acid resistance test, respectively, to study the suitability of the concrete mixtures for sewerage concrete structures. Compared to Portland cement concrete, the RHA with CPF samples had relatively low permeability and low water sorptivity while the RHA without CPF samples showed the highest resistance to sulphuric acid attack, exhibiting no weight loss, no gypsum formation at the surface with the least surface discolouration.",concrete; supplementary cementitious material; microstructure; water absorption; acid resistance; sustainability; durability,DOAJ
7ba9a41f370a4802a6d7cd9ab74e0aea,Review of Selected Bio-Wastes as Potential Materials for Alkali-Activation for Cement-Based Products,"K. A. Olonade, H. Mohammed",2019,Nigerian Journal of Technological Development,NG,10.4314/njtd.v16i3.5,https://doi.org/10.4314/njtd.v16i3.5,"There is growing need to finding alternative binder for Ordinary Portland Cement (OPC) as a result of the environmental hazards associated with its production. This paper presents the result of the review of selected bio-wastes as potential materials for alkali-activation in cement-based products. Studies carried out by several authors on the use of ashes from rice husk, cassava peel, sugarcane straw, corn cob and coconut shells were critically reviewed, while their chemical compositions as well as other criteria for alkali activation were identified. The review showed that the combined composition of SiO2, Al2O 3 and Fe2O3 were in the ranges of 67.90 – 93.60, 46.59 – 72.25, 73.79 – 83.02, 41.13 – 78.30 and 71.3 – 77.57 % for rice husk ash, cassava peel ash, sugarcane straw ash, corn cob ash and coconut shell ash, respectively. These values met the requirement of ASTM 618 for materials to be considered as pozzolan, while the hydraulic coefficients of the ashes were also found comparable to notable industrial wastes that have been utilized for alkali-activation. It was also found that these materials are still not explored for alkali-activation. The paper concluded that the ash from these materials could be alkali activated to produce binders in cement-based products due to their potential properties.",bio-wastes; alkali-activation; geopolymer; hydraulic activity coefficient,DOAJ
8055280c394a462dbb43cc98ab798e81,Strength and durability assessment of lateritic soil stabilised with partial blend of calcium-based and agro-based additives for flexible pavement layers,E. O. Mezie; C. M. O. Nwaiwu; C. M. Nwakaire; E. U. Onah,2025,Discover Civil Engineering,CH,10.1007/s44290-025-00270-4,https://doi.org/10.1007/s44290-025-00270-4,"Abstract In this study a lateritic soil in AASHTO class A-6 was stabilised with a partial blend of calcium-based and agro-based stabilisers. The calcium-based stabilisers are cement/lime while the agro-based stabilisers are rice husk ash (RHA), and oil palm empty fruit bunch ash (OPEFBA). The aim was to investigate the possibility of partially replacing calcium-based stabilisers with agro-based stabilisers to achieve satisfactory performance on strength and environmental sustainability. Index properties tests were conducted to classify the soil. Oxide contents tests were also done for the soil and the stabilisers. Compaction and unconfined compress test (UCT) were conducted for all the total binder content (TBC) from which six (6) optimum TBC were pre-selected. Further tests that comprise Atterberg limit, specific gravity, California Bearing Ration (CBR)—soaked and unsoaked, and durability tests were done for the 6 pre-selected TBC. Two of the 6 pre-selected TBC designated as Q-8 and Q-10 showed satisfactory performance on the specification limits by the Nigeria General Specifications for Roads and Bridges. With less embodied energy when compared to all-cement stabiliser, the two TBC can be used alternatively and sustainably in place of all-cement to stabilise similar deficient soil for flexible pavement layers.",Compaction; Soil stabilisation; Lateritic soil; Rice husk ash; Oil palm empty fruit bunch ash,DOAJ
8300e34843b14629ac89aa1338696ba9,Modification approach of Northern Wall to improve the performance of solar greenhouse dryers: A review,M.C. Ndukwu; Leonard Akuwueke; Godwin Akpan; M.F. Umunna; Godwin Usoh; Inemesit Ekop; Promise Etim; I. Okosa; Francis Orji; E.C. Ikechukwu-Edeh; Ifiok Ekop; Merlin Simo-Tagne; Lyes Bennamoun; Hongwei Wu; Fidelis Abam,2024,Green Energy and Resources,NL,10.1016/j.gerr.2024.100104,http://www.sciencedirect.com/science/article/pii/S2949720524000584,"Globally, interest is shifting toward green energy due to its environmental appeal. Therefore, to promote energy and environmental conservation in drying, several solar dryers have been developed which offers limitless, clean, and free energy to dry agricultural product. Among these solar dryers, solar greenhouse dryers offer a very simple low-temperature, energy-efficient structure capable of drying large beds of crops by harnessing thermal radiation energy from the sun. To improve the thermal performance in the passive mode especially, several modification approaches have been adopted. This article, therefore, reviewed various possible modification methods that have been adopted to improve the thermal performance of the greenhouse, with a focus on the modification of the northern wall. The various strategies involved in the modification of the north wall structure include creating an opaque north wall with black painted materials, installing a reflective north wall using a mirror, integrating heat storage materials like pebbles or brick, integrating phase change materials into the north wall, digging the soil depth to form a north wall and creating a variable southern roof with a modified north wall. Modifying the northern wall showed higher drying chamber temperature compared to completely transparent convectional greenhouse dryers in all the studies. These modifications can increase the temperature of the modified greenhouse by 13.38∼21.10% for a natural convection solar greenhouse dryer compared to the conventional type. With this approach, the radiation losses from the northern wall can be minimized and the energy management system of the greenhouse can be optimized for higher performance, making it more sustainable and eliminating the use of fossil fuel in agricultural product drying.",Crop drying; Solar energy; Greenhouse dryer; Northern wall,DOAJ
881e42d4477446f7b86064f2a454eebc,"Rheological, mechanical and durability performance of some North African commercial binary and ternary cements",Mokhtaria Benkaddour; Said Kenai; Walid Yahiaoui; Hamza Bensaci; Jamal Khatib,2023,Case Studies in Construction Materials,GB,10.1016/j.cscm.2023.e02689,http://www.sciencedirect.com/science/article/pii/S2214509523008707,"Mineral additions are used in most cement plants for ecological and economic reasons. The variation in the type and source of these mineral additions has a strong influence on the characteristics of cements, which makes it difficult for site engineers to predict the performance of self-compacting mortars and concretes based on these cements and choose the appropriate type for a particular application. This study aims at contributing to the characterization of two binary (limestone or pozzolan) and two ternary (limestone with pozzolan or limestone-slag) commercial cements in North Africa and their influence on the rheology and mechanical and durability performance of self-compacting mortars (SCM) at early age and long term. V-Funnel, the Marsh cone and a rheometer were used to measure the rheological properties. Also, the heat of hydration, total shrinkage, mechanical strength, capillary water absorption and resistance to acid (HCl and H2SO4) and sulfate (Na2SO4 and MgSO4) were evaluated. The results showed the need for the appropriate choice of cement according to the desired performance at the fresh and hardened state. The benefit of using ternary cement with improved workability, decrease in viscosity and yield stress, reduced sorptivity, and higher compressive strength at long term and better resistance to sulfate and acid attacks has been proven. It has been shown that CEM II/A (L+S) improves workability as it significantly decreases viscosity (60 %) and yield stress (76 %); reduces sorptivity (22 %), improves compressive strength at a long term (19 %) and enhances resistance to sulfuric acid (32 %). The CEM II/A (L+Z) reduces porosity (19 %) and increases resistance to sulfate attack by 25 % and 57 % under Na2SO4 and MgSO4 respectively). The best behavior towards HCl attack is that of CEM II/A-Z which presents the lowest values of total shrinkage and hydration heat.",Limestone; Pozzolan; Slag; Rheology; Mechanical performance; Durability,DOAJ
8ac66924d26446aa8a815a8d27c60e17,Development of high-performance concrete using guinea corn and rice husk ashes as replacement for silica fume,Kehinde Olukemi Olorunfemi; Samson Olalekan Odeyemi; Mohammed Abdulkareem Adisa,2025,Next Sustainability,GB,10.1016/j.nxsust.2025.100203,http://www.sciencedirect.com/science/article/pii/S2949823625001060,"High-Performance Concrete (HPC) offers higher strength and durability compared to nominal concrete. Silica fume, a key cementitious material in HPC, significantly enhances mechanical performance because of its fine particle size and high reactivity. However, Nigeria’s dependence on imported silica fume poses sustainability and cost challenges. Between August 2023 and July 2024, imports increased by 400 %, with a single exporter serving one buyer. By July 2024, no imports were recorded, revealing the volatility and risks of relying on foreign supply. This study investigates the potential of Guinea Corn Husk Ash (GCHA) and Rice Husk Ash (RHA), agricultural wastes abundantly available in Nigeria, as sustainable alternatives to silica fume in HPC production. The characteristics of GCHA and RHA were evaluated, alongside their effect on concrete workability and strength. Findings showed that RHA improves compressive, tensile, and flexural strengths due to its high amorphous silica content and reactive surface. GCHA, with lower reactivity and higher water demand, causes a gradual decline in strength properties. However, an optimized blend containing 8 % GCHA and 22 % RHA achieved a compressive strength of 50 N/mm², along with improved sustainability and adequate workability. These findings support the use of local pozzolans in cost-effective, high-performance concrete.",High-performance concrete; Silica fume; Mechanical performance; Guinea corn husk ash; Rice husk ash; Agricultural waste,DOAJ
8cdbd2c630ff409d82e16251dd185b75,Optimization of cassava peel ash concrete using central composite design method,Uzoma Ibe Iro; George Uwadiegwu Alaneme; Imoh Christopher Attah; Nakkeeran Ganasen; Stellamaris Chinenye Duru; Bamidele Charles Olaiya,2024,Scientific Reports,GB,10.1038/s41598-024-58555-0,https://doi.org/10.1038/s41598-024-58555-0,"Abstract Cassava peel ash (CPA) is an abundant agricultural byproduct that has shown promise as an additional cementitious material in concrete manufacturing. This research study aims to optimize the incorporation of CPA in concrete blends using the central composite design (CCD) methodology to determine the most effective combination of ingredients for maximizing concrete performance. The investigation involves a physicochemical analysis of CPA to assess its pozzolanic characteristics. Laboratory experiments are then conducted to assess the compressive and flexural strengths of concrete mixtures formulated with varying proportions of CPA, cement, and aggregates. The results show that a mix ratio of 0.2:0.0875:0.3625:0.4625 for cement, CPA, fine, and coarse aggregates, respectively, yields a maximum compressive strength of 28.51 MPa. Additionally, a maximum flexural strength of 10.36 MPa is achieved with a mix ratio of 0.2:0.0875:0.3625:0.525. The experimental data were used to develop quadratic predictive models, followed by statistical analyses. The culmination of the research resulted in the identification of an optimal concrete blend that significantly enhances both compressive and flexural strength. To ensure the reliability of the model, rigorous validation was conducted using student’s t-test, revealing a strong correlation between laboratory findings and simulated values, with computed p-values of 0.9987 and 0.9912 for compressive and flexural strength responses, respectively. This study underscores the potential for enhancing concrete properties and reducing waste through the effective utilization of CPA in the construction sector.",Response surface methodology; Analysis of variance; Agro-waste; Design expert,DOAJ
8eebb19502904962ac86e9b6e39b8bd4,Effects of titanium dioxide coatings on building composites for sustainable construction applications,Luqman Adedeji Taiwo; Ifeyinwa Ijeoma Obianyo; Olugbenga O. Amu; Ahmed Olalekan Omoniyi; Azikiwe Peter Onwualu; Alfred B. O. Soboyejo,2022,Cogent Engineering,GB,10.1080/23311916.2022.2151168,https://www.tandfonline.com/doi/10.1080/23311916.2022.2151168,"Improving the durability of building materials saves maintenance costs, construction time and energy. In this study, titanium dioxide-coated conventional and non-conventional composites were produced, and the effects of titanium dioxide coatings were investigated. Conventional composites were produced using river sand and Portland cement, whereas non-conventional composites were produced by partially replacing river sand and Portland cement with quarry dust and rice husk ash. Water absorption and thickness swelling tests were conducted on the produced coated and non-coated block samples. A reduction in water absorption was observed in the coated composite samples when compared to the non-coated composite samples and this is an indication of the improved durability of the samples coated with titanium dioxide. However, there was an increase in the thickness swelling of coatings on the coated block samples, but this increase has a slight influence on the compressive strength of the coated samples. The outcome of this study indicates that coating composite building blocks with titanium dioxide will improve their durability. Also, the site exposure experiments revealed the self-cleansing properties of TiO2-coated composite block samples, while the Rhodamine B discolouration test confirmed the photocatalytic features of TiO2-coated composite block samples.",durability; mechanical properties; building composite; rice husk ash; quarry dust,DOAJ
9798c64c1764420aae4761fcc2a59c83,A Review of Some Agricultural Wastes in Nigeria for Sustainability in the Production of Structural Concrete,C. Fapohunda; A. Kilani; B. Adigo; L. Ajayi; B. Famodimu; O. Oladipupo; A. Jeje,2021,Nigerian Journal of Technological Development,NG,,https://journal.njtd.com.ng/index.php/njtd/article/view/658,"A review of agricultural wastes available in Nigeria that is suitable for use in concrete industry, in order to attain sustainability in structural concrete production and practice, is presented in this paper. The wastes reviewed are: Cassava Peel Ash (CPA), Empty Palm Oil Fruit Brunch Ash (EPO-FBA), Rice Husk Ash (RHA), and Saw Dust Ash (SDA). Others were Palm Kernel Shell Ash (PKSA), Groundnut Husk Ash (GHA), Corncob Ash (CA), and Egg Shell Powder (ESP). The study revealed that some agricultural wastes that have potential for use as supplementary cementing material (SCM) for cement in the production of structural concrete abounds in Nigeria. It was also revealed that the necessity of standardization of procedures for testing of such wastes so that structural performance index can be compared. In addition, there is also the need for the development of classification methods similar to that of fly ash, so that their use can be enhanced.  Using these waste materials in concrete will lead to sustainability in concrete production, reduction in the use of natural non-renewable resources, innovativeness in the use of wastes, and the development of small-scale industries.",agricultural waste; compressive strength; pozzolans; structure; sustainability,DOAJ
98c636463d4243e5bbcc8987cb99e8ac,The Utilisation of Rice Husk Ash Leachates for The Synthesis of Eco-Friendly Geopolymers,Maria Kaka Etete Enoh; Oliver Ibor Inah,2024,"Platform, a Journal of Engineering",MY,https://doi.org/10.61762/pajevol8iss2art27047,https://myjms.mohe.gov.my/index.php/paje/article/view/27047/14874,"Geopolymers are inorganic polymers projected as feasible alternatives to Portland cement due to their lower CO2 emissions and high mechanical properties. In recent times, however, their impact on other environmental indices such as abiotic depletion, freshwater toxicity, marine ecotoxicity, terrestrial ecotoxicity, acidification, and human toxicity has become questionable, thus the need to investigate alternative eco-friendly precursors and activators. This work aims to manufacture an eco-efficient geopolymer by utilising biomass ash leachate as an alternative to the conventional alkali silicate solution. The leachate was obtained by soaking the rice husk ash (RHA) in a 10 M concentration of NaOH solution and filtering to obtain a clear solution. The effects of the calcination temperature of the kaolin and the RHA content in the alkaline solution were investigated, and a factorial design of experiments was developed considering three levels of calcination temperature (700°C, 800°C, and 900°C) and five levels of RHA content (0 g, 5 g, 10 g, 15 g, and 20 g). Physical and mechanical tests were performed on the synthesised geopolymer pastes, and chemical analysis was performed using X-ray diffraction and X-ray spectroscopy. The impacts of replacing the synthetic alkali silicates with rice husk ash-based activators were compared. The results showed that the calcination temperature of the kaolin and the content of the RHA both contributed significantly to the flexural and compressive strength at the 0.01 level of significance. A compressive strength of 10.4 MPa was obtained for the MK915 binders, which showed a 100% increase from samples without RHA content. This research proves that utilising RHA-based activators in metakaolin-based geopolymers can be feasible for less critical applications where a very high compressive strength will not be required.",alkaline activators; biomass; geopolymers; leachates; rice husk ash,DOAJ
9b8935bddda34bd38514162b1447c463,Comparison between the Compressive Strength of Binary and Ternary Alkaline-activated Pozzolanic Concrete,M. O.  Adeshokan; C.  Arum,2023,Journal of Applied Sciences and Environmental Management,NG,10.4314/jasem.v27i4.15,https://www.ajol.info/index.php/jasem/article/view/247035,"
This research compared the compressive strength of binary and ternary alkaline-activated pozzolanic concrete. Rice husk ash (RHA) and Metakaolin (MK) combined partially with Ordinary Portland Cement (OPC) each are the binary concrete while the combination of rice husk ash and metakaolin (RHA/MK) combined partially with OPC is the ternary concrete. The OPC was replaced at 15% each with RHA, MK and RHA/MK in ratios 0.33 (X), 0.5 (Y) and 1.0 (Z) of sodium silicate (NS) to sodium hydroxide (NH) as activator. A mix design ratio of 1:2:4 and water-cement ratio of 0.65 with alkaline liquid to pozzolan of 0.30 was used in the process of the study. Physical properties of the constituent materials as well chemical analysis of pozzolans were determined. Slump and compacting factor tests were done on the freshly mixed concrete to determine their workability while compression test was performed on the hardened concrete cube samples of side 150mm to obtain the compressive strength. Curing was done for 7 and 28 days inside water tank. The result of the compression test showed that the compressive strength of the ternary concrete continuously increased as the sodium silicate to sodium hydroxide ratio increased. At the maturity age of 28days, the values of the compressive strength were 14.2 MPa, 17.5 MPa and 20.3 MPa for sodium silicate (NS) to sodium hydroxide (NH) ratios of 0.33, 0.5 and 1.0 respectively. These values are higher than the compressive strength for the binary concrete of RHA and MK taken separately for the same NS to NH ratios which at 28days curing age were 10.9 MPa, 14.8 MPa, 16.2 MPa for RHA and 14.0 MPa, 15.3 MPa, 18.2 MPa for MK. The result of the research can be used in the construction industry for normal concrete work as well as serve for effective waste disposal of agricultural waste products such as RHA and MK to reduce environmental pollution.
",rice husk ash;; metakaolin;; compressive strength;; pozzolanic concrete,DOAJ
9c90d726590a425d8ae307ffc4b2f139,Representativity of morphological measurements and 2-d shape descriptors on mineral admixtures,David Sinkhonde; Alladjo Rimbarngaye; Bassirou Kone; Trokon Cooper Herring,2022,Results in Engineering,NL,10.1016/j.rineng.2022.100368,http://www.sciencedirect.com/science/article/pii/S259012302200038X,"Using mineral admixtures has been proved to be significant for the production of cement-based composites. Burnt Clay Powder (BCP), Rice Husk Ash (RHA), Coconut Shell Ash (CSA) and Gum Arabic (GA) can be used as cement substitutes in cement-based composites whilst Cassava Starch (CS) can be used as an admixture in cement-based composites. Understanding shape parameters, microstructure and morphology of mineral admixtures and thus utilising them more efficiently for practical applications is critically required. Although research has been conducted to characterise mineral admixtures, limited studies have documented the combined Scanning Electron Microscopy (SEM) and image analysis. Thanks to image analysis-based methodology, it was possible to establish circularity (Circ), roundness (RD), solidity (SLD), axial ratio (AR), surface porosity (SP) and surface roughness (SR) of pozzolans and admixtures. This involved usage of SEM images of mineral admixtures to establish shape descriptors, porosity and surface roughness of mineral admixtures using image-based analysis and assessing the correlation and interdependence among the parameters. The mineral admixtures in this study were characterised by average values of solidity, roundness, circularity and axial ratio of greater than 0.7. Evaluation of correlation between roundness and circularity illustrated weak R2 values ranging from 0.30 to 0.40 for all mineral admixtures. The axial ratio also weakly correlated with solidity with a wider range of R2 values from 0.27 to 0.45. Importantly, the relationships were noticed to be significant in the interpretation of morphology and shape data.",Shape descriptors; Surface porosity; Scanning electron microscopy; Mineral admixtures; Morphology; Image analysis,DOAJ
a26f133f129f404b8a641fe107be2437,Mathematical model for prediction of compressive strength of ternary blended cement concrete utilizing gene expression programming,Stephen Adeyemi Alabi; Chinwuba Arum; Adekunle Philip Adewuyi; Roland Chinwuba Arum; Joseph Olasehinde Afolayan; Jeffrey Mahachi,2023,Scientific African,NL,10.1016/j.sciaf.2023.e01954,http://www.sciencedirect.com/science/article/pii/S246822762300409X,"In order to encourage the utilization of rice husk ash (RHA), ceramic waste powder (CWP) and glass waste powder (GWP) in their ternary combinations in the production of concrete as well as determine the variability in the resulting compressive strength (CS), the application of soft-computing algorithms is of great interest. Therefore, this study developed a predictive model using the Gene Expression Programming (GEP) technique. The predictive model was trained and developed using extensive and trustworthy data of the compressive strength of ternary blended cement concrete comprising four (4) input parameters, including the RHA, CWP, GWP, and curing day (CD). The model was developed based on 70 % training datasets, and the model's accuracy was checked using 15 % testing datasets; the model's outcomes were validated using 15 % experimental datasets. The performance of the developed model was further assessed by applying statistical checks, comparing regression models and sensitivity analysis. The R-values in the training, testing and validation phases of GEP models are 0.95, 0.93 and 0.89 respectively with an objective function (OF) of 0.04. Based on the optimum GEP model, a closed-form mathematical equation is presented, proving to have excellent adaptability, predictive ability and capability of accurately estimating the compressive strength of concrete made from ternary blended cement mixes. Therefore, the outcomes of this study can help the construction sector predict the properties of pozzolanic concrete and manage scarce resources.",Pozzolanic concrete; Ternary binders; Machine learning; Waste management; Prediction; Gene expression programming,DOAJ
a4165e7e5ac246b99dd658e28b5eeeea,Assessment of activity moduli and acidic resistance of slag-based geopolymer concrete incorporating pozzolan,Solomon Oyebisi; Anthony Ede; Festus Olutoge; David Olukanni,2020,Case Studies in Construction Materials,GB,10.1016/j.cscm.2020.e00394,http://www.sciencedirect.com/science/article/pii/S2214509520300668,"The environmental impact of Portland cement production and utilization in the construction sector has led to the global call for the use of eco-friendly construction materials for the production of cleaner and sustainable products. Therefore, this study explored agro-industrial wastes, slag and corncob ash, for the production of geopolymer concrete (GPC). Corncob was dehydroxylated at 600 °C for 3 h and partially used as a replacement for slag at 0%, 20 %, 40 %, 60 %, 80 %, and 100 %. A 12 M, 14 M, and 16 M of both sodium silicate (SS) and sodium hydroxide (SH) were used as activators. The chemical moduli of each and mixed binder were quantified and evaluated based on the major reactive oxides, hence leading to the evaluation of reactivity indexes (RIs). Moreover, the RIs and mix design properties (MDPs) of concrete were used for the prediction of flexural strength while the chemical resistance of each concrete sample was investigated. Compared with the experimental results, the predictive flexural strengths based on the RIs and the MDPs yielded a high precision with R2 ranging from 88–92 % at 7–90 days, respectively. Moreover, the GPC, unlike Portland cement concrete (PCC), resisted the more acidic attack. Therefore, the use of GGBFS−CCA blended concrete would be more advantageous in a highly acidic environment than PCC. Ultimately, the models proposed by this study can be useful in the concrete mix design procedure for the flexural strength development of GPC incorporating agro-industrial provided the oxide compositions of each and mixed material were obtained.",Pozzolan; Ground granulated blast furnace slag; Geopolymer concrete; Chemical composition; Alkaline solutions; Flexural strength,DOAJ
b078fd5eb6f64d33acb561b1151762ad,Improving soil silicon and selected fertility status for rice production through rice‑mill waste application in lowland sawah rice field of southeastern Nigeria,Benedict O. Unagwu; Benedict Onyebuchi Unagwu; Chukwuebuka Christopher Okolo; Charles Arinze Igwe; Toshiyuki Wakatsuki,2019,International Journal of Recycling of Organic Waste in Agriculture,GB,10.1007/s40093-019-00299-3,https://oiccpress.com/ijrowa/article/view/3324,"
Purpose Rice-mill wastes are generated in large amounts in Ishiagu, Ebonyi State, Nigeria. These wastes can potentially be utilized for rice production and in improving soil attributes. This study evaluated the effects of rice-mill wastes on soil chemical properties and rice yield in sawah rice management.
Method A sawah rice field in an inland valley of southeastern Nigeria was used in 2014 and 2015 cropping seasons for the study. Sawah refers to an Indo-Malaysian term for rice paddy. It involves the manipulation of some soil physical properties in form of ecological engineering works, by bunding, puddling and leveling of lowland rice field for water control and management. Two rice-mill wastes [rice husk ash (RHA) and rice husk dust (RHD) applied at 0, 2.5, 5, 7.5, 10 and 12.5 t ha−1] and the control were built into a split-plot in a randomized complete block design with three replications.
Results Bio-waste application had significant (p < 0.05) improved effects on the soil organic carbon, available P, soil available Si and total N compared with the unamended (control) treatment. There was significant (p < 0.05) increase in rice grain yield from 5.05 to 5.80 t ha−1 (for RHA) and 6.17–6.96 t/ha (for RHD) compared with 2.35–2.8 t ha−1 (control treatment) in both cropping seasons.
Conclusion RHD and RHA treatments had significantly higher rice grain yield compared with the control treatment. Overall, rice grain yield was higher under RHD treatment compared with RHA treatment. This result demonstrated that RHA and RHD are potential agricultural resource for rice production in the study area.
",Chemical Properties; Rice grain yield; Rice mill wastes; Sawah; Soil amendments,DOAJ
b0886900ea9a44cb8a222ff001f5b02c,Modelling of Heat Transfer Through Hollow Blocks Produced with Rice-Husk-Ash Blended Cement.,O. M. Kamiyo,2020,"Arid Zone Journal of Engineering, Technology and Environment",NG,,https://azojete.com.ng/index.php/azojete/article/view/336/239,"Hollow sandcrete blocks are widely used in many countries of the world. In recent years, cement content is being partially substituted by admixtures especially agricultural wastes. Modeling of heat transfer characteristics of these modified blocks is essential in order to predict their thermal performance. This study focuses on this modeling with the aid of a finite-volume based computer code. Specifically, for regular, two-cavity blocks produced with the cement partially substituted with rice husk ash (RHA). The result showed that as the percentage substitution of RHA increased, thermal gradient across the width of the block increased, while the rate of heat flow reduced. The second part of the study examined the effect of heat transfer through the air-gap as compared to a similar study regarding it as vacuum. The heat flow through the air-gaps of the building bricks affected the pattern of heat flow within the bricks, hence, they could not be regarded as a vacuum. The results of this study will be useful to building professionals in the choice of building blocks and proper estimation of air- conditioning load in buildings.",,DOAJ
b23e7c5b72364592832109c4cfa9d2b9,Durability performance of pervious concrete containing rice husk ash and calcium carbide: A response surface methodology approach,Musa Adamu; Kingsley Oyime Ayeni; Sadi Ibarahim Haruna; Yasser El-Husseini Ibrahim Mansour; Sani Haruna,2021,Case Studies in Construction Materials,GB,10.1016/j.cscm.2021.e00547,http://www.sciencedirect.com/science/article/pii/S2214509521000620,"Pervious concrete is a special type of concrete used for stormwater management due to its high porosity and permeability. However, the large pores in pervious concrete resulted to its low mechanical strength. Moreover, the emissions of greenhouse gases from Portland cement (PC) production are high and contribute to climate changes leading to climate change. Calcium carbide waste (CCW) and rice husk ash (RHA) were used as supplementary cementitious material to partially replace Portland cement by 5%, 10 %, 15 %, and 20 %. Response Surface Methodology was used to design the experiments and develop models for predicting the water absorption and permeability of PC. The properties of the developed pervious concrete like water permeability and water absorption were investigated. The most vital property of the pervious concrete is water-permeability. The result findings showed that both RHA and CCW have negative effect on the durability of PC, with RHA having the worst effect. The RSM models developed showed a high degree of correlation between the variables and the responses. The optimized variables which give the best durability performance was a combination of 0% RHA and 5% CCW having the following properties, water permeability between 0.96 cm/s and water absorption of 4.338 %. The developed models can be used for predicting the permeability and water absorption capacity of pervious concrete.",Pervious concrete; Rice husk ash; Calcium carbide; Permeability; Response surface methodology,DOAJ
b35ad61571f24355b5e3f60f7b5561a0,Mechanical and microstructural properties of high-performance concrete made with rice husk ash internally cured with superabsorbent polymers,David O. Nduka; Babatunde J. Olawuyi; Emmanuel O. Fagbenle; Belén G. Fonteboa,2022,Heliyon,GB,10.1016/j.heliyon.2022.e10502,http://www.sciencedirect.com/science/article/pii/S240584402201790X,"An experimental study was carried out to determine the properties of rice husk ash (RHA) and its effect on high-performance concrete's (HPC) mechanical and microstructural properties. RHA content was placed at 0–30% at 5% step intervals and a constant water-binder ratio (W/B) of 0.3. A slump flow test was carried out to measure the workability property of the fresh HPC. In contrast, the influence of RHA contents on compressive, splitting tensile, flexural strengths and microstructural properties were examined for the hardened HPC specimens. The X-ray fluorescence (XRF), scanning electron microscopy-energy dispersive x-ray (SEM-EDX), X-ray diffraction (XRD), Fourier-transform infrared spectroscopy-Attenuate total reflectance (FTIR-ATR), Thermogravimetry analysis (TGA), Brunauer, Emmett and Teller (BET) specific surface area and laser diffraction particle size distribution (PSD) were used to access the feasibility of RHA in HPC. XRD and SEM/EDX techniques were conducted to investigate the hydration products and microstructure in hardened HPCs. The post-test examination showed increased compressive, splitting tensile and flexural strengths of HPC samples for a 10% RHA content mix, recording the highest compressive strength in all curing ages. As the curing ages increase, the microstructure of the samples with RHA becomes denser than the control due to the refinement of the microstructure by the RHA incorporated. The XRD and SEM/EDX confirmed the lower calcium hydroxides from pozzolanic reactivity and later formation of C–S–H. The results suggest that RHA can be used as a cement replacement for up to 10% in HPC to produce sustainable concrete.",High-performance concrete; Rice husk ash; Superabsorbent polymers; Internal curing; Microstructure and mechanical properties,DOAJ
b8175dc7273545deb449dca0c7981ca3,Physicochemical Properties of Hydrated Portland Cement Blended with Rice Husk Ash,Joseph Mwiti Marangu; Cyprian Muturia M’thiruaine; Mark Bediako,2020,Journal of Chemistry,GB,10.1155/2020/5304745,http://dx.doi.org/10.1155/2020/5304745,"In the presence of significant quantities of carbon dioxide (CO2) and elevated temperatures in the atmosphere due to climate change, cement-based materials are susceptible to carbonation. Blended cements are more prone to carbonation attack than Portland cement. There is a need to evaluate the carbonation resistance of blended cements in a carbonation-prone environment. This paper presents experimental findings obtained from an evaluation of carbonation resistance tests on Rice Husk Ash- (RHA-) blended cement. The blended cement was made by intergrinding of Portland Cement (PC) and RHA to make the test cement (PC-RHA). The RHA dosage in the PC-RHA was varied from 0 to 30% by mass of PC. Pozzolanicity, standard consistency, and setting time tests were conducted on PC-RHA. Mortar prisms measuring 160 mm × 40 mm x 40 mm were separately cast at a water/cement ratio (w/c) of 0.50 and 0.60 and cured in water for 2, 7, 14, 28, and 90 days. Compressive strength tests were conducted on the mortar prisms at each of the testing ages. The prepared mortars were also subjected to accelerated carbonation tests in two Relative Humidity (RH) curing regimes, one maintained at an RH greater than 90% and the other between 50–60%. Carbonation resistance of the mixtures was evaluated in terms of the changes in carbonation depth using a phenolphthalein test at the age of 7, 14, 28, and 56 days of curing in a continuous flow of CO2. Compressive strength measurements were also taken during each of the carbonation testing ages. For comparison, similar tests were conducted using commercial PC. The results showed that PC-RHA was pozzolanic while PC was nonpozzolanic. Higher water demand and longer setting times were observed in PC-RHA than in PC. Moreover, there was increased strength development in water-cured samples with increased curing duration. Carbonation results indicated that there was a marked increase in carbonation depth with increased dosage of RHA in PC-RHA binders, increased duration of exposure to CO2, and decreased RH (RH between 50–60%). PC-RHA binders exhibited lower carbonation resistance than PC. In conclusion, for mortars at any w/c ratio, carbonation resistance decreased with increase in RHA dosage and increased w/c ratio.",,DOAJ
b8f4818a9b1e4a4db41b5f93fbe0148c,Phase change material infused recycled brick aggregate in 3D printed concrete,Heidi Christen; Seung Cho; Gideon van Zijl; Wibke de Villiers,2022,Heliyon,GB,10.1016/j.heliyon.2022.e11598,http://www.sciencedirect.com/science/article/pii/S2405844022028869,"In this paper the effects of the addition of a paraffin phase change material on the strength and printability of 3D printed concrete are studied. Phase change materials are latent heat storing materials, which garner and release large amounts of energy as they change phase. The addition of phase change materials to concrete produces a composite material with maximised latent and sensible heat storage capacity. Used in buildings, this composite material has the ability to minimise unwanted heat transfer across the building envelope.An existing mix design (RBA-3DPC), in which 64% of the natural aggregate in a 3D printable concrete (3DPC) had been replaced with recycled brick aggregate, is adjusted by adding phase change material to the pores of the recycled brick aggregate by vacuum impregnation, creating PCM-3DPC. Rheological characterisation tests are performed on reference mix designs (3DPC and RBA-3DPC) and the PCM-3DPC mix design, and used in a buildability model to validate the number of printable layers. Mechanical characterisation tests including cube strength tests, direct tensile tests and uniaxial compressive tests are performed on cast and printed specimens of the mix designs. There is no existing research on the effects of the combined addition of recycled brick aggregate and phase change material in 3D printed concrete.It is concluded that the PCM-3DPC has the highest number of printable layers predicted by the model and realised by a cylindrical column print and overall, PCM-3DPC has greater strength compared to RBA-3DPC, and lower strength compared to 3DPC. The PCM-3DPC exceeds the RBA-3DPC interlayer tensile strength by 6%, intralayer compressive strength by 43% and interlayer compressive strength by 9%, and subceeds the 3DPC interlayer tensile strength by 15% and interlayer compressive strength by 13%.",3D printed concrete; Additive manufacturing; Phase change material; Recycled brick aggregate; Rheological and mechanical characterization,DOAJ
ba0e1798e7b64456a33f206ddddc9e59,"Stabilization of Ikpayongu laterite using Cement, RHA and Carbide Waste Mixture for Road Subbase and Base Material",Sunday Azunna; Emmanuel Nwafor; Sylvester Ojobo,2020,Computational Engineering and Physical Modeling,IR,10.22115/cepm.2020.238161.1114,http://www.jcepm.com/article_115531_f3785075a4c20bc52db67f443b9cc14a.pdf,"This research work mainly focuses on stabilization of Ikpayongo laterite using cement blended with Rise Husk Ash (RHA) and Carbide Waste (CW) to promote its physical characteristics. The blending of cement with Rice Husk Ash (RHA) and carbide waste (CW) was done in proportion to determine the required proportion suitable for the stabilization of Ikpayongo laterite. Atterberg limit test, Compaction test, California Bearing Ratio (CBR) test, Specific Gravity, Unconfined Compressive Strength (UCS) test and Durability test were conducted on the laterite sample. The blend of cement with RHA and CW at interval of 0% to 10% displayed better results than the cement treated soil at some percentages. The result showed that at 2% and 10% cement content the MDD of the natural soil reduced from 2.015Mg/m3 to 1.917Mg/m3 and increased to 1.987Mg/m3 respectively, it also reduced to 1.870Mg/m3 when treated with 2% blend of 80% cement 10% RHA 10% CW and increased at 10% of the cement blend. The CBR value of the natural soil was gotten to be 9.66% but increased by 2% when treated with 100% cement. The blend of 80% Cement, 10% RHA and 10% CW yielded the most promising result as CBR value increased from 28% for the natural soil to 97.55% for stabilized soil while UCS increased from 1512.09KN/m2 to 1753.39KN/m2 by volume at 10% of the blends for 14 days cured sample. Based on the results, 80% Cement, 10% RHS and 10% CW is recommended for use in soil stabilization.",stabilization; laterite; cement; rice husk ash; carbide waste; soil,DOAJ
be0dd890fec2485587b4362a3703dec4,COMPARATIVE ANALYSIS OF THE STRENGTH OF CONCRETE MADE FROM SELECTED ADMIXTURES FOR USE IN RIGID PAVEMENTS,"ADERINLEWO, Olufikayo; OGUNSOLA, Moses; OYENIYI, Seun; ALAO, Ridwan",2024,Journal of Engineering Science (Chişinău),MD,https://doi.org/10.52326/jes.utm.2024.31(2).07,https://press.utm.md/index.php/jes/article/view/2024-31-2-07/07-pdf,"This study evaluates the influence of sawdust ash, glass powder and rice husk ash as  admixtures  for  partially  replacing  fine  aggregate  in  concrete  for  rigid  pavement  applications.  Compressive  strength  tests  were  conducted  at  5%,  10%,  15%,  and  20%  replacement levels. Rice husk ash achieved the highest compressive strength of 10.40 N/mm2at 10% replacement after 28 days, closest to the control. However, sawdust ash and glass powder  exhibited  reduced  strengths  as  replacement  levels  increased.  The  maximum  compressive  strength  obtained  did  not  meet  the  required  target  for  rigid  pavement  applications.",fine aggregates; compressive  strength; rice  husk  ash; control; sawdust  ash; glass  powder,DOAJ
c2905ceb02284ba3ad67e442b01e8492,Enhancement of Mechanical Properties of Unfired Clay Bricks Using Rice Husk Ash and Fibre Reinforcement,Kabiru MUSTAPHA; Oluwatosin Eunice EGBANUBI; Sikiru Ottan ABDULRAMAN; Suraju A. ADEPOJU,2025,Journal of Materials and Engineering Structures,DZ,,https://revue.ummto.dz/index.php/JMES/article/view/3684,"This study investigates the production of unfired clay bricks incorporating cement and rice husk ash (RHA) as a binder, with rice husk (RH) serving as fiber reinforcement. The need for eco-friendly building materials is critical, as cement production contributes 7-8% of global CO₂ emissions, and while fired clay bricks are stronger, their high production cost due to significant energy requirements makes them less sustainable. Providing lower-cost building materials can reduce rural-to-urban migration and make housing more affordable for low-income earners. RH fibers were added in varying volumes (0, 5, 10, 15, 20, and 25 vol%) while maintaining a constant RHA and cement content of 10 vol.%. The mixed clay bricks were dried for seven days and cured at room temperature (22°C to 28°C) for 21 days, totalling 28 days of curing. Mechanical properties, including compressive strength, flexural strength, and fracture toughness, were evaluated alongside the chemical composition and textural characteristics of the clay and RHA. Particle size distribution (PSD) analysis classified the clay as sandy clay with higher sand content, determined using sieve analysis and the hydrometer method. X-ray fluorescence (XRF) confirmed that the RHA met NIS/ASTM standards, with a minimum of 70% combined SiO₂, Al₂O₃, and Fe₂O₃, qualifying it as a pozzolanic material. Optimal mechanical performance was observed at 5% RH fiber content, with fibers 2-4 mm in length, achieving compressive strength of 7 MPa, flexural strength of 2.1 MPa, and fracture toughness of 2.15 MPa√m, while fiber content beyond 5% resulted in gradual declines, particularly significant after 20%. The study concludes that RH fiber-reinforced composites are suitable for lightweight, durable building materials, promoting environmental sustainability and improved performance.",rice husk ash (rha); fiber-reinforced composites; unfired clay bricks; mechanical properties,DOAJ
ca91caedbf6b45b28c85de56e2369672,MODELLING FRESH PROPERTIES OF SELF-COMPACTING CONCRETE (SCC) INCORPORATING CASSAVA PEEL ASH (CPA) ,M.T. Abdulwahab ; O.A.U. Uche,2021,"Platform, a Journal of Engineering",MY,,https://myjms.mohe.gov.my/index.php/paje/article/view/v5n3-2/8071,"Self-Compacting Concrete (SCC) is an innovative concrete that flows under its weight, completely filling formwork even in areas of congested reinforcement without the need for vibration to attain adequate compaction. To achieve the SCC, a lower content of aggregates and high content of Portland Cement (PC) are required, which in turn consumes a lot of energy and emits greenhouse gases like carbon dioxide (CO2) and Methane (CH4) to the atmosphere during the PC production. In this study, Cassava Peel Ash (CPA) was used as supplementary cementitious material to partially replace the PC by 5%, 10%, 15%, 20%, and 25%. Response Surface Methodology (RSM) was used to develop a predicting model for the compressive strength of CPA and SCC. This study investigates modeling the workability properties of SCC made with the CPA. The result findings showed that both slump flow and passing ability are affected with the addition of CPA when more than 15% of the cement content is replaced with CPA while the segregation resistance improves as the content of CPA increases. The utilization of CPA in SCC is optimized at 5% replacement of cement with CPA and 28 days of curing age to achieve a compressive strength of grade 35. The developed RSM model showed a high degree of relationship between the variables, responses and can be used to predict the compressive strength of the CPA and SCC accurately.",super-plasticizer; workability; slump flow; blocking ratio; segregation resistance; compressive strength,DOAJ
d32f83512bcc493a9c297332c21de511,Strength performance and life cycle assessment of high-volume low-grade kaolin clay pozzolan concrete: A Ghanaian scenario,Mark Bediako; Luca Valentini,2022,Case Studies in Construction Materials,GB,10.1016/j.cscm.2022.e01679,http://www.sciencedirect.com/science/article/pii/S2214509522008117,"Concrete, the highest consumed construction material in the world is known to be the third leading contributor to carbon dioxide and other greenhouse gas emissions (GHG) aside from energy generation and transportation. These GHGs are known to be the governor of global warming and climate change. Therefore, the United Nations has taken it vital work to reduce GHG emissions from around the globe. In this work, C30 class of concrete was produced with five different types of binders using replacement levels of cement at 0, 10, 20, 30, 40, and 50 wt%. The formulated concretes containing the pozzolans were compared with OPC concretes in terms of strength performance and total carbon dioxide emissions. The results of the study revealed that concrete containing up to 50% pozzolan meets the C30 concrete grade even at late age curing of 90 days. In terms of carbon emissions, pozzolan concrete proved to be a means of decarbonizing traditional concrete. The OPC concrete recorded the highest carbon emission value of approximately 511 kg CO2eq. whereas the 50% pozzolan concrete recorded the least carbon dioxide emission value of approximately 335 kg CO2eq. The study recommends the utilization of the pozzolan as a cost-effective means to decarbonize regional concretes for enhanced global sustainability",Concrete; Clay pozzolan; Carbon emissions; Chloride penetration,DOAJ
d4590ee4bad2454c850e119e28cc41c2,Prediction of Fresh and Hardened Properties of Concrete Containing Nanostructured Cassava Peel Ash Using Ibearugbulem's Approach,Chidobere Nwa-David; David Onwuka; Fidelis Njoku; Owus Ibearugbulem,2023,Engineering and Technology Journal,IQ,10.30684/etj.2023.138099.1374,https://etj.uotechnology.edu.iq/article_178229_a8a3b86d3dbddbf6bf19faf70b493f78.pdf,"Statistical methods such as Scheffe’s and Osadebe’s models are commonly employed for the optimization of concrete properties. Despite their prediction suitability, attention is drawn to their drawback. Ibearugbulem’s model has been developed to address these shortcomings. In this study, Ibearugbulem’s optimization method was employed to formulate a mathematical model for prediction and strength-optimization of nanostructured cassava peel ash (NCPA)-cement composite. The variation of 28 days compressive strength and initial and final setting time of NCPA-concrete was evaluated. Based on the establishment of a spatial domain for each concrete mixture variable, the response function is expressed as a multivariable function for the proportions of the constituent materials. Applying the variational approach, the response function was developed within the specified spatial domain and was optimized. There were 51 observation points. Twenty-six observation points were used to formulate the model and the remaining twenty-five points were used to test the adequacy of the formulated model. The observation points on the odd serial number are the ones selected for the formulation of the model. The ones on the even serial numbers are the ones used for testing the adequacy of the model. Fisher’s statistical tool was used in the analysis and the calculated value of fisher of 1.11 was lower than the fisher value of 1.94 derived from the statistical f-distribution table. This result proved that there was no significant difference between the laboratory compressive strength values and the modeled strength values at a 95% confidence level. This shows that the formulated model is reliable, safe, and recommended for concrete production.",compressive strength; mix ratio; nanostructured cassava peel ash; optimization model; setting time,DOAJ
d655ce76bdc749a3903337f3cb7b6e82,"Performance Evaluation of Rice Husk Ash as Partial Replacement of Cement in Concrete in a Marine Environment at Escravos River, Niger Delta Area, Nigeria",S. I. Vincent-Uzogbe; R. O. Ogirigbo,2023,Journal of Applied Sciences and Environmental Management,NG,10.4314/jasem.v27i9.16,https://www.ajol.info/index.php/jasem/article/view/256240,"
Cement has proven to cause environmental problems during its production and to be a relatively high-cost material in concrete production. Environmentally friendly, alternative binders like Rice Husk Ash (RHA) have recently been brought to bear. Therefore, the objective of this paper is to evaluate the performance of RHA (under controlled temperature and burning time) as a partial (10% and 20%) replacement of cement in concrete in a marine environment at Escravos River, Niger Delta Area, Nigeria. Concrete samples prepared with the 10% and 20% RHA in the laboratory were exposed to brackish water samples from the Escravos River, at 3 days, 7 days, 28 days and 90 days and the results compared with that of PLC concrete cast. Data obtained show that the workability of fresh concrete reduced with increase in RHA and further reduced, mixing with salt water. RHA contributed positively to the setting time of the concrete as it increased the initial setting time and reduced final setting time. 10%RHA concrete performed best under all conditions, with about 10% increase in strength. Further increase led to a slight decline in strength. As the amount of RHA increased, the ability of the concrete to resist chloride penetration, increased, with lesser average penetration depth. 10%RHA concrete showed the strongest rebar-concrete bond. 10% RHA is optimum for partial replacement of cement in concrete in marine environment, as it enhances the performance of the concrete.
",Compressive Strength;; Marine Environment;; Rice Husk Ash;; Setting time;; Chloride Penetration,DOAJ
da177634dc814996a8d470e924d7266b,Performance Assessment of Mechanical and Durability Properties of Cupola Slag Geopolymer Concrete with Fly and Rice Husk Ashes,Stephen Adeyemi Alabi; Jeffrey Mahachi,2022,Nigerian Journal of Technological Development,NG,,https://journal.njtd.com.ng/index.php/njtd/article/view/786,"Research into substituting recycled materials for cement and aggregates can yield beneficial natural resource conservation, waste management, cost savings, and reduced embodied energy in concrete. Hence, this research investigates the potential adoption of coal fly ash (CFA) and rice husk ash (RHA) as geopolymer binders to partially substitute cement in varying proportions up to 25%. However, cupola furnace slag (CFS) was also used as a partial substitute of crushed granite from 0% to 35% in steps of 5% in the production of geopolymer concrete (GPC). The selected geopolymer binders were synthesized using an alkaline solution. Workability, compressive strength, and rapid chloride penetration tests on fresh and hardened normal concrete (NC) as control and GPC containing CFS were evaluated at different water-binder ratios. The findings revealed that integrating 15%CFA, 20%RHA, and 30%CFS with w/b of 0.50 and 0.65 improved the workability by 180% and 105.7%, respectively, but compressive strength is significantly reduced. The findings further showed that combining 75%OPC, 20%CFA, 5%RHA, 100%RS, 20%CFS, and 80%CG results in optimal compressive strength of 19.68 N/mm2 and, 21.49 N/mm2 at 28 days and 56 days with w/b of 0.50, respectively, as contrasted to the lowest possible strength requirement. The Rapid Migration Test (RMT) was used to determine the chloride ions permeability in various concrete mixes. The results show that GPC produced with the combination of 15%CFA, 20%RHA 65%OPC, 30%CFS, and 70%CG with w/b of 0.65 is more durable and has higher chloride ion penetration resistance than most other mix proportions.",chloride ion; compressive strength; cupola furnace slag; geopolymer concrete; pozzolans,DOAJ
db55f09d72ca4aaea7496774e5811a00,An Evaluation of the Compressive Strength of Nanosilicate Hollow Crete Blocks,Juliana N. Tyoden; Adamu Lawan; Sp Ejeh,2023,Engineering Proceedings,CH,10.3390/ASEC2023-15316,https://www.mdpi.com/2673-4591/56/1/40,"The need for significant infrastructure development in Nigeria; the high demand for cement; the challenges associated with the disposal of agricultural waste; and—most significantly—the emission of CO<sub>2</sub> associated with cement production and use, which has a negative impact on the environment, have created opportunities for research in the construction sector. The urgent need for researchers to explore substitute materials that may sustainably replace cement in the construction sector has also been prompted by the necessity to manage Nigeria’s natural resources. This paper investigates the properties of hollow blocks produced by replacing cement with nanosilica produced from rice husk waste at 1%, 2%, 3%, 4%, and 5% in order to assess the impact on the hollow block’s strength. The hollow blocks have four mixes: cement-to-sand ratios of 1:4, 1:6, 1:8, and 1:10 for different curing durations (1, 3, 7, 14, 28, and 56 days by spraying water). The results from the findings showed that the nanosilica produced from rice husk ash and used in this study are a good reactive pozzolana with particle sizes in the range of 1–49 nm, with majority of the particles within 1–7 nm. Hollow blocks produced at 1, 2, 3, 4, and 5% replacement by weight of cement (nanosilica-crete) proved stronger than hollow blocks produced at 0% cement replacement (conventional sandcrete), with an optimal nanosilica percentage replacement of 3% by weight of cement.",nanosilica; nanosilica-crete; cement; rice husk ash; compressive strength,DOAJ
dbd0948ab28a471c9b3097f1e4455cf9,Synergistic effect of cattle bone and rice husk ash on mechanical and microstructural properties of cement mortar,Bahiru Bewket Mitikie; Teshome Anteneh Wubetie; Walied A. Elsaigh,2025,Scientific Reports,GB,10.1038/s41598-025-15025-5,https://doi.org/10.1038/s41598-025-15025-5,"Abstract The production of cement is growing every year due to its higher consumption in the construction industries. Several studies have been carried out that focus on the possibility of alternative cementing materials such as Industrial and agricultural wastes. Rice husk is one of such agricultural residues and cattle bone is animal waste that are available but didn’t get much attention as alternative cementing material. This study aimed to investigate the effect of partial replacement of cement by combining cattle bone ash and rice husk ash mix in cement mortar at 0%, 5% 10% 15% and 20% by volume of cement. The workability test, compressive strength, Ultrasonic Pulse Velocity, water absorption, and sulfate attack tests were conducted for different curing ages (3, 7, 28, 56, and 90 day). In addition, the morphology scanning electron microscopy (SEM), thermogravimetric analysis (TGA), differential thermal analysis (DTA), fourier transform infrared spectroscopy (FTIR) and Brunauer–Emmett–Teller (BET) surface area test, complete silicate analysis test was conducted. Compressive strength increases with an increment of from 0 to 10% replacement at 28 days of curing from 31.5 to 45.9 MPa and slightly decreased beyond 15–20% replacement with 39.9 MPa and 30.6 MPa. The result revealed that the mechanical performance of mortar indicated enhancement of calcium silicate hydrate gel, thus reduce the porosity of cement matric. Under scanning Electron Microscopy (SEM) image, mortar sample possessed a dense matrix with a widespread presence of calcium silicate hydrate (C–S–H) gels.",Mechanical properties; Bone ash; Rice husk ash; Durability; Microstructure,DOAJ
dbf1ecb8df14485aa1f93b68d9ae1572,Recycling palm oil wastes for the production of a pozzolanic cement replacement material for concrete,Ahouefa Reine Katte; John Mwero; Mohamed Gibigaye; David Otieno Koteng,2023,Results in Engineering,NL,10.1016/j.rineng.2023.100903,http://www.sciencedirect.com/science/article/pii/S2590123023000300,"The palm oil industry produces wastes that are harmful to the environment but can be managed. The empty fruit bunch (EFB) and oil palm mesocarp fibres (OPMF) are used as combustibles in Africa. This research focused on identifying the chemical and physical characteristics of EFB and OPMF ashes in order to develop the richest possible pozzolanic composite for use as cement replacement material (CRM). The effects of calcination temperatures and duration were studied for the different ashes. A suitable combination of the two ashes was determined, and its effects on the properties of fresh cement paste were studied. The results showed that a rich pozzolana meeting the established requirement of ASTM C618-19 class N pozzolan can be obtained by combining OPMF and EFB in a ratio of 80/20. Furthermore, it was found that the reactivity of the ashes could be improved by grinding these ashes to reduce their particle sizes.",Empty fruit bunch; Oil palm mesocarp fibres; Palm oil waste ash; Pozzolan; Chemical composition,DOAJ
e7a1301737494f50ba6e6c94d0f794c0,Recycling of waste papers: yield and quality of the ash-derived materials,Ubong Robert; Sunday Etuk; Okechukwu Agbasi; Prosperity Ambrose; Rowland Adewumi,2024,Engineering and Technology Journal,IQ,10.30684/etj.2024.146884.1695,https://etj.uotechnology.edu.iq/article_183078_a215a37525157428fb1921acb0f9ebd2.pdf,"This research was designed to assess the yield and quality of ash prepared from different types of waste papers. Waste newspapers, writing papers, and cartons were selected for combustion to obtain the ashes and coded as WNPA, WWPA, and WCPA, respectively. The waste papers were incinerated simultaneously in separate but identical incinerators at 850 ℃. An experiment on the yield of the ashes was performed on two days before the ashes obtained were mixed based on the type of waste papers from which they were derived. The results showed that irrespective of the day and time, the WCPA was the most yielded (14.1%), followed by the WWPA (12.3%), and then the WNPA (11.9%). Also, it was found that all the ashes possessed flow properties acceptable for engineering applications. However, the WCPA would ensure the best performance if applied, especially as a partial replacement material for cement. While the WWPA was found to be richer than the WNPA, the WCPA was the richest in terms of the proportions of key oxides for strength development. In general, the percentages of various chemical components of each ash complied with the standard specifications for cement except in the case of losses on ignition of the WNPA and WWPA, which were about 0.53% and 0.02%, respectively, beyond the maximum stipulated value.",waste paper ashes; flowability; chemical composition; pozzolan,DOAJ
f17de14735204328b9f5765b19c08c88,Kaolin-Metakaolin Crystallographic Transformation and the Durability of Metakaolin-Based Geopolymer Concrete,Samson Adeosun; Yetunde Abiodun,2023,The Egyptian International Journal of Engineering Sciences and Technology,EG,10.21608/eijest.2022.136365.1154,https://eijest.journals.ekb.eg/article_248812_682df804fd348844cb1630790a7c0a59.pdf,"The quest to reduce and eliminate the resultant health hazards posed by the continued use of cement in structural works has led to the emergence of metakaolin-based geopolymer as a viable alternative to cement. Kaolin was explored as a material for metakaolin production from four Nigerian deposits: Imeko, Okpela, Ifon and Isan-Ekiti. Metakaolin was obtained by calcining kaolin samples at temperatures ranging from 500°C to 1000°C for 30, 60, 120, and 180 minutes at an interval of 100°C. ImageJ software was used to measure the area of particles present in each sample micrograph obtained from Scanning electron microscopy. The metakaolin samples were also subjected to atomic absorption spectroscopy and X-ray diffraction examinations. Metakaolin samples were classed as class N pozzolan and X-ray diffraction spectroscopy revealed the presence of amorphous silica in metakaolin and distinct crystal systems were detected using a crystallography test on the samples. The chloride permeability test according to ASTM C1202 indicated that Metakaolin-based geopolymer concrete (Mk-GPC) showed a significant decrease in the charges passing through at 28 days when compared to 90 days. This trend was similar to the result obtained from OPC-concrete when charges were passed through the samples. This shows that both Mk-GPC and OPC-concrete can be considered acceptable for the protection of embedded steel reinforcement from corrosion in real-life construction works as they have good resistance to chloride permeability. According to this research finding, metakaolin-based geopolymer could be used as a sustainable alternative to cement in Nigeria.",Calcination; Crystallography; Durability; Geopolymer; Metakaolin,DOAJ
f259436d8b20469dbc8cf32ba07732b0,Permeability properties of lightweight self-consolidating concrete made with coconut shell aggregate,Murthi Palanisamy; Poongodi Kolandasamy; Paul Awoyera; Ravindran Gobinath; Sivaraja Muthusamy; Thirumalai Raja Krishnasamy; Amelec Viloria,2020,Journal of Materials Research and Technology,NL,10.1016/j.jmrt.2020.01.092,http://www.sciencedirect.com/science/article/pii/S2238785419320356,"Liquid substance intrusion into concrete is one of the issues that gradually damage its physical and structural integrity. The permeability properties of lightweight self-consolidating concrete containing coconut shell aggregate was investigated in this study. A partial replacement of crushed rock (granite) with coconut shell from 0 to 100% in step of 25% was considered for the mixtures. Rice husk ash (RHA) and Silica fume (SF) were considered for developing binary and ternary blended self-consolidating concrete with total powder content of 450 kg/m3 and 550 kg/m3. The testing of concrete involved the saturated water absorption, sorptivity and chloride ingress, which were used to examine the permeability properties of the concrete developed. The laboratory investigations showed encouraging results with better performance up to 75% replacement of crushed granite with coconut shell aggregate.",Self consolidating concrete; Coconut shell; Light weight concrete; Permeability; Silica fume,DOAJ
f2d3e4d91c00476eb75412479ae8613d,Optimising the Workability and Strength of Concrete Modified with Anacardium Occidentale Nutshell Ash,Solomon Oyebisi; Anthony Ede; Hilary Owamah; Tobit Igba; Oluwaseun Mark; Abimbola Odetoyan,2021,Fibers,CH,10.3390/fib9070041,https://www.mdpi.com/2079-6439/9/7/41,"Strength failure persists both in structural and mechanical analysis. One of its prominent characteristics is the adequate provision for parameters that minimise or maximise strength objectives while satisfying boundary conditions. The previous optimisation of concrete strength usually neglects mix design mechanisms induced by optimisation. Recent efforts to accurately optimise the concrete compressive strength have factored in some of these mechanisms. However, optimising concrete strength modified with high silica and alumina precursors, and crucial mix design factors are rare. Consequently, this paper optimised the concrete workability and strength, incorporating binding, water/binder ratio, binder/aggregate ratio, and curing mechanisms using the Box–Behnken design approach (BBDA). A waste material, anacardium occidentale (cashew) nutshell ash, was valorised and used at 5, 10, and 15 wt.% of cement. The composites were made, cured and tested at 14–90 d. The results revealed a high precision between the experimental slump and the optimisation slump at 97% R<sup>2</sup>. In addition, a 5% increase in compressive strength was obtained compared with the target compressive strength. Besides, the correlation between the model equation obtained from this study and predictions of previous studies via BBDA yielded a strong relationship.",cement; natural pozzolan; composite materials; compressive strength; workability; optimisation,DOAJ
f3b198d75b1f4f50b8e4b77b759a1c62,Investigation on thermal properties of rice husk ash-blended palm kernel shell concrete,A.A. RAHEEM; K.O. ORIOLA; M.A. KAREEM; R. ABDULWAHAB,2021,Environmental Challenges,NL,10.1016/j.envc.2021.100284,http://www.sciencedirect.com/science/article/pii/S2667010021002638,"The contribution of buildings to climate change as a result of energy consumption and greenhouse gas emissions necessitates the use of agro-industrial by-products as alternative construction materials. The present study examines the thermal properties of Rice husk ash-blended Palm Kernel Shell Concrete (RHA-blended PKSC). Three control concrete mixes with mix ratios of 1:1½:3, 1:2:4 and 1:3:6 using water-to-cement (w/c) ratios of 0.5, 0.6 and 0.7, respectively were made with cement, river sand and granite. For each mix ratio with the respective w/c ratio, five concrete mixes containing RHA fixed at 15% as replacement for cement and PKS at 20, 40, 60, 80 and 100% as replacement for crushed granite were produced. The oven-dry density, compressive strength and thermal properties (thermal conductivity, thermal diffusivity, volumetric heat capacity and thermal resistivity) were determined. The results showed that the oven-dry density and compressive strength of concrete declined with increasing PKS content. Nevertheless, the compressive strength increased with curing age and the gain in strength of RHA-blended PKSC were higher than the control at the later age. The thermal conductivity and diffusivity decreased with increasing PKS contents but increase with curing age while volumetric heat capacity and thermal resistivity increased as PKS content increases but decreased with curing age. In addition, concrete with 1:3:6 mix ratio exhibited the lowest thermal conductivity and diffusivity but higher volumetric heat capacity and thermal resistivity than those with 1:1½:3, 1:2:4 mix ratios. RHA-blended PKSC with 40% PKS and 15% RHA for 1:1½:3 mix ratio attained the compressive strength and thermal conductivity values recommended for lightweight aggregate concrete which is suitable for structural and insulation purposes. It was concluded that the combined use of PKS and RHA as raw materials in concrete is effective in improving concrete's thermal and insulation properties.",Concrete; Oven-dried density; Palm kernel shell; Rice husk ash; Thermal conductivity; Thermal diffusivity,DOAJ
f611061e1f254825b4659a544af9d4a7,SUSTAINABLE OKRA (ABELMOSCHUS ESCULENTUS L.) PRODUCTIVITY AS INFLUENCED BY FORTIFICATION OF GOAT MANURE WITH RICE HUSK ASH IN NORTHERN GUINEA SAVANNA ECOLOGY OF NIGERIA,Emmanuel Abraham SHITTU; Moses Samuel BASSEY,2023,Journal of Plant Development,RO,10.47743/jpd.2023.30.1.929,https://plant-journal.uaic.ro/docs/2023/8.htm,"To assess the agronomic effects of sustainable okra production as impacted by goat manure (GM) and rice husk ash (RHA) on a community-based demonstration farm in Gombe State, field trials were carried out during the wet seasons of 2017 and 2018. The trails consisted of four levels of GM and RHA, each measuring 0.0, 5.0, 7.5, and 10.0 t ha-1 which were used on Kwadon's local cultivar of okra in a Randomized complete block design (RCBD) replicated four times. Findings revealed that days to 50% emergence and establishment count were not significantly (P>0.05) influenced by the application of GM and RHA, regardless of rates of application. Other growth-related indices were significantly (P<0.05) higher due to GM, such as plant height at 4, 5, and 6 WAS, number of leaves plant-1 at 4 WAS, and pod diameter. On the other hand, RHA significantly (P<0.05) increased plant height, the number of leaves plant-1 at 5 and 6 WAS, leaf area, shortened days to 50% flowering, and the number of pods plant-1 across the sampling periods and seasons. Similar to this, due to adequate mineralization of organic material through time and space, fresh okra's marketable weight increased in the 2018 season compared to the previous year. Thus, the application of 10.0 t ha-1 of both GM and RHA can be adopted in the production of okra in the study area to reduce greenhouse gas emissions resulting from the use of inorganic agrochemical inputs.",fortification; goat manure; growth; okra; rice husk ash; yield characters.,DOAJ
f894025d2f8b401a9cf0bf31f7540d87,A review on the structural performance of sustainable composite construction materials incorporating locust bean and mango wastes,Abiodun Joseph Kilani; Bolanle Deborah Ikotun; Rasheed Abdulwahab; Ademilade Olubambi,2025,Discover Applied Sciences,CH,10.1007/s42452-025-07591-0,https://doi.org/10.1007/s42452-025-07591-0,"Abstract The huge emission of carbon dioxide (CO2) and other greenhouse gases (GHGs) from cement industries yearly contribute to the high rate of global warming. Also, the wrong disposal of agricultural residues such as locust bean and mango waste (MW and LBW) has resulted in tremendous environmental problems such as air pollution and compromising available land for useful purposes. This study presents the reinforcing potential of LBW and MW in concrete through the review of previous research. The review shows that LBW and MW are rich in pozzolans up to 77.31 and 78.815%. The incorporation of 30% pod ash (PA) obtained from LBW in concrete accelerates the final and initial setting times of the concrete by 39.7 and 66.8% while 50% of Mango Seed Ash (MSA) increased the concrete’s water absorption by 11.1%. In addition, 0–25% of LBW and MW is good for the production of light—normal weight concrete with density range value of 1596–2567.41 kg/m3. Furthermore, the concrete’s compressive strengths drastically reduced by 10–84% and 2.17–13.04% at incorporation of 5–50% of LBW ash and 2–8% of mango leave ash (MLA) respectively. Also, the incorporation of 10% of LBPA and 2–8% of MLA reduced the concrete’s flexural strengths by 4.6% and 4.31–14.061% respectively. The incorporation of 6% MLA and 10% LBPA increased the tensile strength of mortar by 9.36 and 2.79%, respectively. In another context, blending eggshells with LBPA and incorporation of Mango seed fibre (MSF) increased the flexural strength of LBPA and modulus of elasticity of MSF in concrete and composite by 4.68 and 36% respectively. Therefore, it can be concluded that LBW and MW poorly reinforced the structural properties of concrete. It is recommended to blend the two wastes with other pozzolan—rich materials such as eggshell to improve their performance in concrete. This is required for future research and industrial practice.",Locust bean waste; Mango waste; Mechanical properties; Reinforcement; Concrete’s strengths,DOAJ
fbbf6e3e89134c6d8a3adb193edce5bc,Understanding the impacts of binary additives on the mechanical and morphological response of ameliorated soil for road infrastructures,Imoh Christopher Attah; Roland Kufre Etim; David Ufot Ekpo; Kennedy Chibuzor Onyelowe,2024,Journal of King Saud University: Engineering Sciences,CH,10.1016/j.jksues.2021.12.001,http://www.sciencedirect.com/science/article/pii/S1018363921001720,"In an attempt to promote a cleaner environment, the deployment of waste materials in soil amendment protocols has been a major concern for civil engineers. Recent discoveries in the study of soil mechanics have revealed the pozzolanic tendencies demonstrated by these waste materials, which are beneficial in the development of road infrastructure. This has necessitated the need for this research to document the impacts of exploring the usage of combined solid waste derivatives in ameliorating the geotechnical parameters of deficient soil. The current stabilization exercise was geared towards the improvement of the mechanical properties of soil and surpassing the detrimental tendencies especially caused by seasonal variations. Moving forward, the microstructural response of the unaltered and additive ameliorated soil was investigated via qualitative means such as scanning electron microscopy (SEM) and Fourier transform infrared (FTIR) spectroscopy. The additives including cement kiln dust (CKD) and rice husk ash (RHA), were added by air-dried weight of the soil and compacted based on the standards of British Standard Light (BSL), West African Standard (WAS) and British Standard Heavy (BSH). With regard to the compaction exercise, the incorporation of these additive materials into the soil facilitated a gradual increase in the maximum dry density (MDDs) followed by a decrease in the optimum moisture contents (OMCs). In view of these research findings, soil treatment studies facilitated a substantial upsurge in the strength (California bearing ratio (CBR) and unconfined compressive strength (UCS)) values of the ameliorated soil, in agreement with the requirements of Nigeria's general specification for all compactive efforts. Finally, the usefulness and efficacy of combining these wastes in deficient soil treatment were validated qualitatively via the SEM and FTIR strategies. The results of the SEM analysis revealed some disparities between the unaltered and altered soil specimens, providing insights into the direction of calcite formation in the additive-treated soil.",Cement kiln dust; Compaction energies; Soil treatment; Strength response; Micro-structural arrangement; Fourier transformation Infrared band,DOAJ
fdbcaa7a56a64124bd2bc3fb442dca7e,"Structural, chemical, and mechanical properties of concrete developed from a binder composite of sugarcane bagasse ash and Portland cement",Michael Evans Nzugua; Emma Panzi Mukhokosi; Sam Obwoya Kinyera,2025,Discover Materials,CH,10.1007/s43939-025-00235-5,https://doi.org/10.1007/s43939-025-00235-5,"Abstract The East Africa Community (EAC) countries have immense sugarcane cane bagasse ash (SCBA) which remains unexploited as a supplementary-cementitious material (SCM). This study delved into using EAC SCBA as a pozzolan. SCBA investigated was collected from Kenya’s coastal area. Raw SCBA, processed SCBA, Portland cement (PC) and the developed concrete were characterised by various techniques to determine the surface morphology, chemical composition, structural properties and mineralogical composition. The raw SCBA was calcined at 600 °C then used to design the concrete mix. PC was replaced with SCBA from 0 to 30% in steps of 10%. The flexural and compressive strengths were determined in the hardened state after 28 days of concrete curing. The compressive and flexural strengths of the mix containing 20% SCBA were higher than the control mix by 9.65 and 6.51%, respectively. The microstructural properties of the developed concrete revealed dense particle distribution, indicating good micro/nanofiller effects of the interfacial transition zone (ITZ). The processed SCBA was found to meet class N and F of natural pozzolan as per ASTM C 618. This study suggests that the Kenya coastal SCBA can be used as a supplementary cementitious material.",Sugarcane bagasse ash; SEM; XRD; Supplementary cementitious materials; Pozzolans; Sustainable concrete,DOAJ
